{"type":"FeatureCollection","attribution":"© OpenStreetMap contributors (ODbL 1.0)","source":"OpenStreetMap API","fetched":"2026-10-02","bbox":[-122.7192,42.1928,-122.7066,42.2016],"features":[{"type":"Feature","properties":{"id":"way/4704377","name":"Ashland Creek","waterway":"stream","width":"2","wikidata":"Q14708747"},"geometry":{"type":"LineString","coordinates":[[-122.716736,42.180765],[-122.716899,42.181149],[-122.717242,42.181299],[-122.717354,42.181585],[-122.717817,42.18189],[-122.718169,42.182208],[-122.718941,42.182431],[-122.719113,42.182774],[-122.718683,42.182901],[-122.718203,42.183041],[-122.717992,42.18318],[-122.717594,42.18348],[-122.717471,42.183647],[-122.717348,42.18381],[-122.717216,42.183989],[-122.717241,42.184399],[-122.717011,42.184591],[-122.71678,42.184838],[-122.716723,42.185093],[-122.71682,42.185209],[-122.716992,42.185357],[-122.717069,42.185628],[-122.716971,42.18592],[-122.716759,42.186255],[-122.716603,42.186426],[-122.716484,42.186557],[-122.716724,42.186691],[-122.716925,42.186884],[-122.717207,42.187084],[-122.717436,42.187286],[-122.717659,42.187606],[-122.717769,42.187914],[-122.717659,42.188689],[-122.717586,42.188897],[-122.717585,42.189087],[-122.717724,42.189298],[-122.717891,42.189437],[-122.71794,42.189675],[-122.717593,42.190337],[-122.717522,42.19102],[-122.717494,42.191555],[-122.717745,42.192598],[-122.717688,42.193069],[-122.7176,42.193292],[-122.71669,42.194637],[-122.71661,42.194787],[-122.716503,42.195126],[-122.716414,42.195541],[-122.716209,42.196415],[-122.716262,42.196561],[-122.716308,42.196684],[-122.716353,42.196794],[-122.716326,42.197144],[-122.71623,42.197471],[-122.716212,42.197528],[-122.71619,42.197615],[-122.716128,42.19782],[-122.715878,42.197997]]}},{"type":"Feature","properties":{"id":"way/5156434","highway":"residential","name":"Church Street","tiger:cfcc":"A41","tiger:name_base":"Church","tiger:name_type":"St","tiger:reviewed":"no"},"geometry":{"type":"LineString","coordinates":[[-122.72081,42.196579],[-122.720754,42.196604],[-122.720392,42.196763],[-122.719104,42.197323],[-122.717539,42.198028],[-122.71669,42.198394],[-122.716258,42.198574],[-122.716177,42.198606]]}},{"type":"Feature","properties":{"id":"way/5156470","highway":"residential","name":"South Laurel Street","tiger:cfcc":"A41","tiger:name_base":"Laurel","tiger:name_direction_prefix":"S","tiger:name_type":"St","tiger:reviewed":"no"},"geometry":{"type":"LineString","coordinates":[[-122.720819,42.199718],[-122.719512,42.200288],[-122.718202,42.200886],[-122.718107,42.200931]]}},{"type":"Feature","properties":{"id":"way/5157048","highway":"residential","name":"Helman Street","oneway":"yes"},"geometry":{"type":"LineString","coordinates":[[-122.716377,42.199043],[-122.716388,42.19901],[-122.716391,42.198939],[-122.716365,42.198827]]}},{"type":"Feature","properties":{"id":"way/5157158","highway":"unclassified","name":"North 1st Street"},"geometry":{"type":"LineString","coordinates":[[-122.712405,42.195903],[-122.712354,42.195992],[-122.712075,42.196289],[-122.711819,42.196571],[-122.711775,42.19664]]}},{"type":"Feature","properties":{"id":"way/5157697","highway":"residential","name":"South 2nd Street","tiger:cfcc":"A41","tiger:name_base":"2nd","tiger:name_direction_prefix":"S","tiger:name_type":"St","tiger:reviewed":"no"},"geometry":{"type":"LineString","coordinates":[[-122.712078,42.194453],[-122.711672,42.194892],[-122.71163,42.194937],[-122.711349,42.195235],[-122.711306,42.195257],[-122.711241,42.195276]]}},{"type":"Feature","properties":{"id":"way/5157857","highway":"tertiary","name":"North 3rd Street"},"geometry":{"type":"LineString","coordinates":[[-122.710068,42.194586],[-122.709974,42.194671],[-122.709945,42.194708],[-122.709931,42.194741],[-122.709775,42.19515],[-122.709747,42.195227]]}},{"type":"Feature","properties":{"id":"way/5158779","alt_name":"Rouge Valley Highway #63","cycleway:right":"lane","highway":"primary","lanes":"2","maxspeed":"20 mph","name":"Lithia Way","old_ref":"US 99","oneway":"yes","operator":"Oregon Department of Transportation","ref":"OR 99","surface":"asphalt"},"geometry":{"type":"LineString","coordinates":[[-122.709747,42.195227],[-122.709804,42.195311],[-122.709822,42.195338],[-122.709994,42.195566],[-122.710096,42.195699],[-122.710146,42.195757],[-122.710223,42.195846],[-122.710283,42.195905],[-122.710367,42.19598],[-122.710456,42.196053],[-122.710642,42.196182],[-122.710771,42.196265]]}},{"type":"Feature","properties":{"id":"way/5159602","highway":"unclassified","name":"Oak Street"},"geometry":{"type":"LineString","coordinates":[[-122.714565,42.197079],[-122.714508,42.197137],[-122.71438,42.197366],[-122.714208,42.197639],[-122.714165,42.19772]]}},{"type":"Feature","properties":{"id":"way/5159667","highway":"unclassified","name":"North Main Street","oneway":"yes","tiger:cfcc":"A41","tiger:name_base":"Main","tiger:name_direction_prefix":"N","tiger:name_type":"St"},"geometry":{"type":"LineString","coordinates":[[-122.715261,42.197135],[-122.715231,42.197223],[-122.715213,42.197277],[-122.715228,42.197316],[-122.715294,42.197373],[-122.715358,42.197435],[-122.715424,42.197485],[-122.715479,42.197497],[-122.715526,42.197486],[-122.715565,42.197451]]}},{"type":"Feature","properties":{"id":"way/5160113","highway":"residential","name":"Sherman Street","tiger:cfcc":"A41","tiger:name_base":"Sherman","tiger:name_type":"St","tiger:reviewed":"no"},"geometry":{"type":"LineString","coordinates":[[-122.70674,42.190465],[-122.706705,42.191276],[-122.706701,42.191635],[-122.70671,42.192211],[-122.706709,42.192735],[-122.706718,42.192788],[-122.706733,42.192835]]}},{"type":"Feature","properties":{"id":"way/5160372","highway":"residential","name":"Gresham Street"},"geometry":{"type":"LineString","coordinates":[[-122.710248,42.189089],[-122.710243,42.189764],[-122.710259,42.19007],[-122.710263,42.190141],[-122.71028,42.190466],[-122.710272,42.190993],[-122.710244,42.19161],[-122.710241,42.192199],[-122.710248,42.192387],[-122.710248,42.192767],[-122.710252,42.193239],[-122.710242,42.193933],[-122.71024,42.193976],[-122.710249,42.194367],[-122.710227,42.194418],[-122.7102,42.194463],[-122.710144,42.194519],[-122.710068,42.194586]]}},{"type":"Feature","properties":{"id":"way/5160511","highway":"residential","name":"Ridge Road","surface":"paved"},"geometry":{"type":"LineString","coordinates":[[-122.713128,42.188598],[-122.713327,42.188443],[-122.713466,42.188365],[-122.713545,42.188338],[-122.713633,42.18832],[-122.713733,42.188321],[-122.713807,42.188333],[-122.713867,42.188365],[-122.713903,42.188405],[-122.713954,42.188497],[-122.714092,42.189138],[-122.714117,42.189276],[-122.71416,42.189606],[-122.714171,42.189829],[-122.714187,42.189951],[-122.714225,42.19008],[-122.714433,42.190515],[-122.714535,42.190694],[-122.714807,42.191105],[-122.714856,42.191232],[-122.714864,42.191288],[-122.714846,42.191379],[-122.714795,42.191471],[-122.714593,42.191651],[-122.714495,42.191756],[-122.714421,42.191845],[-122.714353,42.191958],[-122.714331,42.192028],[-122.714321,42.192107],[-122.714322,42.192214],[-122.714339,42.192304],[-122.71437,42.192395],[-122.714471,42.19259],[-122.714553,42.192701],[-122.714621,42.19278],[-122.714769,42.1929],[-122.71481,42.192922],[-122.714856,42.19293],[-122.7149,42.192932],[-122.714947,42.19292],[-122.714988,42.192899],[-122.715057,42.192838],[-122.715106,42.192778]]}},{"type":"Feature","properties":{"id":"way/5160718","highway":"residential","name":"Beach Avenue","oneway":"yes","tiger:cfcc":"A41","tiger:name_base":"Beach","tiger:name_type":"Ave","tiger:reviewed":"no"},"geometry":{"type":"LineString","coordinates":[[-122.710242,42.193933],[-122.711129,42.193922],[-122.71131,42.19394],[-122.711579,42.194063],[-122.711642,42.194109],[-122.711917,42.194369]]}},{"type":"Feature","properties":{"id":"way/5160732","highway":"residential","name":"Allison Street","tiger:cfcc":"A41","tiger:name_base":"Allison","tiger:name_type":"St","tiger:reviewed":"no"},"geometry":{"type":"LineString","coordinates":[[-122.706701,42.191635],[-122.708373,42.192462],[-122.709977,42.193257],[-122.710045,42.193286],[-122.710126,42.193295],[-122.710171,42.193283],[-122.710252,42.193239]]}},{"type":"Feature","properties":{"id":"way/5161118","highway":"residential","name":"Water Street"},"geometry":{"type":"LineString","coordinates":[[-122.712764,42.202187],[-122.712809,42.202115],[-122.71284,42.202079],[-122.713695,42.201105]]}},{"type":"Feature","properties":{"id":"way/5161266","highway":"residential","name":"North 2nd Street"},"geometry":{"type":"LineString","coordinates":[[-122.711241,42.195276],[-122.711166,42.195297],[-122.711136,42.195316],[-122.711124,42.195337],[-122.711092,42.195421],[-122.710983,42.195715],[-122.710913,42.195905],[-122.710864,42.196039]]}},{"type":"Feature","properties":{"id":"way/5161639","highway":"residential","name":"North Laurel Street","tiger:cfcc":"A41","tiger:name_base":"Laurel","tiger:name_direction_prefix":"N","tiger:name_type":"St","tiger:reviewed":"no"},"geometry":{"type":"LineString","coordinates":[[-122.718107,42.200931],[-122.718028,42.200973],[-122.717881,42.201054],[-122.717848,42.201078],[-122.717813,42.201107],[-122.717781,42.201138],[-122.717757,42.201173],[-122.717421,42.201695],[-122.717031,42.202285],[-122.716649,42.202868],[-122.716286,42.20346],[-122.716246,42.203526],[-122.716212,42.203583],[-122.71602,42.20388],[-122.715725,42.204315]]}},{"type":"Feature","properties":{"id":"way/5162027","highway":"residential","name":"Glenview Drive","surface":"gravel"},"geometry":{"type":"LineString","coordinates":[[-122.714739,42.185203],[-122.714655,42.185331],[-122.714443,42.185619],[-122.714423,42.185686],[-122.714419,42.185748],[-122.714432,42.185844],[-122.714581,42.186449],[-122.714638,42.186589],[-122.714677,42.186715],[-122.714712,42.18685],[-122.714739,42.186988],[-122.714828,42.187277],[-122.714912,42.187451],[-122.714954,42.187565],[-122.714966,42.187624],[-122.714972,42.187696],[-122.714954,42.187746],[-122.714923,42.18778],[-122.714856,42.187819],[-122.714772,42.187852],[-122.714582,42.18791],[-122.714466,42.187967],[-122.714405,42.188033],[-122.71438,42.188138],[-122.714391,42.18824],[-122.714464,42.188559],[-122.714517,42.188912],[-122.714592,42.189288],[-122.714677,42.18957],[-122.714715,42.189726],[-122.714767,42.189884],[-122.715013,42.190364],[-122.71506,42.19056],[-122.715295,42.190968],[-122.715333,42.19105],[-122.715355,42.191122],[-122.715364,42.19119],[-122.715373,42.191311],[-122.715364,42.191598],[-122.715386,42.191728],[-122.715433,42.191916],[-122.715585,42.19258],[-122.715609,42.192651],[-122.715621,42.192769],[-122.715609,42.193113],[-122.715589,42.193235],[-122.715557,42.193336],[-122.715505,42.193415],[-122.715425,42.19347],[-122.71531,42.193509],[-122.715126,42.193522],[-122.715009,42.193526],[-122.714311,42.193551],[-122.713822,42.193509],[-122.713326,42.193494],[-122.713109,42.193499],[-122.71273,42.193516]]}},{"type":"Feature","properties":{"id":"way/5162041","highway":"residential","name":"4th Street","tiger:cfcc":"A41","tiger:name_base":"4th","tiger:name_type":"St","tiger:reviewed":"no"},"geometry":{"type":"LineString","coordinates":[[-122.708613,42.194374],[-122.708605,42.194453],[-122.708517,42.194713],[-122.708437,42.194922],[-122.708357,42.195104],[-122.708102,42.195769],[-122.707808,42.196537],[-122.707633,42.197001],[-122.707462,42.197439],[-122.707318,42.197817],[-122.707188,42.198156],[-122.707163,42.198222]]}},{"type":"Feature","properties":{"id":"way/5162124","highway":"residential","lanes":"2","name":"South Pioneer Street","surface":"asphalt","tiger:cfcc":"A41","tiger:name_base":"Pioneer","tiger:name_direction_prefix":"S","tiger:name_type":"St","tiger:reviewed":"no"},"geometry":{"type":"LineString","coordinates":[[-122.715678,42.194451],[-122.715597,42.1945],[-122.715511,42.194594],[-122.715218,42.195152],[-122.714829,42.195689],[-122.714796,42.19572],[-122.71475,42.195749],[-122.714638,42.195781],[-122.71462,42.195842],[-122.714617,42.195951],[-122.714599,42.195992],[-122.714421,42.196179],[-122.713999,42.196635],[-122.713934,42.196716]]}},{"type":"Feature","properties":{"id":"way/5162195","highway":"residential","name":"Clear Creek Drive","tiger:cfcc":"A41","tiger:name_base":"Clear Creek","tiger:name_type":"Dr","tiger:reviewed":"no"},"geometry":{"type":"LineString","coordinates":[[-122.711375,42.201113],[-122.711011,42.200869],[-122.710199,42.200325],[-122.709997,42.200181],[-122.70997,42.200148],[-122.709959,42.200115],[-122.709962,42.199917],[-122.709958,42.199882],[-122.709952,42.199864],[-122.709943,42.199839],[-122.70992,42.199813],[-122.709877,42.19979],[-122.709813,42.19977],[-122.709375,42.199686],[-122.709292,42.199678],[-122.709043,42.199668],[-122.707356,42.199665]]}},{"type":"Feature","properties":{"id":"way/5162266","highway":"residential","name":"Bush Street","tiger:cfcc":"A41","tiger:name_base":"Bush","tiger:name_type":"St","tiger:reviewed":"no"},"geometry":{"type":"LineString","coordinates":[[-122.720912,42.198227],[-122.720873,42.198436],[-122.720852,42.198493],[-122.720818,42.198534],[-122.720777,42.198573],[-122.720727,42.1986],[-122.720101,42.198868],[-122.718768,42.199461],[-122.717493,42.200067],[-122.717459,42.20009],[-122.717424,42.200133]]}},{"type":"Feature","properties":{"id":"way/5162404","highway":"residential","name":"5th Street","tiger:cfcc":"A41","tiger:name_base":"5th","tiger:name_type":"St","tiger:reviewed":"no"},"geometry":{"type":"LineString","coordinates":[[-122.707202,42.194383],[-122.70718,42.194451],[-122.707115,42.194645],[-122.707013,42.194909],[-122.706787,42.195492],[-122.706487,42.196266],[-122.706318,42.196732],[-122.706141,42.197159],[-122.705994,42.197537],[-122.705848,42.197944]]}},{"type":"Feature","properties":{"id":"way/5162468","highway":"residential","name":"Almond Street","tiger:cfcc":"A41","tiger:name_base":"Almond","tiger:name_type":"St","tiger:reviewed":"no"},"geometry":{"type":"LineString","coordinates":[[-122.719104,42.197323],[-122.719475,42.197865],[-122.719744,42.198259],[-122.720101,42.198868],[-122.720819,42.199718],[-122.721041,42.199959],[-122.721097,42.200018],[-122.721377,42.200341],[-122.721668,42.200671],[-122.721763,42.200817],[-122.721816,42.200928],[-122.721856,42.201041],[-122.721887,42.201173]]}},{"type":"Feature","properties":{"id":"way/5162559","highway":"residential","name":"Van Ness Avenue","tiger:cfcc":"A41","tiger:name_base":"Van Ness","tiger:name_type":"Ave","tiger:reviewed":"no"},"geometry":{"type":"LineString","coordinates":[[-122.712666,42.20018],[-122.712764,42.200238],[-122.712916,42.200329],[-122.713392,42.200614],[-122.713608,42.200739],[-122.713845,42.200905],[-122.714174,42.201164],[-122.714318,42.201264],[-122.714394,42.201303],[-122.714618,42.201392],[-122.714811,42.201469],[-122.715932,42.201881],[-122.716124,42.201951],[-122.717031,42.202285],[-122.718205,42.202717],[-122.719194,42.203086]]}},{"type":"Feature","properties":{"id":"way/5162879","highway":"residential","name":"C Street","tiger:cfcc":"A41","tiger:name_base":"C","tiger:name_type":"St"},"geometry":{"type":"LineString","coordinates":[[-122.701784,42.194421],[-122.702861,42.19466],[-122.70352,42.194813],[-122.704153,42.194952],[-122.70482,42.195088],[-122.705476,42.19522],[-122.706144,42.195363],[-122.706787,42.195492],[-122.707451,42.195632],[-122.708102,42.195769],[-122.70821,42.195792],[-122.70877,42.195914],[-122.709284,42.196026],[-122.709414,42.196054]]}},{"type":"Feature","properties":{"id":"way/5163079","highway":"residential","name":"Carol Street"},"geometry":{"type":"LineString","coordinates":[[-122.706922,42.201362],[-122.706922,42.201456],[-122.706923,42.202432],[-122.706919,42.203499],[-122.706912,42.203557],[-122.706896,42.2036],[-122.706855,42.203641]]}},{"type":"Feature","properties":{"id":"way/5163503","highway":"residential","name":"Sherman Street","tiger:cfcc":"A41","tiger:name_base":"Sherman","tiger:name_type":"St","tiger:reviewed":"no"},"geometry":{"type":"LineString","coordinates":[[-122.706733,42.192835],[-122.70682,42.193012],[-122.706829,42.193051],[-122.706833,42.193098],[-122.706818,42.193336],[-122.706816,42.193848],[-122.706817,42.193881],[-122.706821,42.1943],[-122.706823,42.194381]]}},{"type":"Feature","properties":{"id":"way/5164014","highway":"residential","name":"Nob Hill Street","tiger:cfcc":"A41","tiger:name_base":"Nob Hill","tiger:name_type":"St","tiger:reviewed":"no"},"geometry":{"type":"LineString","coordinates":[[-122.720826,42.197776],[-122.719744,42.198259],[-122.718304,42.198928]]}},{"type":"Feature","properties":{"id":"way/5164096","highway":"residential","name":"Ravenwood Place","tiger:cfcc":"A41","tiger:name_base":"Ravenwood","tiger:name_type":"Pl","tiger:reviewed":"no"},"geometry":{"type":"LineString","coordinates":[[-122.711589,42.193231],[-122.711589,42.193282],[-122.711635,42.193346],[-122.711688,42.193391],[-122.711844,42.193487],[-122.712099,42.193662],[-122.712288,42.193761],[-122.712657,42.193972]]}},{"type":"Feature","properties":{"id":"way/5164112","highway":"residential","name":"Hillcrest Street"},"geometry":{"type":"LineString","coordinates":[[-122.712445,42.189087],[-122.712446,42.190101],[-122.712446,42.190156],[-122.712447,42.190478],[-122.712439,42.191701],[-122.712435,42.192302],[-122.712441,42.193439],[-122.712429,42.193464],[-122.712407,42.193481],[-122.712347,42.19351]]}},{"type":"Feature","properties":{"id":"way/5164361","highway":"residential","name":"High Street","tiger:cfcc":"A41","tiger:name_base":"High","tiger:name_type":"St","tiger:reviewed":"no"},"geometry":{"type":"LineString","coordinates":[[-122.71675,42.197376],[-122.717292,42.197757],[-122.717539,42.198028],[-122.717959,42.198522],[-122.718304,42.198928],[-122.718768,42.199461],[-122.719512,42.200288],[-122.720488,42.201416]]}},{"type":"Feature","properties":{"id":"way/5164428","highway":"residential","name":"Baum Street","tiger:cfcc":"A41","tiger:name_base":"Baum","tiger:name_type":"St"},"geometry":{"type":"LineString","coordinates":[[-122.717328,42.196424],[-122.718345,42.196712],[-122.718569,42.196791],[-122.718659,42.196835],[-122.718715,42.196867],[-122.718795,42.196957],[-122.71902,42.197252],[-122.719063,42.197298],[-122.719104,42.197323]]}},{"type":"Feature","properties":{"id":"way/5164662","cycleway":"lane","highway":"tertiary","lanes":"2","maxspeed":"25 mph","name":"East Hersey Street","surface":"asphalt"},"geometry":{"type":"LineString","coordinates":[[-122.70094,42.201376],[-122.70107,42.201375],[-122.701675,42.201374],[-122.702673,42.201381],[-122.703172,42.20138],[-122.703627,42.201377],[-122.703755,42.201374],[-122.703875,42.201368],[-122.70404,42.201361],[-122.704345,42.201359],[-122.704583,42.201357],[-122.704725,42.201356],[-122.705296,42.201356],[-122.706646,42.201361],[-122.706922,42.201362],[-122.70781,42.201362],[-122.709181,42.201358],[-122.709849,42.201366],[-122.710168,42.20139],[-122.710202,42.201393],[-122.710508,42.201434],[-122.710808,42.201495],[-122.710899,42.201522],[-122.711014,42.201558],[-122.711429,42.2017],[-122.711586,42.201757],[-122.712472,42.202081],[-122.712764,42.202187]]}},{"type":"Feature","properties":{"id":"way/5165099","highway":"residential","name":"Vista Street","tiger:cfcc":"A41","tiger:name_base":"Vista","tiger:name_type":"St","tiger:reviewed":"no"},"geometry":{"type":"LineString","coordinates":[[-122.710252,42.193239],[-122.710291,42.193226],[-122.710327,42.193219],[-122.711589,42.193231],[-122.712068,42.19323],[-122.712347,42.19351],[-122.71242,42.193569],[-122.712683,42.193724],[-122.713819,42.194327],[-122.714203,42.194532],[-122.714607,42.194742]]}},{"type":"Feature","properties":{"id":"way/5165152","created_by":"JOSM","highway":"residential","tiger:cfcc":"A41","tiger:reviewed":"no","tiger:separated":"no","tiger:source":"tiger_import_dch_v0.6_20070808","tiger:tlid":"155533855"},"geometry":{"type":"LineString","coordinates":[[-122.720392,42.196763],[-122.719498,42.196442],[-122.718628,42.196216]]}},{"type":"Feature","properties":{"id":"way/5165180","highway":"residential","name":"Union Street","tiger:cfcc":"A41","tiger:name_base":"Union","tiger:name_type":"St","tiger:reviewed":"no"},"geometry":{"type":"LineString","coordinates":[[-122.709836,42.190817],[-122.709461,42.191219],[-122.709102,42.191626],[-122.708728,42.192048],[-122.708373,42.192462],[-122.708009,42.192867],[-122.707622,42.193296]]}},{"type":"Feature","properties":{"id":"way/5165499","cycleway":"shared_lane","highway":"residential","maxspeed":"20 mph","name":"B Street","source:maxspeed":"sign","surface":"asphalt","tiger:cfcc":"A41","tiger:name_base":"B","tiger:name_type":"St"},"geometry":{"type":"LineString","coordinates":[[-122.699219,42.195739],[-122.700428,42.195748],[-122.701455,42.195742],[-122.701643,42.195743],[-122.702365,42.195886],[-122.703687,42.196174],[-122.705012,42.196453],[-122.706318,42.196732],[-122.707633,42.197001],[-122.708945,42.197278],[-122.710258,42.197556],[-122.71147,42.197866],[-122.711576,42.197893],[-122.711631,42.197909],[-122.712895,42.198289],[-122.712984,42.198316],[-122.713072,42.198344],[-122.713614,42.198513],[-122.713707,42.198542],[-122.713795,42.198571],[-122.714966,42.198981]]}},{"type":"Feature","properties":{"id":"way/5165738","highway":"unclassified","name":"North Pioneer Street"},"geometry":{"type":"LineString","coordinates":[[-122.713934,42.196716],[-122.713888,42.196792],[-122.713806,42.196923],[-122.713726,42.197065],[-122.713606,42.197268],[-122.713568,42.197331]]}},{"type":"Feature","properties":{"id":"way/5165983","highway":"residential","lanes":"2","name":"Hargadine Street","surface":"asphalt","tiger:cfcc":"A41","tiger:name_base":"Hargadine","tiger:name_type":"St","tiger:reviewed":"no"},"geometry":{"type":"LineString","coordinates":[[-122.710249,42.194367],[-122.711917,42.194369],[-122.712078,42.194453],[-122.713192,42.195038],[-122.713251,42.195069],[-122.713674,42.195291],[-122.713842,42.195379],[-122.714571,42.195761],[-122.714638,42.195781]]}},{"type":"Feature","properties":{"id":"way/5166055","highway":"residential","name":"Meade Street"},"geometry":{"type":"LineString","coordinates":[[-122.71176,42.189088],[-122.711801,42.189766],[-122.711799,42.190107],[-122.711796,42.190476],[-122.711746,42.191714],[-122.711755,42.192366],[-122.711806,42.192764],[-122.711844,42.192906],[-122.711902,42.193006],[-122.712068,42.19323]]}},{"type":"Feature","properties":{"id":"way/5167113","highway":"residential","name":"Central Avenue","tiger:cfcc":"A41","tiger:name_base":"Central","tiger:name_type":"Ave","tiger:reviewed":"no"},"geometry":{"type":"LineString","coordinates":[[-122.714453,42.199882],[-122.714638,42.199951],[-122.715144,42.20014],[-122.715574,42.200302],[-122.716685,42.20069],[-122.717294,42.200914],[-122.717701,42.201068],[-122.717813,42.201107],[-122.717916,42.201149],[-122.718138,42.201236],[-122.718187,42.201254],[-122.718263,42.201261],[-122.718362,42.201227]]}},{"type":"Feature","properties":{"id":"way/5167137","alt_name":"Rouge Valley Highway #63","highway":"primary","lanes":"2","maxspeed":"20 mph","name":"North Main Street","old_ref":"US 99","oneway":"yes","operator":"Oregon Department of Transportation","ref":"OR 99","surface":"asphalt"},"geometry":{"type":"LineString","coordinates":[[-122.716718,42.199283],[-122.716671,42.199182],[-122.716621,42.199107],[-122.716561,42.199037],[-122.716442,42.19891],[-122.716365,42.198827]]}},{"type":"Feature","properties":{"id":"way/5167223","highway":"residential","name":"Fork Street","surface":"gravel","tiger:cfcc":"A41","tiger:name_base":"Fork","tiger:name_type":"St","tiger:reviewed":"no"},"geometry":{"type":"LineString","coordinates":[[-122.715013,42.190364],[-122.715224,42.190636],[-122.715283,42.190724],[-122.715364,42.190831],[-122.715415,42.190913],[-122.715466,42.191019],[-122.715499,42.191112],[-122.715511,42.191195],[-122.715519,42.191495],[-122.715554,42.191668],[-122.715646,42.191847],[-122.715826,42.192217],[-122.715966,42.192577],[-122.716057,42.192945],[-122.716127,42.193146],[-122.716133,42.193282],[-122.716113,42.193508],[-122.716099,42.193589],[-122.716067,42.193667],[-122.716024,42.19372],[-122.715965,42.193774],[-122.715835,42.193869],[-122.715583,42.194017],[-122.715324,42.19417],[-122.715151,42.194285],[-122.714607,42.194742]]}},{"type":"Feature","properties":{"id":"way/5167300","highway":"residential","name":"Terrace Street"},"geometry":{"type":"LineString","coordinates":[[-122.712583,42.182761],[-122.7126,42.182801],[-122.712657,42.182879],[-122.712744,42.182981],[-122.712825,42.183094],[-122.712896,42.183204],[-122.712953,42.183313],[-122.713028,42.183524],[-122.713046,42.18363],[-122.713063,42.183934],[-122.713072,42.184395],[-122.713061,42.184587],[-122.713059,42.184632],[-122.713063,42.18523],[-122.713065,42.185472],[-122.713086,42.186228],[-122.713128,42.188598],[-122.713132,42.189077],[-122.713135,42.189873],[-122.713134,42.190156],[-122.713134,42.190484],[-122.713131,42.190802],[-122.713128,42.191088],[-122.713129,42.191255],[-122.713131,42.191673],[-122.713125,42.192202],[-122.713147,42.192255],[-122.713165,42.1923],[-122.713217,42.192382],[-122.713272,42.192446],[-122.713424,42.192595],[-122.713762,42.192895],[-122.713987,42.193064],[-122.714093,42.193129],[-122.714297,42.193226],[-122.714383,42.193261],[-122.714454,42.193281],[-122.714599,42.193309],[-122.714709,42.193316],[-122.714964,42.193321],[-122.715102,42.193312],[-122.715169,42.193298],[-122.715244,42.193273],[-122.715304,42.193239],[-122.715362,42.193189],[-122.715412,42.193131],[-122.715447,42.193038],[-122.715504,42.192857],[-122.715536,42.192712],[-122.715585,42.19258]]}},{"type":"Feature","properties":{"id":"way/5167471","highway":"residential","name":"Pine Street","tiger:cfcc":"A41","tiger:name_base":"Pine","tiger:name_type":"St","tiger:reviewed":"no"},"geometry":{"type":"LineString","coordinates":[[-122.719457,42.194674],[-122.718628,42.196216],[-122.718345,42.196712]]}},{"type":"Feature","properties":{"id":"way/5167534","cycleway:right":"lane","highway":"primary","lanes":"2","maxspeed":"20 mph","name":"Siskiyou Boulevard","old_ref":"US 99","oneway":"yes","operator":"City of Ashland","ref":"OR 99","source:maxspeed":"sign","surface":"asphalt"},"geometry":{"type":"LineString","coordinates":[[-122.709516,42.194233],[-122.708882,42.193911],[-122.70862,42.193783]]}},{"type":"Feature","properties":{"id":"way/5167894","highway":"residential","name":"Nutley Street","tiger:cfcc":"A41","tiger:name_base":"Nutley","tiger:name_type":"St","tiger:reviewed":"no"},"geometry":{"type":"LineString","coordinates":[[-122.717,42.194575],[-122.717223,42.194539],[-122.718399,42.194378],[-122.719358,42.194657],[-122.719457,42.194674],[-122.720934,42.194679],[-122.720975,42.194677],[-122.721422,42.194672],[-122.721737,42.194668],[-122.722373,42.194653],[-122.722941,42.194649]]}},{"type":"Feature","properties":{"id":"way/27277509","alt_name":"Rouge Valley Highway #63","highway":"primary","lanes":"3","maxspeed":"20 mph","name":"East Main Street","old_ref":"US 99","oneway":"yes","operator":"Oregon Department of Transportation","ref":"OR 99","surface":"asphalt"},"geometry":{"type":"LineString","coordinates":[[-122.712475,42.195942],[-122.712405,42.195903],[-122.712293,42.195846],[-122.711353,42.195338],[-122.711241,42.195276],[-122.711125,42.195209],[-122.710152,42.194636],[-122.710068,42.194586]]}},{"type":"Feature","properties":{"id":"way/27277521","highway":"unclassified","name":"North Main Street","oneway":"yes"},"geometry":{"type":"LineString","coordinates":[[-122.715591,42.197885],[-122.715587,42.1978]]}},{"type":"Feature","properties":{"id":"way/27278015","boundary":"protected_area","description":"National Register of Historic Places # 82001505","dog":"no","ele":"612","gnis:feature_id":"1145065","heritage":"2","heritage:operator":"nrhp","historic":"district","leisure":"park","name":"Lithia Park","nrhp:criteria":"A;C","nrhp:inscription_date":"1982-11-22","ref:nhp":"82001505","wikidata":"Q6647883","wikipedia":"en:Lithia Park"},"geometry":{"type":"Polygon","coordinates":[[[-122.714912,42.190308],[-122.714767,42.189884],[-122.714715,42.189726],[-122.714677,42.18957],[-122.714592,42.189288],[-122.714517,42.188912],[-122.714464,42.188559],[-122.714391,42.18824],[-122.71438,42.188138],[-122.714405,42.188033],[-122.714466,42.187967],[-122.714582,42.18791],[-122.714772,42.187852],[-122.714856,42.187819],[-122.714923,42.18778],[-122.714954,42.187746],[-122.714972,42.187696],[-122.714966,42.187624],[-122.714954,42.187565],[-122.714912,42.187451],[-122.714828,42.187277],[-122.714739,42.186988],[-122.714712,42.18685],[-122.714677,42.186715],[-122.714638,42.186589],[-122.714581,42.186449],[-122.714432,42.185844],[-122.714419,42.185748],[-122.714423,42.185686],[-122.714443,42.185619],[-122.714739,42.185203],[-122.714984,42.184803],[-122.715104,42.184631],[-122.715268,42.184421],[-122.715404,42.184256],[-122.715616,42.183953],[-122.71576,42.183775],[-122.715907,42.183636],[-122.716271,42.183454],[-122.716445,42.183331],[-122.716546,42.18323],[-122.716642,42.183126],[-122.716713,42.183035],[-122.716778,42.182952],[-122.71683,42.182872],[-122.716862,42.182781],[-122.716876,42.182654],[-122.716885,42.18248],[-122.716881,42.182378],[-122.716863,42.182235],[-122.716789,42.182099],[-122.716649,42.18193],[-122.716306,42.181574],[-122.71617,42.181432],[-122.716094,42.181343],[-122.716014,42.181193],[-122.715999,42.181157],[-122.715973,42.181092],[-122.71591,42.180875],[-122.715896,42.180695],[-122.715891,42.180491],[-122.715912,42.180396],[-122.715941,42.180314],[-122.716018,42.180129],[-122.716113,42.179924],[-122.71621,42.179754],[-122.716263,42.179695],[-122.716333,42.179644],[-122.716439,42.179592],[-122.716561,42.179548],[-122.716747,42.179507],[-122.716934,42.179476],[-122.717094,42.179462],[-122.717306,42.179481],[-122.717287,42.179572],[-122.717302,42.179644],[-122.717313,42.179734],[-122.717297,42.179784],[-122.717253,42.179871],[-122.717169,42.179951],[-122.717036,42.180061],[-122.716943,42.180192],[-122.716902,42.180286],[-122.716881,42.180379],[-122.716882,42.180527],[-122.716945,42.180666],[-122.717078,42.180847],[-122.717213,42.180989],[-122.717266,42.181044],[-122.717766,42.181444],[-122.717903,42.181601],[-122.71803,42.181824],[-122.718097,42.181916],[-122.718236,42.182023],[-122.718667,42.182162],[-122.719022,42.182239],[-122.719097,42.182253],[-122.719185,42.182286],[-122.719276,42.182361],[-122.719334,42.182447],[-122.71947,42.18273],[-122.719485,42.182778],[-122.719484,42.182822],[-122.719469,42.182869],[-122.719426,42.182912],[-122.719363,42.182949],[-122.719023,42.18306],[-122.718402,42.183254],[-122.717999,42.183257],[-122.717992,42.18318],[-122.717594,42.18348],[-122.717471,42.183647],[-122.717348,42.18381],[-122.717794,42.183929],[-122.717756,42.183989],[-122.717731,42.184097],[-122.717734,42.184143],[-122.71776,42.184506],[-122.717735,42.184683],[-122.717471,42.185424],[-122.717444,42.18552],[-122.717426,42.185711],[-122.717458,42.185892],[-122.717543,42.186101],[-122.717901,42.186979],[-122.718056,42.187304],[-122.718326,42.187719],[-122.718462,42.187937],[-122.718675,42.188296],[-122.718865,42.188597],[-122.718937,42.18873],[-122.718977,42.188887],[-122.718997,42.18917],[-122.719082,42.189949],[-122.719257,42.191542],[-122.719356,42.19251],[-122.71936,42.192592],[-122.719354,42.19266],[-122.719335,42.192721],[-122.719225,42.192946],[-122.718827,42.19365],[-122.718399,42.194378],[-122.71824,42.194679],[-122.717821,42.194555],[-122.717493,42.194603],[-122.717333,42.194876],[-122.71735,42.194881],[-122.717208,42.195128],[-122.71723,42.195135],[-122.71712,42.195326],[-122.716742,42.195216],[-122.716478,42.195968],[-122.716328,42.196431],[-122.716296,42.196502],[-122.716281,42.196526],[-122.716257,42.196548],[-122.716237,42.196568],[-122.716206,42.196587],[-122.716155,42.196613],[-122.716106,42.196638],[-122.716044,42.196658],[-122.71597,42.196665],[-122.715733,42.196673],[-122.715653,42.19668],[-122.715604,42.196691],[-122.715569,42.196704],[-122.715551,42.19672],[-122.715525,42.196756],[-122.715502,42.1968],[-122.715447,42.196843],[-122.715319,42.196789],[-122.715126,42.196722],[-122.715336,42.19648],[-122.715312,42.196308],[-122.715382,42.196242],[-122.715368,42.196128],[-122.715238,42.196002],[-122.715209,42.195939],[-122.715133,42.195854],[-122.715005,42.19577],[-122.714881,42.195739],[-122.714773,42.195664],[-122.71494,42.195446],[-122.715196,42.195083],[-122.715467,42.194723],[-122.716676,42.193732],[-122.716727,42.193602],[-122.716757,42.193494],[-122.716067,42.1935],[-122.715999,42.192861],[-122.71582,42.192293],[-122.715573,42.191816],[-122.715486,42.191571],[-122.715478,42.191411],[-122.715475,42.191214],[-122.715445,42.19106],[-122.715391,42.190927],[-122.71511,42.190546],[-122.714912,42.190308]]]}},{"type":"Feature","properties":{"id":"way/51189723","highway":"tertiary","lanes":"1","maxspeed":"20 mph","name":"East Main Street","old_name":"Pacific Highway","oneway":"yes"},"geometry":{"type":"LineString","coordinates":[[-122.709824,42.194435],[-122.709676,42.194374],[-122.709595,42.194354],[-122.709513,42.194341],[-122.709432,42.194337],[-122.709208,42.194337],[-122.709099,42.194351]]}},{"type":"Feature","properties":{"id":"way/86098806","highway":"residential","name":"South 1st Street","oneway":"yes","tiger:cfcc":"A41","tiger:name_base":"1st","tiger:name_direction_prefix":"S","tiger:name_type":"St","tiger:reviewed":"no"},"geometry":{"type":"LineString","coordinates":[[-122.713819,42.194327],[-122.713285,42.195035],[-122.713251,42.195069]]}},{"type":"Feature","properties":{"id":"way/86098808","highway":"residential","name":"South 1st Street","tiger:cfcc":"A41","tiger:name_base":"1st","tiger:name_direction_prefix":"S","tiger:name_type":"St","tiger:reviewed":"no"},"geometry":{"type":"LineString","coordinates":[[-122.713192,42.195038],[-122.712827,42.195425],[-122.712773,42.195484],[-122.71245,42.195818],[-122.712405,42.195903]]}},{"type":"Feature","properties":{"id":"way/92808228","alt_name":"Rouge Valley Highway #63","highway":"primary","lanes":"2","maxspeed":"20 mph","name":"North Main Street","old_ref":"US 99","oneway":"yes","operator":"Oregon Department of Transportation","ref":"OR 99","surface":"asphalt"},"geometry":{"type":"LineString","coordinates":[[-122.715715,42.198014],[-122.715591,42.197885]]}},{"type":"Feature","properties":{"id":"way/92808231","alt_name":"Rouge Valley Highway #63","bridge":"yes","highway":"primary","layer":"1","maxspeed":"20 mph","name":"Lithia Way","old_ref":"US 99","oneway":"yes","operator":"Oregon Department of Transportation","ref":"OR 99","source:maxspeed":"sign","surface":"asphalt"},"geometry":{"type":"LineString","coordinates":[[-122.715032,42.19838],[-122.715202,42.198511],[-122.715333,42.198599],[-122.71543,42.198658],[-122.715561,42.198718],[-122.715675,42.198759],[-122.71576,42.198786]]}},{"type":"Feature","properties":{"id":"way/92808232","alt_name":"Rouge Valley Highway #63","bridge":"yes","highway":"primary","lanes":"2","layer":"1","maxspeed":"20 mph","name":"North Main Street","old_ref":"US 99","oneway":"yes","operator":"Oregon Department of Transportation","ref":"OR 99"},"geometry":{"type":"LineString","coordinates":[[-122.715794,42.198115],[-122.715715,42.198014]]}},{"type":"Feature","properties":{"id":"way/92808233","alt_name":"Rouge Valley Highway #63","highway":"primary","lanes":"2","maxspeed":"20 mph","name":"Lithia Way","old_ref":"US 99","oneway":"yes","operator":"Oregon Department of Transportation","ref":"OR 99","source:maxspeed":"sign","surface":"asphalt"},"geometry":{"type":"LineString","coordinates":[[-122.71576,42.198786],[-122.715829,42.198804],[-122.716002,42.198858],[-122.71615,42.198918],[-122.71627,42.198977],[-122.716377,42.199043]]}},{"type":"Feature","properties":{"id":"way/156725250","cycleway:right":"lane","highway":"primary","lanes":"2","maxspeed":"25 mph","name":"Siskiyou Boulevard","old_ref":"US 99","oneway":"yes","operator":"City of Ashland","ref":"OR 99","source:maxspeed":"sign","surface":"asphalt"},"geometry":{"type":"LineString","coordinates":[[-122.70862,42.193783],[-122.707622,42.193296],[-122.706733,42.192835],[-122.706609,42.192773],[-122.706226,42.192585],[-122.705468,42.192213],[-122.705348,42.192152],[-122.704926,42.191943],[-122.704305,42.191635],[-122.703391,42.191178],[-122.703241,42.191102],[-122.70183,42.1904],[-122.701758,42.190364],[-122.701682,42.190326],[-122.70155,42.19026],[-122.70048,42.189725],[-122.699359,42.189164],[-122.699244,42.189101]]}},{"type":"Feature","properties":{"id":"way/168720850","building":"yes"},"geometry":{"type":"Polygon","coordinates":[[[-122.715944,42.198492],[-122.715913,42.198452],[-122.715785,42.198505],[-122.715793,42.198515],[-122.715799,42.198523],[-122.715805,42.198532],[-122.715816,42.198546],[-122.715944,42.198492]]]}},{"type":"Feature","properties":{"id":"way/168720851","building":"yes","name":"Ashland Auto Repair"},"geometry":{"type":"Polygon","coordinates":[[[-122.713824,42.197757],[-122.713752,42.197716],[-122.713764,42.197705],[-122.713687,42.197661],[-122.713617,42.197727],[-122.713684,42.197766],[-122.713674,42.197775],[-122.713755,42.197822],[-122.713824,42.197757]]]}},{"type":"Feature","properties":{"id":"way/168720853","building":"yes","name":"Ashland Fire Station Number 1","amenity":"fire_station"},"geometry":{"type":"Polygon","coordinates":[[[-122.708599,42.194293],[-122.708635,42.194253],[-122.708659,42.194265],[-122.708682,42.19424],[-122.708729,42.194264],[-122.708778,42.19421],[-122.708724,42.194183],[-122.708749,42.194155],[-122.708726,42.194143],[-122.708766,42.194099],[-122.708476,42.193954],[-122.708324,42.193877],[-122.708153,42.194071],[-122.708599,42.194293]]]}},{"type":"Feature","properties":{"id":"way/168720854","building":"yes","name":"Ashland Food Co-op"},"geometry":{"type":"Polygon","coordinates":[[[-122.711327,42.198967],[-122.711458,42.198735],[-122.711399,42.198717],[-122.711468,42.198595],[-122.711577,42.198629],[-122.711614,42.198564],[-122.711957,42.19866],[-122.711763,42.199002],[-122.711666,42.198972],[-122.711618,42.199057],[-122.711327,42.198967]]]}},{"type":"Feature","properties":{"id":"way/168720855","building":"yes","name":"Ashland Library","amenity":"library"},"geometry":{"type":"Polygon","coordinates":[[[-122.70978,42.194092],[-122.709883,42.193976],[-122.709953,42.19401],[-122.709994,42.193965],[-122.709625,42.193784],[-122.709612,42.193799],[-122.709558,42.193773],[-122.709465,42.193878],[-122.709484,42.193887],[-122.709447,42.193929],[-122.70978,42.194092]]]}},{"type":"Feature","properties":{"id":"way/168720860","building":"yes","name":"Ashland Liquor Store"},"geometry":{"type":"Polygon","coordinates":[[[-122.714824,42.197992],[-122.714814,42.197834],[-122.714809,42.197766],[-122.714764,42.197754],[-122.714728,42.197821],[-122.714721,42.19783],[-122.714695,42.197832],[-122.714705,42.197996],[-122.714824,42.197992]]]}},{"type":"Feature","properties":{"id":"way/168720862","building":"yes"},"geometry":{"type":"Polygon","coordinates":[[[-122.716094,42.199267],[-122.715865,42.199187],[-122.715976,42.199015],[-122.716204,42.199095],[-122.716094,42.199267]]]}},{"type":"Feature","properties":{"id":"way/168720863","building":"yes","name":"London"},"geometry":{"type":"Polygon","coordinates":[[[-122.716423,42.19946],[-122.716318,42.199422],[-122.716334,42.199395],[-122.716328,42.199392],[-122.716354,42.19935],[-122.716331,42.199347],[-122.716437,42.199179],[-122.71658,42.199333],[-122.716503,42.199336],[-122.716423,42.19946]]]}},{"type":"Feature","properties":{"id":"way/168720864","building":"hotel"},"geometry":{"type":"Polygon","coordinates":[[[-122.716787,42.199557],[-122.716258,42.199936],[-122.716024,42.199853],[-122.716067,42.199774],[-122.716227,42.199835],[-122.716631,42.199558],[-122.716579,42.199503],[-122.716539,42.199459],[-122.716528,42.199447],[-122.716644,42.199395],[-122.716656,42.199409],[-122.716787,42.199557]]]}},{"type":"Feature","properties":{"id":"way/168720873","building":"yes","name":"Brothers'","amenity":"restaurant"},"geometry":{"type":"Polygon","coordinates":[[[-122.716131,42.198385],[-122.716296,42.198315],[-122.716243,42.198253],[-122.716082,42.198319],[-122.716131,42.198385]]]}},{"type":"Feature","properties":{"id":"way/168720874","building":"yes","name":"Bump"},"geometry":{"type":"Polygon","coordinates":[[[-122.712395,42.196519],[-122.712281,42.196725],[-122.712156,42.196687],[-122.71221,42.196603],[-122.712243,42.196615],[-122.712337,42.196466],[-122.712409,42.196489],[-122.712395,42.196519]]]}},{"type":"Feature","properties":{"id":"way/168720875","highway":"residential","name":"C Street","oneway":"yes"},"geometry":{"type":"LineString","coordinates":[[-122.710771,42.196265],[-122.710706,42.196296],[-122.710629,42.196308],[-122.710576,42.196308],[-122.710073,42.196195],[-122.709557,42.196084],[-122.709414,42.196054]]}},{"type":"Feature","properties":{"id":"way/168720876","building":"yes","name":"Harana Cafe","amenity":"restaurant"},"geometry":{"type":"Polygon","coordinates":[[[-122.713233,42.196894],[-122.713168,42.196961],[-122.713113,42.197018],[-122.713243,42.197075],[-122.713353,42.196957],[-122.713233,42.196894]]]}},{"type":"Feature","properties":{"id":"way/168720877","building":"yes","name":"Dangerous Lee's Local 31","amenity":"pub"},"geometry":{"type":"Polygon","coordinates":[[[-122.715549,42.198547],[-122.715348,42.19849],[-122.715378,42.198437],[-122.715551,42.198485],[-122.715549,42.198547]]]}},{"type":"Feature","properties":{"id":"way/168720878","ele":"577","gnis:feature_id":"2091251","leisure":"park","name":"Calle Guanajuato","wikidata":"Q49476595"},"geometry":{"type":"Polygon","coordinates":[[[-122.716744,42.197301],[-122.716711,42.197356],[-122.715945,42.198106],[-122.715822,42.197947],[-122.716059,42.197832],[-122.716096,42.197807],[-122.716124,42.197753],[-122.716259,42.197146],[-122.716291,42.196761],[-122.716245,42.196658],[-122.716661,42.196679],[-122.71646,42.196979],[-122.716484,42.197197],[-122.716744,42.197301]]]}},{"type":"Feature","properties":{"id":"way/168720881","building":"yes","name":"Chase","amenity":"bank"},"geometry":{"type":"Polygon","coordinates":[[[-122.7116,42.195945],[-122.711558,42.195988],[-122.711835,42.196138],[-122.711958,42.196014],[-122.712022,42.196049],[-122.712094,42.195976],[-122.712027,42.195939],[-122.712098,42.195867],[-122.711967,42.195796],[-122.711952,42.195812],[-122.711939,42.195805],[-122.71173,42.196016],[-122.7116,42.195945]]]}},{"type":"Feature","properties":{"id":"way/168720882","building":"yes","name":"Chloe Salon"},"geometry":{"type":"Polygon","coordinates":[[[-122.712858,42.196911],[-122.712982,42.196775],[-122.713108,42.196832],[-122.713047,42.196904],[-122.712992,42.19697],[-122.712858,42.196911]]]}},{"type":"Feature","properties":{"id":"way/168720883","building":"yes","name":"Creekside Pizza Bistro","amenity":"restaurant"},"geometry":{"type":"Polygon","coordinates":[[[-122.715681,42.198561],[-122.715752,42.198532],[-122.715793,42.198515],[-122.715785,42.198505],[-122.715913,42.198452],[-122.715858,42.198379],[-122.7157,42.198445],[-122.715618,42.198478],[-122.715669,42.198545],[-122.715681,42.198561]]]}},{"type":"Feature","properties":{"id":"way/168720885","highway":"residential","maxspeed":"25 mph","name":"Granite Street","source:maxspeed":"sign"},"geometry":{"type":"LineString","coordinates":[[-122.71803,42.181824],[-122.718097,42.181916],[-122.718236,42.182023],[-122.718667,42.182162],[-122.719022,42.182239],[-122.719097,42.182253],[-122.719132,42.182263],[-122.719185,42.182286],[-122.719276,42.182361],[-122.719334,42.182447],[-122.71947,42.18273],[-122.719485,42.182778],[-122.719484,42.182822],[-122.719469,42.182869],[-122.719426,42.182912],[-122.719363,42.182949],[-122.719023,42.18306],[-122.718402,42.183254],[-122.718348,42.183275],[-122.718319,42.183292],[-122.718276,42.18333],[-122.717808,42.183907],[-122.717794,42.183929],[-122.717777,42.183957],[-122.717756,42.183989],[-122.717731,42.184097],[-122.717734,42.184143],[-122.71776,42.184506],[-122.717735,42.184683],[-122.717471,42.185424],[-122.717444,42.18552],[-122.717426,42.185711],[-122.717458,42.185892],[-122.717543,42.186101],[-122.717901,42.186979],[-122.718056,42.187304],[-122.718326,42.187719],[-122.718462,42.187937],[-122.718675,42.188296],[-122.718865,42.188597],[-122.718937,42.18873],[-122.718977,42.188887],[-122.718997,42.18917],[-122.719082,42.189949],[-122.719257,42.191542],[-122.719356,42.192517],[-122.71936,42.192592],[-122.719354,42.19266],[-122.719335,42.192721],[-122.719225,42.192946],[-122.718827,42.19365],[-122.718399,42.194378],[-122.71824,42.194679],[-122.717328,42.196424],[-122.717152,42.196749],[-122.716786,42.197318],[-122.71675,42.197376],[-122.716714,42.197411],[-122.716676,42.197448],[-122.715969,42.198146],[-122.715946,42.198168],[-122.715884,42.19823]]}},{"type":"Feature","properties":{"id":"way/168720888","building":"yes","name":"Hair City"},"geometry":{"type":"Polygon","coordinates":[[[-122.713353,42.196957],[-122.713243,42.197075],[-122.713313,42.197096],[-122.713394,42.196961],[-122.713364,42.196945],[-122.713353,42.196957]]]}},{"type":"Feature","properties":{"id":"way/168720889","building":"yes"},"geometry":{"type":"Polygon","coordinates":[[[-122.713373,42.19655],[-122.71316,42.196778],[-122.713277,42.196836],[-122.713491,42.196613],[-122.713373,42.19655]]]}},{"type":"Feature","properties":{"id":"way/168720890","building":"yes","name":"KeyBank","amenity":"bank"},"geometry":{"type":"Polygon","coordinates":[[[-122.712742,42.196467],[-122.712906,42.196296],[-122.712742,42.19621],[-122.712577,42.196379],[-122.712742,42.196467]]]}},{"type":"Feature","properties":{"id":"way/168720891","building":"yes","name":"Kobe","amenity":"restaurant"},"geometry":{"type":"Polygon","coordinates":[[[-122.715897,42.198653],[-122.715816,42.198546],[-122.715805,42.198532],[-122.715781,42.198542],[-122.71571,42.198571],[-122.715801,42.198692],[-122.715897,42.198653]]]}},{"type":"Feature","properties":{"id":"way/168720892","building":"yes","name":"Lovejoy's Tea Room"},"geometry":{"type":"Polygon","coordinates":[[[-122.715897,42.198653],[-122.716025,42.1986],[-122.715944,42.198492],[-122.715816,42.198546],[-122.715897,42.198653]]]}},{"type":"Feature","properties":{"id":"way/168720894","building":"yes","name":"Citizen's Banking and Trust Co. Building"},"geometry":{"type":"Polygon","coordinates":[[[-122.712183,42.195667],[-122.712369,42.195764],[-122.712562,42.195552],[-122.712381,42.19546],[-122.712183,42.195667]]]}},{"type":"Feature","properties":{"id":"way/168720896","building":"yes","name":"Paddington Station"},"geometry":{"type":"Polygon","coordinates":[[[-122.713617,42.196679],[-122.713491,42.196613],[-122.713277,42.196836],[-122.713403,42.196902],[-122.713509,42.196791],[-122.713617,42.196679]]]}},{"type":"Feature","properties":{"id":"way/168720897","building":"yes","name":"Paddy Brannon's","amenity":"pub"},"geometry":{"type":"Polygon","coordinates":[[[-122.711579,42.195114],[-122.711719,42.19496],[-122.711867,42.195036],[-122.711772,42.195138],[-122.711723,42.195189],[-122.711579,42.195114]]]}},{"type":"Feature","properties":{"id":"way/168720898","building":"yes","name":"Nous","amenity":"restaurant"},"geometry":{"type":"Polygon","coordinates":[[[-122.710829,42.194918],[-122.710712,42.194851],[-122.710838,42.194731],[-122.710961,42.194802],[-122.710992,42.194772],[-122.711054,42.194808],[-122.710945,42.194911],[-122.710878,42.194872],[-122.710829,42.194918]]]}},{"type":"Feature","properties":{"id":"way/168720900","building":"yes","name":"Red Zone","amenity":"restaurant"},"geometry":{"type":"Polygon","coordinates":[[[-122.71113,42.195637],[-122.711205,42.195418],[-122.711237,42.195409],[-122.711404,42.195502],[-122.71122,42.195678],[-122.711212,42.195686],[-122.71113,42.195637]]]}},{"type":"Feature","properties":{"id":"way/168720901","building":"yes","name":"Safeway"},"geometry":{"type":"Polygon","coordinates":[[[-122.706609,42.193841],[-122.70661,42.193397],[-122.705939,42.193396],[-122.705939,42.193473],[-122.705963,42.193473],[-122.705962,42.193772],[-122.70617,42.193772],[-122.70617,42.19384],[-122.706609,42.193841]]]}},{"type":"Feature","properties":{"id":"way/168720907","building":"yes","name":"Soundpeace"},"geometry":{"type":"Polygon","coordinates":[[[-122.712349,42.196279],[-122.712449,42.196332],[-122.71259,42.196187],[-122.712489,42.196134],[-122.712349,42.196279]]]}},{"type":"Feature","properties":{"id":"way/168720910","building":"yes","name":"Whittle Garage Building"},"geometry":{"type":"Polygon","coordinates":[[[-122.714809,42.197766],[-122.714808,42.197683],[-122.714805,42.19766],[-122.714715,42.197631],[-122.714403,42.197532],[-122.714353,42.197619],[-122.714564,42.197687],[-122.714764,42.197754],[-122.714809,42.197766]]]}},{"type":"Feature","properties":{"id":"way/168720912","building":"yes","name":"Stop n Shop Market"},"geometry":{"type":"Polygon","coordinates":[[[-122.713394,42.196961],[-122.713313,42.197096],[-122.713531,42.197167],[-122.713602,42.197045],[-122.713394,42.196961]]]}},{"type":"Feature","properties":{"id":"way/168720913","building":"yes","name":"Taj Indian Cuisine","amenity":"restaurant"},"geometry":{"type":"Polygon","coordinates":[[[-122.715378,42.198437],[-122.715551,42.198485],[-122.715552,42.198427],[-122.715411,42.198381],[-122.715378,42.198437]]]}},{"type":"Feature","properties":{"id":"way/168720914","building":"yes","name":"Thai Pepper","amenity":"restaurant"},"geometry":{"type":"Polygon","coordinates":[[[-122.7157,42.198445],[-122.715689,42.198429],[-122.715652,42.198381],[-122.715646,42.198373],[-122.715804,42.198308],[-122.715858,42.198379],[-122.7157,42.198445]]]}},{"type":"Feature","properties":{"id":"way/168720915","building":"yes","name":"The Stratford Inn"},"geometry":{"type":"Polygon","coordinates":[[[-122.707532,42.193743],[-122.707558,42.19371],[-122.707665,42.193575],[-122.707084,42.193293],[-122.706984,42.193308],[-122.706923,42.193367],[-122.706957,42.193456],[-122.706992,42.193473],[-122.707532,42.193743]]]}},{"type":"Feature","properties":{"id":"way/168720916","building":"yes","name":"Ticor Title"},"geometry":{"type":"Polygon","coordinates":[[[-122.712395,42.196519],[-122.712489,42.196548],[-122.712482,42.19656],[-122.71239,42.196726],[-122.712374,42.196754],[-122.712281,42.196725],[-122.712395,42.196519]]]}},{"type":"Feature","properties":{"id":"way/168720918","highway":"residential","layer":"-1","name":"Water Street","tunnel":"yes"},"geometry":{"type":"LineString","coordinates":[[-122.713695,42.201105],[-122.713771,42.201026]]}},{"type":"Feature","properties":{"id":"way/168720919","highway":"residential","name":"Water Street"},"geometry":{"type":"LineString","coordinates":[[-122.713771,42.201026],[-122.713819,42.200976],[-122.713829,42.200959],[-122.713845,42.200905],[-122.713872,42.200832],[-122.714453,42.199882],[-122.714686,42.199461]]}},{"type":"Feature","properties":{"id":"way/168720921","building":"yes","name":"le petit café & crêperie","amenity":"cafe"},"geometry":{"type":"Polygon","coordinates":[[[-122.715477,42.19797],[-122.715428,42.197994],[-122.715395,42.197958],[-122.715444,42.197934],[-122.715477,42.19797]]]}},{"type":"Feature","properties":{"id":"way/168720922","building":"yes","name":"Wells Fargo","amenity":"bank"},"geometry":{"type":"Polygon","coordinates":[[[-122.714258,42.197265],[-122.714307,42.197213],[-122.714279,42.197199],[-122.714359,42.197115],[-122.714141,42.197001],[-122.714161,42.196979],[-122.714125,42.19696],[-122.714116,42.19697],[-122.714049,42.196935],[-122.713974,42.197013],[-122.71401,42.197031],[-122.71395,42.197094],[-122.713976,42.197107],[-122.713958,42.197126],[-122.714213,42.19726],[-122.714225,42.197248],[-122.714258,42.197265]]]}},{"type":"Feature","properties":{"id":"way/168720926","building":"yes","name":"Zoey's Cafe","amenity":"cafe"},"geometry":{"type":"Polygon","coordinates":[[[-122.712349,42.196279],[-122.712489,42.196134],[-122.712393,42.196081],[-122.71225,42.196227],[-122.712349,42.196279]]]}},{"type":"Feature","properties":{"id":"way/168720927","building":"yes"},"geometry":{"type":"Polygon","coordinates":[[[-122.711999,42.196613],[-122.712066,42.196646],[-122.712075,42.196636],[-122.712137,42.196666],[-122.71226,42.196529],[-122.712116,42.196458],[-122.712097,42.196478],[-122.712119,42.196489],[-122.712062,42.196553],[-122.712037,42.19654],[-122.712008,42.196572],[-122.712027,42.196581],[-122.711999,42.196613]]]}},{"type":"Feature","properties":{"id":"way/168720928","building":"yes","name":"Beasy's on the Creek","amenity":"restaurant"},"geometry":{"type":"Polygon","coordinates":[[[-122.715811,42.199163],[-122.715784,42.199127],[-122.715763,42.199124],[-122.71575,42.199141],[-122.715668,42.199112],[-122.715624,42.199032],[-122.715682,42.198943],[-122.715786,42.198924],[-122.715815,42.198932],[-122.715885,42.19895],[-122.715931,42.199017],[-122.715839,42.199132],[-122.71585,42.199152],[-122.715811,42.199163]]]}},{"type":"Feature","properties":{"id":"way/168720929","building":"yes"},"geometry":{"type":"Polygon","coordinates":[[[-122.708679,42.198317],[-122.708751,42.19813],[-122.709819,42.198365],[-122.709759,42.198524],[-122.709592,42.19849],[-122.709573,42.198539],[-122.709488,42.198522],[-122.709507,42.198471],[-122.709403,42.198447],[-122.709431,42.198369],[-122.70887,42.198249],[-122.708833,42.198349],[-122.708679,42.198317]]]}},{"type":"Feature","properties":{"id":"way/168720930","building":"yes","name":"Ace Hardware"},"geometry":{"type":"Polygon","coordinates":[[[-122.711033,42.199109],[-122.710795,42.199058],[-122.710785,42.199082],[-122.710416,42.199005],[-122.710409,42.199036],[-122.710329,42.199019],[-122.710312,42.199076],[-122.710386,42.199087],[-122.710327,42.199258],[-122.710374,42.199271],[-122.710359,42.199302],[-122.71088,42.199471],[-122.711033,42.199109]]]}},{"type":"Feature","properties":{"id":"way/168720931","building":"hotel"},"geometry":{"type":"Polygon","coordinates":[[[-122.715447,42.199433],[-122.715422,42.199424],[-122.715377,42.199492],[-122.715403,42.199501],[-122.715376,42.199542],[-122.715398,42.19955],[-122.715382,42.199575],[-122.715403,42.199583],[-122.715359,42.199651],[-122.71546,42.199687],[-122.715444,42.199713],[-122.715411,42.199762],[-122.71553,42.199805],[-122.715563,42.199754],[-122.715597,42.199702],[-122.715513,42.199672],[-122.715541,42.199631],[-122.715678,42.19968],[-122.71567,42.199692],[-122.71579,42.199735],[-122.716069,42.199311],[-122.715774,42.199214],[-122.715756,42.199244],[-122.715595,42.199191],[-122.715571,42.199231],[-122.715548,42.199223],[-122.715502,42.199299],[-122.715529,42.199308],[-122.71551,42.19934],[-122.715533,42.199348],[-122.715523,42.199365],[-122.715594,42.199389],[-122.715572,42.199424],[-122.7155,42.199401],[-122.71549,42.199417],[-122.715463,42.199408],[-122.715447,42.199433]]]}},{"type":"Feature","properties":{"id":"way/168720932","building":"yes","name":"Enders Building"},"geometry":{"type":"Polygon","coordinates":[[[-122.711905,42.195521],[-122.712183,42.195667],[-122.712381,42.19546],[-122.712103,42.195315],[-122.711905,42.195521]]]}},{"type":"Feature","properties":{"id":"way/168720933","building":"yes"},"geometry":{"type":"Polygon","coordinates":[[[-122.716131,42.198385],[-122.716296,42.198315],[-122.716348,42.198385],[-122.716235,42.198435],[-122.716164,42.198436],[-122.716131,42.198385]]]}},{"type":"Feature","properties":{"id":"way/168720934","building":"yes"},"geometry":{"type":"Polygon","coordinates":[[[-122.712598,42.195512],[-122.71266,42.195443],[-122.712518,42.195369],[-122.712452,42.195435],[-122.712598,42.195512]]]}},{"type":"Feature","properties":{"id":"way/168720935","building":"yes"},"geometry":{"type":"Polygon","coordinates":[[[-122.710963,42.195374],[-122.711007,42.195256],[-122.710943,42.195219],[-122.710888,42.19536],[-122.710963,42.195374]]]}},{"type":"Feature","properties":{"id":"way/168720936","building":"yes","name":"First National Bank Building"},"geometry":{"type":"Polygon","coordinates":[[[-122.714086,42.196664],[-122.714297,42.196439],[-122.714392,42.196488],[-122.714181,42.196713],[-122.714086,42.196664]]]}},{"type":"Feature","properties":{"id":"way/168720938","building":"retail","name":"All's Well"},"geometry":{"type":"Polygon","coordinates":[[[-122.714527,42.197753],[-122.714315,42.197687],[-122.714353,42.197619],[-122.714564,42.197687],[-122.714527,42.197753]]]}},{"type":"Feature","properties":{"id":"way/168720939","building":"yes"},"geometry":{"type":"Polygon","coordinates":[[[-122.715115,42.197941],[-122.714907,42.197961],[-122.714886,42.197828],[-122.715004,42.197819],[-122.715115,42.197941]]]}},{"type":"Feature","properties":{"id":"way/168720941","building":"yes"},"geometry":{"type":"Polygon","coordinates":[[[-122.709375,42.199037],[-122.70947,42.198797],[-122.709265,42.198752],[-122.70917,42.198993],[-122.709375,42.199037]]]}},{"type":"Feature","properties":{"id":"way/168720942","building":"yes"},"geometry":{"type":"Polygon","coordinates":[[[-122.710386,42.195115],[-122.710456,42.194942],[-122.710375,42.194893],[-122.710299,42.195095],[-122.710386,42.195115]]]}},{"type":"Feature","properties":{"id":"way/168720943","building":"yes"},"geometry":{"type":"Polygon","coordinates":[[[-122.708059,42.19867],[-122.70809,42.198589],[-122.707931,42.198556],[-122.7079,42.198636],[-122.708059,42.19867]]]}},{"type":"Feature","properties":{"id":"way/168720944","building":"yes"},"geometry":{"type":"Polygon","coordinates":[[[-122.710785,42.195338],[-122.71085,42.195169],[-122.710671,42.195069],[-122.710518,42.195284],[-122.710785,42.195338]]]}},{"type":"Feature","properties":{"id":"way/168720945","building":"yes","name":"Vaupel Store and Oregon Hotel Buildings"},"geometry":{"type":"Polygon","coordinates":[[[-122.714181,42.196713],[-122.714392,42.196488],[-122.714558,42.196574],[-122.714347,42.196799],[-122.714181,42.196713]]]}},{"type":"Feature","properties":{"id":"way/168720947","building":"retail"},"geometry":{"type":"Polygon","coordinates":[[[-122.710194,42.195071],[-122.710282,42.194849],[-122.710049,42.194738],[-122.709941,42.195019],[-122.710194,42.195071]]]}},{"type":"Feature","properties":{"id":"way/168720948","building":"yes"},"geometry":{"type":"Polygon","coordinates":[[[-122.71296,42.196325],[-122.712808,42.196483],[-122.712951,42.196562],[-122.713098,42.196406],[-122.71296,42.196325]]]}},{"type":"Feature","properties":{"id":"way/168720949","building":"yes"},"geometry":{"type":"Polygon","coordinates":[[[-122.714484,42.196843],[-122.714578,42.196731],[-122.714641,42.196762],[-122.714573,42.196888],[-122.714484,42.196843]]]}},{"type":"Feature","properties":{"id":"way/168720950","building":"yes","name":"Eufloria"},"geometry":{"type":"Polygon","coordinates":[[[-122.709742,42.194846],[-122.709801,42.194678],[-122.709699,42.194658],[-122.70964,42.194826],[-122.709742,42.194846]]]}},{"type":"Feature","properties":{"id":"way/168720951","building":"yes"},"geometry":{"type":"Polygon","coordinates":[[[-122.715665,42.197014],[-122.715659,42.196955],[-122.715881,42.196947],[-122.715892,42.197005],[-122.715665,42.197014]]]}},{"type":"Feature","properties":{"id":"way/168720952","building":"yes","name":"Ashland Drug","amenity":"pharmacy"},"geometry":{"type":"Polygon","coordinates":[[[-122.711303,42.196131],[-122.711402,42.196029],[-122.711055,42.195833],[-122.711028,42.195904],[-122.711005,42.195963],[-122.711303,42.196131]]]}},{"type":"Feature","properties":{"id":"way/168720953","building":"yes"},"geometry":{"type":"Polygon","coordinates":[[[-122.710888,42.19536],[-122.710943,42.195219],[-122.71085,42.195169],[-122.710785,42.195338],[-122.710888,42.19536]]]}},{"type":"Feature","properties":{"id":"way/168720954","building":"yes"},"geometry":{"type":"Polygon","coordinates":[[[-122.715659,42.196889],[-122.715645,42.196767],[-122.715885,42.196734],[-122.715898,42.196876],[-122.715659,42.196889]]]}},{"type":"Feature","properties":{"id":"way/168720957","building":"yes","name":"Ashland Masonic Lodge Building"},"geometry":{"type":"Polygon","coordinates":[[[-122.715674,42.197143],[-122.715665,42.197014],[-122.715892,42.197005],[-122.716036,42.196998],[-122.716046,42.197126],[-122.715674,42.197143]]]}},{"type":"Feature","properties":{"id":"way/168720958","building":"yes"},"geometry":{"type":"Polygon","coordinates":[[[-122.71572,42.197644],[-122.715708,42.19749],[-122.716019,42.197476],[-122.716031,42.197632],[-122.715993,42.197635],[-122.71572,42.197644]]]}},{"type":"Feature","properties":{"id":"way/168720959","building":"yes"},"geometry":{"type":"Polygon","coordinates":[[[-122.710518,42.195284],[-122.710671,42.195069],[-122.71055,42.194993],[-122.710429,42.195168],[-122.710385,42.195231],[-122.710518,42.195284]]]}},{"type":"Feature","properties":{"id":"way/168720960","building":"yes"},"geometry":{"type":"Polygon","coordinates":[[[-122.714808,42.197683],[-122.714805,42.19766],[-122.714801,42.197506],[-122.714887,42.197498],[-122.715067,42.197551],[-122.715178,42.197654],[-122.714808,42.197683]]]}},{"type":"Feature","properties":{"id":"way/168720961","building":"commercial"},"geometry":{"type":"Polygon","coordinates":[[[-122.715885,42.196734],[-122.716202,42.196709],[-122.716213,42.196865],[-122.71611,42.196868],[-122.715898,42.196876],[-122.715885,42.196734]]]}},{"type":"Feature","properties":{"id":"way/168720962","building":"yes"},"geometry":{"type":"Polygon","coordinates":[[[-122.710429,42.195168],[-122.71055,42.194993],[-122.710456,42.194942],[-122.710386,42.195115],[-122.710373,42.195147],[-122.710429,42.195168]]]}},{"type":"Feature","properties":{"id":"way/168720963","building":"yes"},"geometry":{"type":"Polygon","coordinates":[[[-122.713098,42.196406],[-122.712951,42.196562],[-122.712942,42.196572],[-122.713093,42.19666],[-122.713252,42.196486],[-122.713098,42.196406]]]}},{"type":"Feature","properties":{"id":"way/168720964","building":"retail"},"geometry":{"type":"Polygon","coordinates":[[[-122.710638,42.194801],[-122.710827,42.194598],[-122.710679,42.194511],[-122.710617,42.194574],[-122.710553,42.194645],[-122.710543,42.194641],[-122.710479,42.194707],[-122.710638,42.194801]]]}},{"type":"Feature","properties":{"id":"way/168720965","building":"yes"},"geometry":{"type":"Polygon","coordinates":[[[-122.711404,42.195502],[-122.71122,42.195678],[-122.711376,42.195768],[-122.711392,42.195752],[-122.711558,42.195594],[-122.711404,42.195502]]]}},{"type":"Feature","properties":{"id":"way/168720966","building":"yes"},"geometry":{"type":"Polygon","coordinates":[[[-122.713252,42.196486],[-122.713093,42.19666],[-122.713041,42.196717],[-122.71316,42.196778],[-122.713373,42.19655],[-122.713252,42.196486]]]}},{"type":"Feature","properties":{"id":"way/168720967","building":"yes"},"geometry":{"type":"Polygon","coordinates":[[[-122.715067,42.197551],[-122.714806,42.197348],[-122.71473,42.197471],[-122.714706,42.197512],[-122.714801,42.197506],[-122.714887,42.197498],[-122.715067,42.197551]]]}},{"type":"Feature","properties":{"id":"way/168720968","building":"yes"},"geometry":{"type":"Polygon","coordinates":[[[-122.712442,42.196362],[-122.712222,42.196247],[-122.712186,42.196285],[-122.71221,42.196298],[-122.712184,42.196325],[-122.71238,42.196427],[-122.712442,42.196362]]]}},{"type":"Feature","properties":{"id":"way/168720969","building":"yes"},"geometry":{"type":"Polygon","coordinates":[[[-122.715659,42.196955],[-122.715659,42.196889],[-122.715898,42.196876],[-122.71611,42.196868],[-122.716115,42.196934],[-122.715881,42.196947],[-122.715659,42.196955]]]}},{"type":"Feature","properties":{"id":"way/168720970","building":"yes"},"geometry":{"type":"Polygon","coordinates":[[[-122.711579,42.195114],[-122.711428,42.195272],[-122.711905,42.195521],[-122.712103,42.195315],[-122.711772,42.195138],[-122.711723,42.195189],[-122.711579,42.195114]]]}},{"type":"Feature","properties":{"id":"way/168720971","building":"yes"},"geometry":{"type":"Polygon","coordinates":[[[-122.71473,42.196953],[-122.714826,42.196778],[-122.71466,42.196728],[-122.714641,42.196762],[-122.714573,42.196888],[-122.714564,42.196903],[-122.71473,42.196953]]]}},{"type":"Feature","properties":{"id":"way/168720972","building":"yes","name":"IOOF Building"},"geometry":{"type":"Polygon","coordinates":[[[-122.715731,42.197819],[-122.71572,42.197644],[-122.715993,42.197635],[-122.716,42.197753],[-122.715958,42.197755],[-122.715961,42.197812],[-122.715731,42.197819]]]}},{"type":"Feature","properties":{"id":"way/168720973","building":"yes"},"geometry":{"type":"Polygon","coordinates":[[[-122.714347,42.196799],[-122.714558,42.196574],[-122.714652,42.196642],[-122.714578,42.196731],[-122.714484,42.196843],[-122.714474,42.196855],[-122.714347,42.196799]]]}},{"type":"Feature","properties":{"id":"way/168720974","building":"yes","name":"Grange Coop"},"geometry":{"type":"Polygon","coordinates":[[[-122.70874,42.198846],[-122.708816,42.198643],[-122.708306,42.198537],[-122.70828,42.198605],[-122.708351,42.19862],[-122.7083,42.198756],[-122.70874,42.198846]]]}},{"type":"Feature","properties":{"id":"way/168720975","building":"yes"},"geometry":{"type":"Polygon","coordinates":[[[-122.715697,42.197387],[-122.715674,42.197143],[-122.716046,42.197126],[-122.716091,42.197123],[-122.716113,42.197366],[-122.716059,42.197369],[-122.715697,42.197387]]]}},{"type":"Feature","properties":{"id":"way/168720976","building":"yes"},"geometry":{"type":"Polygon","coordinates":[[[-122.709341,42.193956],[-122.709388,42.193904],[-122.709534,42.193741],[-122.709276,42.193615],[-122.709184,42.193717],[-122.709309,42.193779],[-122.709209,42.193891],[-122.709341,42.193956]]]}},{"type":"Feature","properties":{"id":"way/168720978","building":"yes"},"geometry":{"type":"Polygon","coordinates":[[[-122.711718,42.195683],[-122.711516,42.195886],[-122.711508,42.195894],[-122.7116,42.195945],[-122.71173,42.196016],[-122.711939,42.195805],[-122.711718,42.195683]]]}},{"type":"Feature","properties":{"id":"way/168720979","building":"yes"},"geometry":{"type":"Polygon","coordinates":[[[-122.71473,42.197471],[-122.714806,42.197348],[-122.714585,42.197217],[-122.714491,42.197381],[-122.714699,42.197444],[-122.71469,42.19746],[-122.71473,42.197471]]]}},{"type":"Feature","properties":{"id":"way/168720980","building":"yes"},"geometry":{"type":"Polygon","coordinates":[[[-122.715708,42.19749],[-122.715697,42.197387],[-122.716059,42.197369],[-122.716064,42.197426],[-122.716015,42.197428],[-122.716019,42.197476],[-122.715708,42.19749]]]}},{"type":"Feature","properties":{"id":"way/168720982","building":"yes","name":"Elks Lodge","amenity":"social_centre"},"geometry":{"type":"Polygon","coordinates":[[[-122.711558,42.195594],[-122.711392,42.195752],[-122.711448,42.195784],[-122.711408,42.195823],[-122.711516,42.195886],[-122.711718,42.195683],[-122.711558,42.195594]]]}},{"type":"Feature","properties":{"id":"way/168720983","building":"yes"},"geometry":{"type":"Polygon","coordinates":[[[-122.709941,42.195019],[-122.710194,42.195071],[-122.710217,42.195075],[-122.71021,42.195095],[-122.710168,42.195206],[-122.709896,42.195149],[-122.709941,42.195019]]]}},{"type":"Feature","properties":{"id":"way/168720984","building":"yes","name":"Cocorico","amenity":"restaurant"},"geometry":{"type":"Polygon","coordinates":[[[-122.71226,42.196529],[-122.712325,42.196443],[-122.712151,42.196357],[-122.71211,42.196358],[-122.71205,42.196424],[-122.712116,42.196458],[-122.71226,42.196529]]]}},{"type":"Feature","properties":{"id":"way/168720985","building":"yes","name":"Zi Spice","amenity":"restaurant"},"geometry":{"type":"Polygon","coordinates":[[[-122.710617,42.194574],[-122.7106,42.194565],[-122.710541,42.194527],[-122.71057,42.194499],[-122.71051,42.194464],[-122.710561,42.194418],[-122.710694,42.194498],[-122.710679,42.194511],[-122.710617,42.194574]]]}},{"type":"Feature","properties":{"id":"way/168720986","building":"yes"},"geometry":{"type":"Polygon","coordinates":[[[-122.713617,42.196679],[-122.713509,42.196791],[-122.713709,42.196857],[-122.71378,42.196784],[-122.713775,42.196756],[-122.713617,42.196679]]]}},{"type":"Feature","properties":{"id":"way/168720987","building":"yes"},"geometry":{"type":"Polygon","coordinates":[[[-122.710292,42.195116],[-122.710299,42.195095],[-122.710375,42.194893],[-122.710282,42.194849],[-122.710194,42.195071],[-122.710217,42.195075],[-122.71021,42.195095],[-122.710292,42.195116]]]}},{"type":"Feature","properties":{"id":"way/168720988","building":"yes"},"geometry":{"type":"Polygon","coordinates":[[[-122.712572,42.200182],[-122.712709,42.200059],[-122.712736,42.199996],[-122.711826,42.199701],[-122.711442,42.199578],[-122.711388,42.199671],[-122.711779,42.199798],[-122.712166,42.19998],[-122.712572,42.200182]]]}},{"type":"Feature","properties":{"id":"way/168720989","building":"yes"},"geometry":{"type":"Polygon","coordinates":[[[-122.711152,42.195107],[-122.711246,42.195008],[-122.711386,42.195082],[-122.711331,42.19514],[-122.711306,42.195157],[-122.711278,42.195161],[-122.711247,42.19516],[-122.711215,42.195146],[-122.711152,42.195107]]]}},{"type":"Feature","properties":{"id":"way/168720990","building":"yes"},"geometry":{"type":"Polygon","coordinates":[[[-122.71239,42.196726],[-122.712515,42.196764],[-122.712532,42.196733],[-122.712559,42.196739],[-122.712604,42.196655],[-122.712585,42.196647],[-122.712606,42.196599],[-122.712482,42.19656],[-122.71239,42.196726]]]}},{"type":"Feature","properties":{"id":"way/168720991","building":"yes","name":"Ashland Library","amenity":"library"},"geometry":{"type":"Polygon","coordinates":[[[-122.709845,42.194182],[-122.709875,42.194098],[-122.709898,42.194035],[-122.710154,42.194085],[-122.710149,42.1941],[-122.710103,42.194229],[-122.710036,42.194216],[-122.710026,42.194246],[-122.70991,42.194223],[-122.70992,42.194197],[-122.709845,42.194182]]]}},{"type":"Feature","properties":{"id":"way/168720992","building":"yes"},"geometry":{"type":"Polygon","coordinates":[[[-122.714814,42.197834],[-122.714809,42.197766],[-122.714808,42.197683],[-122.715178,42.197654],[-122.715326,42.197789],[-122.715241,42.197798],[-122.715004,42.197819],[-122.714886,42.197828],[-122.714814,42.197834]]]}},{"type":"Feature","properties":{"id":"way/168720993","building":"commercial"},"geometry":{"type":"Polygon","coordinates":[[[-122.710972,42.194998],[-122.711008,42.194898],[-122.711095,42.194916],[-122.711113,42.194874],[-122.711167,42.194887],[-122.71116,42.194903],[-122.711199,42.194913],[-122.711143,42.195062],[-122.711066,42.195045],[-122.711075,42.195019],[-122.710972,42.194998]]]}},{"type":"Feature","properties":{"id":"way/168720994","building":"yes","name":"A Street Arts Bldg"},"geometry":{"type":"Polygon","coordinates":[[[-122.710345,42.198813],[-122.710466,42.1985],[-122.710778,42.198565],[-122.710755,42.198627],[-122.710876,42.198652],[-122.710788,42.198887],[-122.710666,42.198862],[-122.710658,42.198883],[-122.710345,42.198813]]]}},{"type":"Feature","properties":{"id":"way/168720995","building":"yes"},"geometry":{"type":"Polygon","coordinates":[[[-122.712328,42.199675],[-122.712504,42.199365],[-122.712598,42.199394],[-122.712613,42.199368],[-122.713035,42.199499],[-122.712824,42.199872],[-122.71251,42.199774],[-122.71253,42.199738],[-122.712328,42.199675]]]}},{"type":"Feature","properties":{"id":"way/168720996","building":"yes"},"geometry":{"type":"Polygon","coordinates":[[[-122.711246,42.195008],[-122.711331,42.194919],[-122.711317,42.194911],[-122.71134,42.194888],[-122.711397,42.194918],[-122.711373,42.194944],[-122.711466,42.19499],[-122.711386,42.195082],[-122.711246,42.195008]]]}},{"type":"Feature","properties":{"id":"way/168721177","access":"yes","amenity":"parking","covered":"no","fee":"no","operator:type":"government","parking":"surface","surface":"asphalt"},"geometry":{"type":"Polygon","coordinates":[[[-122.713205,42.197721],[-122.713387,42.197379],[-122.713178,42.197273],[-122.71276,42.197094],[-122.71259,42.19731],[-122.712507,42.197274],[-122.712464,42.197329],[-122.711771,42.19709],[-122.711725,42.197421],[-122.712259,42.197588],[-122.712367,42.197442],[-122.713205,42.197721]]]}},{"type":"Feature","properties":{"id":"way/168721178","access":"private","amenity":"parking","operator":"BPOE"},"geometry":{"type":"Polygon","coordinates":[[[-122.711284,42.196343],[-122.711587,42.196495],[-122.711662,42.196519],[-122.711695,42.196482],[-122.711732,42.196501],[-122.711751,42.196491],[-122.711909,42.19632],[-122.711862,42.196276],[-122.711811,42.196251],[-122.711851,42.196209],[-122.71145,42.195989],[-122.711304,42.196136],[-122.711424,42.196194],[-122.711345,42.19628],[-122.711284,42.196343]]]}},{"type":"Feature","properties":{"id":"way/168721193","amenity":"parking","parking":"surface"},"geometry":{"type":"Polygon","coordinates":[[[-122.713009,42.196729],[-122.713074,42.196658],[-122.71279,42.196514],[-122.712724,42.196585],[-122.713009,42.196729]]]}},{"type":"Feature","properties":{"id":"way/168721201","amenity":"parking"},"geometry":{"type":"Polygon","coordinates":[[[-122.713861,42.197401],[-122.713869,42.197392],[-122.713883,42.197391],[-122.713932,42.197407],[-122.713917,42.197434],[-122.713989,42.197455],[-122.713979,42.197481],[-122.714068,42.197539],[-122.714075,42.197535],[-122.714086,42.197535],[-122.71415,42.197556],[-122.714259,42.197363],[-122.714194,42.197343],[-122.714023,42.197239],[-122.713961,42.197224],[-122.713967,42.197213],[-122.713864,42.197151],[-122.713795,42.197129],[-122.713698,42.197296],[-122.713764,42.197317],[-122.713753,42.197336],[-122.713861,42.197401]]]}},{"type":"Feature","properties":{"id":"way/168721208","amenity":"parking"},"geometry":{"type":"Polygon","coordinates":[[[-122.714781,42.197117],[-122.714834,42.197149],[-122.71508,42.197218],[-122.715138,42.197181],[-122.714825,42.197089],[-122.714781,42.197117]]]}},{"type":"Feature","properties":{"id":"way/168721209","amenity":"parking"},"geometry":{"type":"Polygon","coordinates":[[[-122.712814,42.196914],[-122.712949,42.196761],[-122.712697,42.196635],[-122.712585,42.196765],[-122.712645,42.196796],[-122.71261,42.196838],[-122.712814,42.196914]]]}},{"type":"Feature","properties":{"id":"way/168721213","amenity":"parking","covered":"no","parking":"surface","surface":"asphalt"},"geometry":{"type":"Polygon","coordinates":[[[-122.714979,42.199069],[-122.715251,42.19865],[-122.715402,42.198737],[-122.715553,42.198793],[-122.715518,42.198868],[-122.715052,42.199094],[-122.714979,42.199069]]]}},{"type":"Feature","properties":{"id":"way/168721217","access":"customers","amenity":"parking","parking":"surface","surface":"paved"},"geometry":{"type":"Polygon","coordinates":[[[-122.715209,42.198226],[-122.715278,42.198209],[-122.715375,42.198158],[-122.715447,42.198036],[-122.715379,42.198006],[-122.715363,42.197972],[-122.715371,42.197937],[-122.715392,42.19791],[-122.715427,42.197896],[-122.715374,42.197836],[-122.714897,42.198054],[-122.715064,42.198203],[-122.71513,42.198226],[-122.715209,42.198226]]]}},{"type":"Feature","properties":{"id":"way/168721219","amenity":"parking","covered":"no","parking":"surface","surface":"asphalt"},"geometry":{"type":"Polygon","coordinates":[[[-122.705799,42.193725],[-122.706015,42.192713],[-122.706731,42.193076],[-122.70673,42.193834],[-122.706663,42.193833],[-122.706664,42.193392],[-122.705924,42.193391],[-122.70586,42.193727],[-122.705799,42.193725]]]}},{"type":"Feature","properties":{"id":"way/168721221","access":"yes","amenity":"parking","parking":"surface","surface":"asphalt"},"geometry":{"type":"Polygon","coordinates":[[[-122.716719,42.194874],[-122.716839,42.194585],[-122.716936,42.194612],[-122.716807,42.194898],[-122.716368,42.196157],[-122.7163,42.196143],[-122.71636,42.19596],[-122.716719,42.194874]]]}},{"type":"Feature","properties":{"id":"way/168721223","amenity":"parking","capacity":"64","capacity:disabled":"3","covered":"no","parking":"surface","surface":"asphalt"},"geometry":{"type":"Polygon","coordinates":[[[-122.713254,42.195687],[-122.713529,42.19539],[-122.713476,42.195361],[-122.713481,42.195344],[-122.713528,42.195297],[-122.713268,42.195169],[-122.71323,42.195216],[-122.713167,42.195224],[-122.713134,42.195208],[-122.712926,42.195435],[-122.712969,42.195459],[-122.712945,42.195483],[-122.71291,42.195517],[-122.712953,42.195539],[-122.712916,42.195579],[-122.713162,42.195704],[-122.713203,42.195659],[-122.713254,42.195687]]]}},{"type":"Feature","properties":{"id":"way/168721225","access":"yes","amenity":"parking","parking":"surface","surface":"asphalt"},"geometry":{"type":"Polygon","coordinates":[[[-122.716994,42.194362],[-122.717125,42.194157],[-122.717207,42.194066],[-122.717623,42.193717],[-122.717701,42.193765],[-122.71726,42.194085],[-122.717213,42.194131],[-122.717159,42.194205],[-122.717062,42.194379],[-122.716994,42.194362]]]}},{"type":"Feature","properties":{"id":"way/168721229","building":"yes","name":"Astro","amenity":"fuel"},"geometry":{"type":"Polygon","coordinates":[[[-122.70965,42.194666],[-122.709702,42.194609],[-122.709541,42.194528],[-122.709489,42.194585],[-122.70965,42.194666]]]}},{"type":"Feature","properties":{"id":"way/168881753","building":"shelter","name":"Butler Bandshell","amenity":"theatre"},"geometry":{"type":"Polygon","coordinates":[[[-122.717975,42.193],[-122.71799,42.192906],[-122.717925,42.1929],[-122.717929,42.192873],[-122.717874,42.192869],[-122.717853,42.193003],[-122.717909,42.193007],[-122.717911,42.192995],[-122.717975,42.193]]]}},{"type":"Feature","properties":{"id":"way/168881754","building":"yes","name":"Enders Shelter"},"geometry":{"type":"Polygon","coordinates":[[[-122.717851,42.193339],[-122.717725,42.193338],[-122.717726,42.19324],[-122.717852,42.193241],[-122.717851,42.193339]]]}},{"type":"Feature","properties":{"id":"way/168881761","building":"yes","name":"Modern Barber Shop"},"geometry":{"type":"Polygon","coordinates":[[[-122.714527,42.197753],[-122.714564,42.197687],[-122.714764,42.197754],[-122.714728,42.197821],[-122.714524,42.197758],[-122.714527,42.197753]]]}},{"type":"Feature","properties":{"id":"way/168881765","highway":"unclassified","maxspeed":"25 mph","name":"Winburn Way"},"geometry":{"type":"LineString","coordinates":[[-122.717,42.194575],[-122.716821,42.194995],[-122.716742,42.195216],[-122.716478,42.195968],[-122.716328,42.196431],[-122.716296,42.196502]]}},{"type":"Feature","properties":{"id":"way/180144122","highway":"unclassified","maxspeed":"15 mph","name":"Winburn Way","source":"Bing"},"geometry":{"type":"LineString","coordinates":[[-122.718675,42.188296],[-122.718602,42.188909],[-122.7186,42.189022],[-122.718641,42.189255],[-122.718661,42.189383],[-122.718705,42.189569],[-122.718726,42.189737],[-122.718729,42.189902],[-122.718723,42.190045],[-122.718699,42.190193],[-122.718638,42.190345],[-122.718441,42.190665],[-122.718364,42.1908],[-122.718345,42.190848],[-122.718313,42.190927],[-122.718307,42.191017],[-122.718304,42.191066],[-122.718322,42.191327],[-122.718326,42.191385],[-122.718322,42.191528],[-122.718304,42.191661],[-122.718282,42.191771],[-122.718214,42.191975],[-122.718197,42.192059],[-122.718195,42.192143],[-122.718201,42.192209],[-122.718214,42.192272],[-122.718242,42.192345],[-122.718377,42.192698],[-122.718535,42.193144],[-122.718537,42.193213],[-122.718526,42.19327],[-122.718489,42.193345],[-122.71844,42.193403],[-122.718393,42.193444],[-122.718356,42.193471],[-122.718326,42.193492],[-122.718253,42.19353],[-122.718089,42.193615],[-122.718026,42.193647],[-122.717742,42.193817],[-122.717406,42.194017],[-122.71731,42.194081],[-122.717301,42.194088],[-122.71725,42.194131],[-122.717211,42.194177],[-122.717184,42.194233],[-122.717139,42.194316],[-122.717075,42.194429],[-122.717,42.194575]]}},{"type":"Feature","properties":{"id":"way/186106880","building":"yes"},"geometry":{"type":"Polygon","coordinates":[[[-122.712701,42.19542],[-122.712332,42.195235],[-122.712539,42.195008],[-122.712908,42.195193],[-122.712701,42.19542]]]}},{"type":"Feature","properties":{"id":"way/186106881","access":"private","amenity":"parking","covered":"no","operator":"BPOE","operator:type":"private","parking":"surface","surface":"asphalt"},"geometry":{"type":"Polygon","coordinates":[[[-122.710928,42.196166],[-122.711284,42.196343],[-122.711345,42.19628],[-122.711424,42.196194],[-122.711304,42.196136],[-122.711005,42.195968],[-122.710928,42.196166]]]}},{"type":"Feature","properties":{"id":"way/205007920","building":"yes","name":"Windermere Real Estate"},"geometry":{"type":"Polygon","coordinates":[[[-122.709876,42.195567],[-122.709738,42.19554],[-122.7097,42.195642],[-122.709837,42.195671],[-122.709876,42.195567]]]}},{"type":"Feature","properties":{"id":"way/205007924","building":"yes","name":"OSF Building (unknown)"},"geometry":{"type":"Polygon","coordinates":[[[-122.714276,42.196217],[-122.71408,42.196114],[-122.713946,42.196255],[-122.714142,42.196357],[-122.714276,42.196217]]]}},{"type":"Feature","properties":{"id":"way/205007927","building":"yes"},"geometry":{"type":"Polygon","coordinates":[[[-122.707977,42.19718],[-122.707931,42.197299],[-122.707671,42.197244],[-122.707718,42.197125],[-122.707977,42.19718]]]}},{"type":"Feature","properties":{"id":"way/205008335","building":"yes","name":"Briscoe Elementary School (closed)"},"geometry":{"type":"Polygon","coordinates":[[[-122.719342,42.201537],[-122.719243,42.201415],[-122.719192,42.201433],[-122.718884,42.201037],[-122.719364,42.200825],[-122.719251,42.200674],[-122.7185,42.20099],[-122.718642,42.201169],[-122.718688,42.201151],[-122.718943,42.201485],[-122.718919,42.201502],[-122.719047,42.201668],[-122.719342,42.201537]]]}},{"type":"Feature","properties":{"id":"way/205017893","building":"yes"},"geometry":{"type":"Polygon","coordinates":[[[-122.712962,42.194512],[-122.712759,42.194417],[-122.712682,42.194508],[-122.712885,42.194603],[-122.712962,42.194512]]]}},{"type":"Feature","properties":{"id":"way/225821305","building":"yes","name":"Historic Ashland Armory"},"geometry":{"type":"Polygon","coordinates":[[[-122.713366,42.198843],[-122.712888,42.198686],[-122.713035,42.19844],[-122.713513,42.198597],[-122.71346,42.19869],[-122.713468,42.198708],[-122.713433,42.198768],[-122.713406,42.198774],[-122.713366,42.198843]]]}},{"type":"Feature","properties":{"id":"way/250250821","highway":"tertiary","lanes":"2","maxspeed":"20 mph","name":"A Street","source:maxspeed":"sign","surface":"asphalt"},"geometry":{"type":"LineString","coordinates":[[-122.711112,42.199048],[-122.711202,42.199063],[-122.711445,42.199115],[-122.711549,42.199143],[-122.7116,42.199168],[-122.711631,42.199203],[-122.711644,42.199236],[-122.711647,42.199292],[-122.711646,42.19952],[-122.711655,42.199548],[-122.711669,42.199582],[-122.711694,42.199605],[-122.711732,42.19962],[-122.712072,42.199728],[-122.712166,42.199757],[-122.712787,42.199954],[-122.712858,42.199974]]}},{"type":"Feature","properties":{"id":"way/250250824","layer":"-1","name":"Ashland Creek","tunnel":"yes","waterway":"stream","wikidata":"Q14708747"},"geometry":{"type":"LineString","coordinates":[[-122.713448,42.200562],[-122.713362,42.200669]]}},{"type":"Feature","properties":{"id":"way/250250825","name":"Ashland Creek","waterway":"stream","wikidata":"Q14708747"},"geometry":{"type":"LineString","coordinates":[[-122.713362,42.200669],[-122.713336,42.200715]]}},{"type":"Feature","properties":{"id":"way/250250831","highway":"residential","name":"Bush Street","oneway":"yes"},"geometry":{"type":"LineString","coordinates":[[-122.717424,42.200133],[-122.717383,42.200177],[-122.717356,42.200193],[-122.717227,42.200259],[-122.717145,42.200313],[-122.71704,42.200398],[-122.716974,42.200433],[-122.71691,42.200471],[-122.716838,42.200533],[-122.716778,42.200586],[-122.716737,42.200628],[-122.716685,42.20069]]}},{"type":"Feature","properties":{"id":"way/250250833","cycleway:right":"lane","highway":"primary","lanes":"3","maxspeed":"20 mph","name":"East Main Street","old_ref":"US 99","oneway":"yes","operator":"City of Ashland","ref":"OR 99","surface":"asphalt"},"geometry":{"type":"LineString","coordinates":[[-122.710068,42.194586],[-122.709961,42.194523],[-122.709824,42.194435]]}},{"type":"Feature","properties":{"id":"way/250250836","highway":"residential","name":"Helman Street"},"geometry":{"type":"LineString","coordinates":[[-122.716377,42.199043],[-122.716366,42.199077],[-122.716346,42.199107],[-122.716336,42.199122],[-122.7161,42.199489],[-122.715877,42.199837],[-122.715619,42.200233],[-122.715574,42.200302],[-122.715534,42.200366],[-122.715202,42.200888],[-122.714811,42.201469],[-122.71465,42.201732],[-122.714627,42.201768],[-122.714597,42.201815],[-122.714054,42.202652],[-122.713811,42.203033],[-122.713787,42.203072],[-122.713546,42.203452],[-122.713506,42.203516],[-122.713256,42.203904],[-122.712951,42.20438],[-122.711852,42.20607],[-122.711829,42.20611],[-122.711813,42.206168],[-122.711805,42.206214],[-122.711709,42.207093],[-122.711705,42.207145],[-122.711708,42.207187],[-122.711722,42.207231],[-122.711747,42.207282],[-122.711773,42.207327],[-122.712067,42.207884],[-122.712102,42.207969],[-122.712124,42.208059],[-122.712135,42.208186],[-122.712139,42.208419],[-122.71214,42.208512],[-122.712156,42.209421],[-122.71216,42.209671],[-122.712158,42.209767],[-122.712147,42.210408],[-122.712146,42.210455]]}},{"type":"Feature","properties":{"id":"way/250250838","highway":"tertiary","name":"North 1st Street","oneway":"yes","surface":"asphalt"},"geometry":{"type":"LineString","coordinates":[[-122.711775,42.19664],[-122.711736,42.196718],[-122.711688,42.197101],[-122.711652,42.197357],[-122.711589,42.197802],[-122.711576,42.197893],[-122.711534,42.197956],[-122.71141,42.198278],[-122.711383,42.198347],[-122.711265,42.198649],[-122.711144,42.198969],[-122.711138,42.198985],[-122.711112,42.199048]]}},{"type":"Feature","properties":{"id":"way/250250839","highway":"residential","name":"3rd Street","oneway":"no"},"geometry":{"type":"LineString","coordinates":[[-122.709747,42.195227],[-122.709698,42.195344],[-122.709449,42.195963],[-122.709414,42.196054],[-122.709122,42.196821],[-122.708945,42.197278],[-122.708779,42.197719],[-122.708723,42.197866],[-122.708635,42.198095],[-122.708508,42.198428],[-122.708479,42.198501]]}},{"type":"Feature","properties":{"id":"way/250250840","highway":"residential","lane_markings":"no","name":"North Pioneer Street","surface":"asphalt"},"geometry":{"type":"LineString","coordinates":[[-122.713568,42.197331],[-122.713522,42.197409],[-122.713473,42.197492],[-122.713375,42.197662],[-122.713016,42.198263],[-122.712984,42.198316],[-122.712937,42.198397],[-122.712721,42.198766],[-122.712604,42.198967],[-122.712528,42.199104],[-122.712201,42.199695],[-122.712166,42.199757]]}},{"type":"Feature","properties":{"id":"way/250250842","cycleway":"shared_lane","highway":"tertiary","lanes":"2","maxspeed":"25","name":"Oak Street","oneway":"no","surface":"asphalt","traffic_calming":"hump"},"geometry":{"type":"LineString","coordinates":[[-122.712858,42.199974],[-122.712822,42.200029],[-122.712768,42.200091],[-122.712728,42.200129],[-122.712666,42.20018],[-122.712605,42.200227],[-122.712532,42.200283],[-122.712496,42.200311],[-122.712454,42.200342],[-122.711375,42.201113],[-122.711025,42.201402],[-122.710968,42.201447],[-122.710899,42.201522],[-122.710874,42.201555],[-122.710848,42.201611],[-122.710444,42.202733],[-122.710398,42.202861],[-122.710152,42.20355],[-122.710097,42.203707],[-122.71001,42.203958],[-122.709802,42.204526],[-122.709736,42.204707],[-122.709596,42.205094],[-122.70955,42.20522],[-122.709424,42.205568],[-122.70941,42.205639],[-122.709404,42.205708],[-122.709403,42.205728],[-122.709403,42.205871],[-122.709403,42.206118],[-122.7094,42.206193],[-122.709397,42.206421],[-122.709397,42.20652],[-122.709394,42.206692],[-122.709392,42.206963],[-122.709391,42.207017],[-122.709387,42.207396],[-122.709381,42.208062],[-122.709378,42.208142],[-122.709347,42.208909],[-122.709334,42.209233],[-122.709331,42.209339],[-122.709319,42.209482],[-122.709297,42.209814],[-122.709258,42.210398],[-122.709255,42.210454]]}},{"type":"Feature","properties":{"id":"way/250250843","cycleway":"shared_lane","highway":"residential","name":"Oak Street"},"geometry":{"type":"LineString","coordinates":[[-122.714165,42.19772],[-122.714123,42.197798],[-122.713733,42.198497],[-122.713707,42.198542],[-122.713662,42.198621],[-122.713336,42.19919],[-122.712858,42.199974]]}},{"type":"Feature","properties":{"id":"way/250250851","bridge":"yes","highway":"residential","layer":"1","name":"Water Street"},"geometry":{"type":"LineString","coordinates":[[-122.714686,42.199461],[-122.714795,42.199269]]}},{"type":"Feature","properties":{"id":"way/250250852","highway":"residential","name":"Water Street"},"geometry":{"type":"LineString","coordinates":[[-122.714795,42.199269],[-122.714932,42.199038],[-122.714966,42.198981],[-122.715399,42.198237],[-122.715418,42.19821],[-122.71543,42.198192],[-122.715442,42.198175]]}},{"type":"Feature","properties":{"id":"way/250250854","highway":"unclassified","maxspeed":"25 mph","name":"Winburn Way","oneway":"no","sidewalk:both":"separate","surface":"asphalt"},"geometry":{"type":"LineString","coordinates":[[-122.716157,42.196612],[-122.716106,42.196638],[-122.716044,42.196658],[-122.71597,42.196665],[-122.715733,42.196673],[-122.715653,42.19668],[-122.715604,42.196691],[-122.715569,42.196704],[-122.715551,42.19672],[-122.715525,42.196756],[-122.715453,42.196919]]}},{"type":"Feature","properties":{"id":"way/250250855","bridge":"yes","highway":"unclassified","layer":"1","maxspeed":"25 mph","name":"Winburn Way"},"geometry":{"type":"LineString","coordinates":[[-122.716296,42.196502],[-122.716281,42.196526],[-122.716257,42.196548],[-122.716237,42.196568],[-122.716206,42.196587],[-122.716157,42.196612]]}},{"type":"Feature","properties":{"id":"way/253232779","building":"yes","name":"First Baptist Church"},"geometry":{"type":"Polygon","coordinates":[[[-122.712693,42.194973],[-122.712705,42.19496],[-122.712722,42.19495],[-122.712747,42.19494],[-122.712776,42.194935],[-122.712806,42.194937],[-122.712831,42.194946],[-122.712969,42.195025],[-122.712974,42.19502],[-122.713015,42.195041],[-122.71299,42.195072],[-122.712979,42.195068],[-122.712921,42.19513],[-122.712929,42.195133],[-122.712903,42.195161],[-122.712861,42.19514],[-122.712866,42.195135],[-122.712823,42.195112],[-122.712816,42.19512],[-122.712713,42.195067],[-122.712697,42.195052],[-122.712683,42.195031],[-122.71268,42.19501],[-122.712683,42.19499],[-122.712693,42.194973]]]}},{"type":"Feature","properties":{"id":"way/253233821","building":"yes","name":"Trinity Episcopal Church","amenity":"place_of_worship"},"geometry":{"type":"Polygon","coordinates":[[[-122.710741,42.19571],[-122.710829,42.195727],[-122.710807,42.195788],[-122.710751,42.195777],[-122.710747,42.195788],[-122.710465,42.19573],[-122.710491,42.195657],[-122.710559,42.19567],[-122.710578,42.195617],[-122.710762,42.195653],[-122.710741,42.19571]]]}},{"type":"Feature","properties":{"id":"way/253287315","highway":"residential","lane_markings":"no","lanes":"2","maxspeed":"20 mph","name":"A Street","source:maxspeed":"sign","surface":"asphalt"},"geometry":{"type":"LineString","coordinates":[[-122.701954,42.197084],[-122.701967,42.1971],[-122.702017,42.197131],[-122.702067,42.197143],[-122.703223,42.197388],[-122.704547,42.197669],[-122.705848,42.197944],[-122.707076,42.198201],[-122.707163,42.198222],[-122.707278,42.198247],[-122.708479,42.198501],[-122.708988,42.198609],[-122.709195,42.198653],[-122.709523,42.198722],[-122.709794,42.19878],[-122.711112,42.199048]]}},{"type":"Feature","properties":{"id":"way/292231465","building":"commercial"},"geometry":{"type":"Polygon","coordinates":[[[-122.707578,42.201125],[-122.706772,42.201126],[-122.706774,42.201225],[-122.707715,42.201218],[-122.707716,42.20078],[-122.706776,42.200782],[-122.706773,42.200936],[-122.707576,42.200936],[-122.707578,42.201125]]]}},{"type":"Feature","properties":{"id":"way/325043794","amenity":"parking","operator":"Alley Cottage"},"geometry":{"type":"Polygon","coordinates":[[[-122.716073,42.20105],[-122.716032,42.201102],[-122.71598,42.201168],[-122.715946,42.201157],[-122.716035,42.201037],[-122.716073,42.20105]]]}},{"type":"Feature","properties":{"id":"way/347301646","cycleway:right":"lane","highway":"primary","lanes":"2","maxspeed":"20 mph","name":"Siskiyou Boulevard","old_ref":"US 99","oneway":"yes","operator":"City of Ashland","ref":"OR 99","source:maxspeed":"sign","surface":"asphalt"},"geometry":{"type":"LineString","coordinates":[[-122.708549,42.193867],[-122.708671,42.193926],[-122.708798,42.193999],[-122.70885,42.194041],[-122.708897,42.194085],[-122.708931,42.194126],[-122.709033,42.194262],[-122.709099,42.194351]]}},{"type":"Feature","properties":{"id":"way/369325413","building":"commercial","name":"Patina"},"geometry":{"type":"Polygon","coordinates":[[[-122.710297,42.195785],[-122.710349,42.195837],[-122.710417,42.195851],[-122.710439,42.195794],[-122.710416,42.19579],[-122.710436,42.195736],[-122.710322,42.195713],[-122.710297,42.195785]]]}},{"type":"Feature","properties":{"id":"way/369325414","building":"yes"},"geometry":{"type":"Polygon","coordinates":[[[-122.710491,42.195657],[-122.71053,42.195549],[-122.710839,42.195609],[-122.710863,42.195542],[-122.71046,42.195462],[-122.710447,42.195498],[-122.710385,42.195486],[-122.71032,42.195665],[-122.710354,42.195671],[-122.710342,42.195705],[-122.710465,42.19573],[-122.710491,42.195657]]]}},{"type":"Feature","properties":{"id":"way/369325415","building":"commercial"},"geometry":{"type":"Polygon","coordinates":[[[-122.710474,42.195456],[-122.710477,42.195448],[-122.710513,42.19535],[-122.710887,42.195425],[-122.710848,42.195531],[-122.710474,42.195456]]]}},{"type":"Feature","properties":{"id":"way/369325416","building":"commercial"},"geometry":{"type":"Polygon","coordinates":[[[-122.710193,42.195592],[-122.710151,42.195584],[-122.710154,42.195575],[-122.71012,42.195568],[-122.71014,42.19551],[-122.710058,42.195494],[-122.710063,42.195481],[-122.710038,42.195476],[-122.710049,42.195445],[-122.71002,42.195439],[-122.710038,42.195389],[-122.710076,42.195397],[-122.710084,42.195374],[-122.710213,42.195399],[-122.7102,42.195437],[-122.710245,42.195446],[-122.710193,42.195592]]]}},{"type":"Feature","properties":{"id":"way/369325420","access":"customers","amenity":"parking","covered":"no","parking":"surface","surface":"asphalt"},"geometry":{"type":"Polygon","coordinates":[[[-122.709954,42.195346],[-122.710477,42.195448],[-122.710513,42.19535],[-122.710525,42.195321],[-122.709943,42.1952],[-122.70987,42.195237],[-122.709954,42.195346]]]}},{"type":"Feature","properties":{"id":"way/372194011","building":"yes","name":"Ashland Community Development and Engineering Services"},"geometry":{"type":"Polygon","coordinates":[[[-122.71671,42.196608],[-122.716866,42.196327],[-122.716744,42.19629],[-122.716752,42.196275],[-122.716668,42.196249],[-122.716658,42.196267],[-122.71664,42.196262],[-122.716631,42.196279],[-122.716535,42.19625],[-122.716501,42.19631],[-122.716533,42.19632],[-122.716517,42.196348],[-122.716479,42.196337],[-122.716445,42.196399],[-122.71648,42.19641],[-122.716472,42.196424],[-122.716438,42.196414],[-122.716404,42.196475],[-122.716496,42.196503],[-122.716477,42.196537],[-122.716508,42.196546],[-122.716497,42.196566],[-122.716534,42.196578],[-122.716515,42.196612],[-122.716557,42.196625],[-122.716544,42.196648],[-122.716615,42.196669],[-122.716658,42.196592],[-122.71671,42.196608]]]}},{"type":"Feature","properties":{"id":"way/372194386","amenity":"parking","covered":"no","fee":"no","parking":"surface","park_ride":"no","supervised":"no","surface":"asphalt"},"geometry":{"type":"Polygon","coordinates":[[[-122.711538,42.194915],[-122.711517,42.194904],[-122.711484,42.194939],[-122.711152,42.194746],[-122.71119,42.19471],[-122.711157,42.194692],[-122.71121,42.194634],[-122.711245,42.194651],[-122.711274,42.194622],[-122.711606,42.194818],[-122.711571,42.194849],[-122.711588,42.194861],[-122.711538,42.194915]]]}},{"type":"Feature","properties":{"id":"way/372783075","intermittent":"yes","waterway":"stream"},"geometry":{"type":"LineString","coordinates":[[-122.709645,42.199882],[-122.709608,42.200117],[-122.709512,42.200303],[-122.709472,42.200424],[-122.709464,42.200558],[-122.709481,42.200659],[-122.709639,42.200864],[-122.709924,42.20104],[-122.710035,42.20116],[-122.710042,42.201281]]}},{"type":"Feature","properties":{"id":"way/376195554","building":"warehouse","name":"Ashland Lumber"},"geometry":{"type":"Polygon","coordinates":[[[-122.711638,42.200871],[-122.711398,42.200695],[-122.711858,42.200349],[-122.711917,42.200392],[-122.712115,42.200244],[-122.712296,42.200376],[-122.711638,42.200871]]]}},{"type":"Feature","properties":{"id":"way/376613670","building":"residential"},"geometry":{"type":"Polygon","coordinates":[[[-122.70764,42.201603],[-122.707391,42.201597],[-122.707395,42.201506],[-122.707519,42.201509],[-122.707519,42.201499],[-122.707554,42.201499],[-122.707554,42.20151],[-122.707644,42.201512],[-122.70764,42.201603]]]}},{"type":"Feature","properties":{"id":"way/376613807","building":"residential"},"geometry":{"type":"Polygon","coordinates":[[[-122.707349,42.201692],[-122.707238,42.20169],[-122.707241,42.20157],[-122.707207,42.20157],[-122.707209,42.201504],[-122.707279,42.201505],[-122.707278,42.201541],[-122.707353,42.201542],[-122.707349,42.201692]]]}},{"type":"Feature","properties":{"id":"way/376614238","building":"residential"},"geometry":{"type":"Polygon","coordinates":[[[-122.707061,42.201809],[-122.707055,42.201553],[-122.707145,42.201552],[-122.707147,42.201653],[-122.707166,42.201653],[-122.70717,42.201808],[-122.707061,42.201809]]]}},{"type":"Feature","properties":{"id":"way/377564024","highway":"unclassified","maxspeed":"25 mph","name":"Winburn Way","oneway":"yes"},"geometry":{"type":"LineString","coordinates":[[-122.71475,42.197027],[-122.714667,42.197024],[-122.714616,42.197039],[-122.714565,42.197079]]}},{"type":"Feature","properties":{"id":"way/377576083","building":"yes","name":"Darex"},"geometry":{"type":"Polygon","coordinates":[[[-122.708984,42.201132],[-122.708984,42.200895],[-122.708927,42.200895],[-122.708927,42.200622],[-122.70817,42.200622],[-122.70817,42.20111],[-122.708089,42.20111],[-122.708089,42.201219],[-122.708441,42.201219],[-122.708441,42.201132],[-122.708984,42.201132]]]}},{"type":"Feature","properties":{"id":"way/377576213","building":"commercial"},"geometry":{"type":"Polygon","coordinates":[[[-122.707631,42.200607],[-122.707631,42.200466],[-122.706763,42.20046],[-122.706765,42.200605],[-122.707631,42.200607]]]}},{"type":"Feature","properties":{"id":"way/377576214","building":"commercial"},"geometry":{"type":"Polygon","coordinates":[[[-122.707631,42.200242],[-122.706768,42.200239],[-122.706765,42.200058],[-122.707635,42.200062],[-122.707631,42.200242]]]}},{"type":"Feature","properties":{"id":"way/377576215","building":"commercial"},"geometry":{"type":"Polygon","coordinates":[[[-122.707714,42.199904],[-122.70676,42.199894],[-122.70676,42.199768],[-122.707717,42.199768],[-122.707714,42.199904]]]}},{"type":"Feature","properties":{"id":"way/379449630","building":"yes","name":"Community Center"},"geometry":{"type":"Polygon","coordinates":[[[-122.716876,42.196036],[-122.716897,42.195958],[-122.716852,42.195952],[-122.716887,42.195848],[-122.716625,42.195803],[-122.716608,42.195863],[-122.716636,42.195868],[-122.716616,42.195936],[-122.716601,42.195934],[-122.716587,42.19599],[-122.716876,42.196036]]]}},{"type":"Feature","properties":{"id":"way/379449893","building":"yes","name":"Trash/Restroom","amenity":"toilets"},"geometry":{"type":"Polygon","coordinates":[[[-122.71661,42.196754],[-122.716544,42.19673],[-122.716443,42.196872],[-122.716471,42.196881],[-122.716438,42.196933],[-122.716477,42.196945],[-122.71661,42.196754]]]}},{"type":"Feature","properties":{"id":"way/424875654","intermittent":"yes","layer":"-1","tunnel":"culvert","waterway":"stream"},"geometry":{"type":"LineString","coordinates":[[-122.710042,42.201281],[-122.709952,42.201459]]}},{"type":"Feature","properties":{"id":"way/424875656","intermittent":"yes","waterway":"stream"},"geometry":{"type":"LineString","coordinates":[[-122.709952,42.201459],[-122.709908,42.201574],[-122.709817,42.201776],[-122.70962,42.201921],[-122.709498,42.202167],[-122.709479,42.20239],[-122.709372,42.202487],[-122.709239,42.202728],[-122.709019,42.202928]]}},{"type":"Feature","properties":{"id":"way/424879068","layer":"-1","name":"Ashland Creek","tunnel":"culvert","waterway":"stream","wikidata":"Q14708747"},"geometry":{"type":"LineString","coordinates":[[-122.713336,42.200715],[-122.713234,42.200841]]}},{"type":"Feature","properties":{"id":"way/424879071","name":"Ashland Creek","waterway":"stream","wikidata":"Q14708747"},"geometry":{"type":"LineString","coordinates":[[-122.713234,42.200841],[-122.713104,42.200967],[-122.712639,42.201581],[-122.712506,42.202002]]}},{"type":"Feature","properties":{"id":"way/429419557","alt_name":"Downtown Plaza","area":"yes","highway":"pedestrian","name":"Ashland Plaza","source":"Bing"},"geometry":{"type":"LineString","coordinates":[[-122.715411,42.197441],[-122.715267,42.197308],[-122.715252,42.197294],[-122.715245,42.19728],[-122.715247,42.197265],[-122.715329,42.197095],[-122.715378,42.196995],[-122.715391,42.196984],[-122.715412,42.196979],[-122.715435,42.196981],[-122.715452,42.196992],[-122.71546,42.19701],[-122.715467,42.19709],[-122.715495,42.197414],[-122.715491,42.197434],[-122.715475,42.197448],[-122.715456,42.197452],[-122.715431,42.197451],[-122.715411,42.197441]]}},{"type":"Feature","properties":{"id":"way/429419566","access":"customers","amenity":"parking","fee":"no","name":"Ashland Food Co-op","parking":"surface"},"geometry":{"type":"Polygon","coordinates":[[[-122.711612,42.198292],[-122.711519,42.198473],[-122.711951,42.198602],[-122.711976,42.19856],[-122.712105,42.198601],[-122.712119,42.198597],[-122.712129,42.1986],[-122.712132,42.19861],[-122.712104,42.198656],[-122.712296,42.198717],[-122.712322,42.198674],[-122.712359,42.198684],[-122.712333,42.198727],[-122.712534,42.198789],[-122.712562,42.198739],[-122.712615,42.198755],[-122.712649,42.198695],[-122.712616,42.198684],[-122.712652,42.198619],[-122.711612,42.198292]]]}},{"type":"Feature","properties":{"id":"way/463326363","building":"yes","name":"Rogue Credit Union","amenity":"bank"},"geometry":{"type":"Polygon","coordinates":[[[-122.709206,42.195027],[-122.709233,42.194956],[-122.709288,42.194968],[-122.709308,42.194915],[-122.7094,42.194934],[-122.709481,42.195046],[-122.709418,42.19507],[-122.709206,42.195027]]]}},{"type":"Feature","properties":{"id":"way/463331121","amenity":"parking","covered":"no","parking":"surface","surface":"asphalt"},"geometry":{"type":"Polygon","coordinates":[[[-122.715117,42.198592],[-122.714921,42.198526],[-122.71474,42.198822],[-122.714937,42.198888],[-122.715117,42.198592]]]}},{"type":"Feature","properties":{"id":"way/463331122","building":"hotel","name":"Sonnet"},"geometry":{"type":"Polygon","coordinates":[[[-122.716562,42.198847],[-122.716699,42.198795],[-122.716658,42.198739],[-122.716781,42.198689],[-122.716648,42.198516],[-122.716392,42.198625],[-122.716562,42.198847]]]}},{"type":"Feature","properties":{"id":"way/495531747","access":"yes","amenity":"parking","capacity":"9","maxstay":"2 days","name":"Lithia Park Parking","parking":"surface","surface":"asphalt"},"geometry":{"type":"Polygon","coordinates":[[[-122.717783,42.193762],[-122.718025,42.193626],[-122.71795,42.193592],[-122.717862,42.193586],[-122.717805,42.193607],[-122.717754,42.19364],[-122.717727,42.193687],[-122.717751,42.193773],[-122.717783,42.193762]]]}},{"type":"Feature","properties":{"id":"way/495532956","building":"yes","name":"Pioneer Hall"},"geometry":{"type":"Polygon","coordinates":[[[-122.716902,42.195845],[-122.71695,42.19569],[-122.716824,42.195668],[-122.716806,42.195736],[-122.716654,42.195708],[-122.716628,42.195799],[-122.716902,42.195845]]]}},{"type":"Feature","properties":{"id":"way/529803691","building":"commercial"},"geometry":{"type":"Polygon","coordinates":[[[-122.715999,42.198215],[-122.71618,42.198048],[-122.716203,42.198065],[-122.71632,42.198216],[-122.716243,42.198253],[-122.716082,42.198319],[-122.715999,42.198215]]]}},{"type":"Feature","properties":{"id":"way/548895268","amenity":"parking","parking":"surface"},"geometry":{"type":"Polygon","coordinates":[[[-122.710325,42.197026],[-122.710373,42.196904],[-122.709873,42.196795],[-122.709824,42.196917],[-122.710325,42.197026]]]}},{"type":"Feature","properties":{"id":"way/548895270","access":"private","amenity":"parking","capacity":"4","fee":"no","operator":"2nd Street Cottages","parking":"surface","park_ride":"no","supervised":"no","surface":"asphalt"},"geometry":{"type":"Polygon","coordinates":[[[-122.709957,42.196778],[-122.709981,42.196714],[-122.709908,42.196699],[-122.709885,42.196763],[-122.709957,42.196778]]]}},{"type":"Feature","properties":{"id":"way/548895795","amenity":"parking","parking":"surface"},"geometry":{"type":"Polygon","coordinates":[[[-122.71306,42.199473],[-122.713219,42.199189],[-122.71271,42.199032],[-122.712551,42.199316],[-122.71306,42.199473]]]}},{"type":"Feature","properties":{"id":"way/608190362","alt_name":"Rouge Valley Highway #63","cycleway:left":"lane","cycleway:right":"shared_lane","highway":"primary","lanes":"3","lanes:backward":"1","lanes:both_ways":"1","lanes:forward":"1","maxspeed":"25 mph","name":"North Main Street","old_name":"Pacific Highway","old_ref":"US 99","operator":"Oregon Department of Transportation","ref":"OR 99","surface":"asphalt"},"geometry":{"type":"LineString","coordinates":[[-122.717635,42.20038],[-122.717424,42.200133]]}},{"type":"Feature","properties":{"id":"way/608190363","alt_name":"Rouge Valley Highway #63","cycleway:left":"shared_lane","highway":"primary","lanes":"3","lanes:backward":"1","lanes:forward":"2","maxspeed":"25 mph","name":"North Main Street","old_name":"Pacific Highway","old_ref":"US 99","operator":"Oregon Department of Transportation","ref":"OR 99","surface":"asphalt"},"geometry":{"type":"LineString","coordinates":[[-122.717424,42.200133],[-122.717362,42.200059],[-122.716965,42.199579]]}},{"type":"Feature","properties":{"id":"way/608190364","alt_name":"Rouge Valley Highway #63","highway":"primary","lanes":"4","maxspeed":"25 mph","name":"North Main Street","old_name":"Pacific Highway","old_ref":"US 99","operator":"Oregon Department of Transportation","ref":"OR 99","surface":"asphalt"},"geometry":{"type":"LineString","coordinates":[[-122.716965,42.199579],[-122.716775,42.199352]]}},{"type":"Feature","properties":{"id":"way/608190365","alt_name":"Rouge Valley Highway #63","highway":"primary","lanes":"2","maxspeed":"20 mph","name":"East Main Street","old_ref":"US 99","oneway":"yes","operator":"Oregon Department of Transportation","ref":"OR 99","surface":"asphalt"},"geometry":{"type":"LineString","coordinates":[[-122.715591,42.197885],[-122.715526,42.19782]]}},{"type":"Feature","properties":{"id":"way/608190367","alt_name":"Rouge Valley Highway #63","highway":"primary","lanes":"2","maxspeed":"20 mph","name":"Lithia Way","old_ref":"US 99","oneway":"yes","operator":"Oregon Department of Transportation","ref":"OR 99","surface":"asphalt"},"geometry":{"type":"LineString","coordinates":[[-122.714165,42.19772],[-122.714248,42.197785],[-122.714304,42.197827],[-122.714573,42.19803],[-122.714794,42.198197],[-122.714895,42.198275],[-122.715032,42.19838]]}},{"type":"Feature","properties":{"id":"way/693064198","cycleway:right":"lane","highway":"primary","lanes":"2","maxspeed":"20 mph","name":"Lithia Way","old_ref":"US 99","oneway":"yes","operator":"City of Ashland","ref":"OR 99","surface":"asphalt"},"geometry":{"type":"LineString","coordinates":[[-122.709099,42.194351],[-122.709141,42.194405],[-122.709197,42.19448],[-122.709529,42.194909],[-122.709656,42.195095],[-122.709747,42.195227]]}},{"type":"Feature","properties":{"id":"way/701685202","building":"yes"},"geometry":{"type":"Polygon","coordinates":[[[-122.713165,42.198994],[-122.713209,42.198915],[-122.712929,42.19883],[-122.712884,42.198904],[-122.713165,42.198994]]]}},{"type":"Feature","properties":{"id":"way/701685203","building":"yes"},"geometry":{"type":"Polygon","coordinates":[[[-122.712255,42.199345],[-122.712352,42.199154],[-122.712206,42.199111],[-122.712098,42.199301],[-122.712255,42.199345]]]}},{"type":"Feature","properties":{"id":"way/701685204","building":"yes"},"geometry":{"type":"Polygon","coordinates":[[[-122.71216,42.199473],[-122.71202,42.199428],[-122.712009,42.199446],[-122.712001,42.199444],[-122.711982,42.199475],[-122.711898,42.199446],[-122.711884,42.199468],[-122.711827,42.199448],[-122.711809,42.199454],[-122.711786,42.199498],[-122.712126,42.199605],[-122.712169,42.199531],[-122.712135,42.19952],[-122.71216,42.199473]]]}},{"type":"Feature","properties":{"id":"way/701685205","building":"yes","name":"Picadilly Cycles"},"geometry":{"type":"Polygon","coordinates":[[[-122.707005,42.198276],[-122.706727,42.198222],[-122.706679,42.19836],[-122.706962,42.198414],[-122.707005,42.198276]]]}},{"type":"Feature","properties":{"id":"way/701685206","building":"yes"},"geometry":{"type":"Polygon","coordinates":[[[-122.706645,42.198215],[-122.706285,42.198138],[-122.706238,42.198262],[-122.706598,42.198338],[-122.706645,42.198215]]]}},{"type":"Feature","properties":{"id":"way/701685211","building":"yes"},"geometry":{"type":"Polygon","coordinates":[[[-122.707498,42.198215],[-122.707575,42.198012],[-122.707664,42.19803],[-122.707707,42.197913],[-122.707445,42.197856],[-122.707322,42.198181],[-122.707498,42.198215]]]}},{"type":"Feature","properties":{"id":"way/701685215","building":"apartments"},"geometry":{"type":"Polygon","coordinates":[[[-122.706708,42.194256],[-122.706709,42.193955],[-122.706571,42.193953],[-122.706569,42.194257],[-122.706708,42.194256]]]}},{"type":"Feature","properties":{"id":"way/790316275","cycleway":"lane","highway":"tertiary","lanes":"2","maxspeed":"25 mph","name":"East Main Street","old_name":"Pacific Highway","source:maxspeed":"sign","surface":"asphalt"},"geometry":{"type":"LineString","coordinates":[[-122.699665,42.193937],[-122.700441,42.193927],[-122.701625,42.19392],[-122.701669,42.193919],[-122.701737,42.193926],[-122.702451,42.19401],[-122.702942,42.194073],[-122.703067,42.194088],[-122.703208,42.194104],[-122.703576,42.194144],[-122.704045,42.194195],[-122.70442,42.194238],[-122.704958,42.194293],[-122.705694,42.194364],[-122.705782,42.194372],[-122.706054,42.194379],[-122.706736,42.19438],[-122.706823,42.194381],[-122.707202,42.194383],[-122.708613,42.194374],[-122.708981,42.194368],[-122.709099,42.194351]]}},{"type":"Feature","properties":{"id":"way/791271010","cycleway:right":"lane","highway":"primary","lanes":"2","maxspeed":"25 mph","name":"Siskiyou Boulevard","old_ref":"US 99","oneway":"yes","operator":"City of Ashland","ref":"OR 99","source:maxspeed":"sign","surface":"asphalt"},"geometry":{"type":"LineString","coordinates":[[-122.699247,42.189231],[-122.699355,42.189287],[-122.700379,42.189799],[-122.701109,42.190163],[-122.701604,42.19041],[-122.701686,42.190451],[-122.701764,42.19049],[-122.702473,42.190836],[-122.703318,42.191255],[-122.70385,42.191523],[-122.704305,42.191753],[-122.705381,42.1923],[-122.705863,42.192546],[-122.706015,42.192623],[-122.706043,42.192637],[-122.706481,42.192848],[-122.706567,42.19289],[-122.70682,42.193012],[-122.707696,42.193456],[-122.708549,42.193867]]}},{"type":"Feature","properties":{"id":"way/791289193","name":"Ashland Creek","waterway":"stream","width":"2","wikidata":"Q14708747"},"geometry":{"type":"LineString","coordinates":[[-122.715665,42.19814],[-122.715586,42.198417],[-122.715598,42.19848],[-122.715682,42.19866],[-122.715579,42.198863],[-122.714956,42.199234],[-122.714809,42.199328],[-122.714676,42.199369],[-122.714573,42.199402],[-122.714276,42.199504],[-122.713448,42.200562]]}},{"type":"Feature","properties":{"id":"way/791289194","layer":"-1","name":"Ashland Creek","tunnel":"culvert","waterway":"stream","width":"2","wikidata":"Q14708747"},"geometry":{"type":"LineString","coordinates":[[-122.715878,42.197997],[-122.715665,42.19814]]}},{"type":"Feature","properties":{"id":"way/791289197","alt_name":"Rouge Valley Highway #63","highway":"primary","lanes":"2","maxspeed":"20 mph","name":"North Main Street","old_ref":"US 99","oneway":"yes","operator":"Oregon Department of Transportation","ref":"OR 99","surface":"asphalt"},"geometry":{"type":"LineString","coordinates":[[-122.715884,42.19823],[-122.715794,42.198115]]}},{"type":"Feature","properties":{"id":"way/791347774","building":"yes","name":"Growler Guys","amenity":"bar"},"geometry":{"type":"Polygon","coordinates":[[[-122.709919,42.195933],[-122.709875,42.196042],[-122.710062,42.196083],[-122.710086,42.196023],[-122.710044,42.195971],[-122.710049,42.195958],[-122.709919,42.195933]]]}},{"type":"Feature","properties":{"id":"way/791364005","highway":"unclassified","maxspeed":"25 mph","name":"Winburn Way","oneway":"yes"},"geometry":{"type":"LineString","coordinates":[[-122.715453,42.196919],[-122.715348,42.196979],[-122.715283,42.197092],[-122.715261,42.197135],[-122.715217,42.197161],[-122.715185,42.197164],[-122.71475,42.197027],[-122.714644,42.196993],[-122.714504,42.196956],[-122.714311,42.196906]]}},{"type":"Feature","properties":{"id":"way/791364021","alt_name":"Rouge Valley Highway #63","cycleway:right":"lane","highway":"primary","lanes":"2","maxspeed":"20 mph","name":"Lithia Way","old_ref":"US 99","oneway":"yes","operator":"Oregon Department of Transportation","ref":"OR 99","surface":"asphalt"},"geometry":{"type":"LineString","coordinates":[[-122.710771,42.196265],[-122.710849,42.196303],[-122.710994,42.196365],[-122.711131,42.196419],[-122.711371,42.196512],[-122.711683,42.196612],[-122.711775,42.19664],[-122.711873,42.196671],[-122.712166,42.196764],[-122.712448,42.196856],[-122.71277,42.19697],[-122.713058,42.197082],[-122.713212,42.19715],[-122.713479,42.19728],[-122.713568,42.197331],[-122.713643,42.197373],[-122.713773,42.197444],[-122.713981,42.197583],[-122.71409,42.197664],[-122.714165,42.19772]]}},{"type":"Feature","properties":{"id":"way/791364022","highway":"residential","name":"North 2nd Street"},"geometry":{"type":"LineString","coordinates":[[-122.710771,42.196265],[-122.710717,42.196402],[-122.710476,42.196994],[-122.710433,42.197101],[-122.710258,42.197556],[-122.710083,42.197996],[-122.709945,42.198371],[-122.70982,42.198706],[-122.709794,42.19878]]}},{"type":"Feature","properties":{"id":"way/791364023","highway":"residential","name":"North 2nd Street"},"geometry":{"type":"LineString","coordinates":[[-122.710864,42.196039],[-122.710802,42.196179],[-122.710771,42.196265]]}},{"type":"Feature","properties":{"id":"way/791391737","amenity":"parking","fee":"no"},"geometry":{"type":"Polygon","coordinates":[[[-122.710322,42.194613],[-122.710316,42.194602],[-122.710323,42.194588],[-122.710329,42.194577],[-122.710332,42.194526],[-122.71036,42.194527],[-122.71043,42.194457],[-122.710487,42.194493],[-122.710541,42.194527],[-122.7106,42.194565],[-122.710473,42.194702],[-122.710322,42.194613]]]}},{"type":"Feature","properties":{"id":"way/791391740","amenity":"parking"},"geometry":{"type":"Polygon","coordinates":[[[-122.71212,42.195999],[-122.712202,42.196003],[-122.712036,42.196198],[-122.711951,42.196192],[-122.71212,42.195999]]]}},{"type":"Feature","properties":{"id":"way/791391741","amenity":"parking","covered":"no","parking":"surface","surface":"asphalt"},"geometry":{"type":"Polygon","coordinates":[[[-122.70966,42.195772],[-122.709955,42.195839],[-122.709987,42.195747],[-122.709944,42.195696],[-122.709837,42.195671],[-122.7097,42.195642],[-122.70966,42.195772]]]}},{"type":"Feature","properties":{"id":"way/791391742","amenity":"parking"},"geometry":{"type":"Polygon","coordinates":[[[-122.709719,42.194964],[-122.709792,42.194979],[-122.709905,42.194674],[-122.709817,42.194695],[-122.709719,42.194964]]]}},{"type":"Feature","properties":{"id":"way/791391743","amenity":"parking","parking":"surface"},"geometry":{"type":"Polygon","coordinates":[[[-122.709288,42.194968],[-122.709233,42.194956],[-122.709162,42.19494],[-122.709161,42.194947],[-122.709166,42.194954],[-122.709216,42.194965],[-122.709186,42.195053],[-122.709194,42.195056],[-122.709158,42.195184],[-122.709019,42.195155],[-122.709121,42.194881],[-122.70914,42.194833],[-122.709169,42.194839],[-122.709194,42.194775],[-122.709316,42.194805],[-122.709295,42.194862],[-122.709326,42.194869],[-122.709308,42.194915],[-122.709288,42.194968]]]}},{"type":"Feature","properties":{"id":"way/791391744","amenity":"parking"},"geometry":{"type":"Polygon","coordinates":[[[-122.70694,42.19354],[-122.706932,42.193817],[-122.707,42.193823],[-122.706995,42.193856],[-122.707122,42.193889],[-122.707123,42.193955],[-122.707481,42.193947],[-122.70748,42.193922],[-122.707654,42.193922],[-122.70773,42.1938],[-122.707558,42.19371],[-122.707532,42.193743],[-122.706992,42.193473],[-122.70694,42.19354]]]}},{"type":"Feature","properties":{"id":"way/792501442","building":"retail"},"geometry":{"type":"Polygon","coordinates":[[[-122.714403,42.197532],[-122.714473,42.197411],[-122.714611,42.197455],[-122.714587,42.197497],[-122.714654,42.197516],[-122.714642,42.197537],[-122.714751,42.197572],[-122.714715,42.197631],[-122.714403,42.197532]]]}},{"type":"Feature","properties":{"id":"way/792506152","amenity":"parking"},"geometry":{"type":"Polygon","coordinates":[[[-122.712685,42.196182],[-122.712664,42.196204],[-122.712585,42.196199],[-122.712383,42.196411],[-122.71271,42.196572],[-122.71279,42.196482],[-122.712802,42.19649],[-122.712808,42.196483],[-122.71296,42.196325],[-122.712906,42.196296],[-122.712742,42.196467],[-122.712577,42.196379],[-122.712742,42.19621],[-122.712685,42.196182]]]}},{"type":"Feature","properties":{"id":"way/956221098","building":"commercial"},"geometry":{"type":"Polygon","coordinates":[[[-122.712515,42.197252],[-122.712479,42.19724],[-122.712473,42.197251],[-122.712413,42.197232],[-122.71241,42.197231],[-122.712323,42.197201],[-122.712274,42.197185],[-122.712282,42.197171],[-122.712239,42.197156],[-122.712241,42.197151],[-122.712363,42.196959],[-122.712639,42.197055],[-122.712515,42.197252]]]}},{"type":"Feature","properties":{"id":"way/956221099","building":"commercial","name":"Ashland Post Office","amenity":"post_office"},"geometry":{"type":"Polygon","coordinates":[[[-122.711606,42.19686],[-122.711604,42.196864],[-122.711587,42.196861],[-122.711581,42.196859],[-122.711551,42.196937],[-122.71151,42.196929],[-122.711516,42.196913],[-122.711492,42.196908],[-122.711487,42.196907],[-122.711451,42.196996],[-122.711234,42.196949],[-122.711352,42.196642],[-122.711664,42.196709],[-122.711648,42.196751],[-122.711625,42.196746],[-122.711597,42.196819],[-122.71162,42.196824],[-122.711606,42.19686]]]}},{"type":"Feature","properties":{"id":"way/956221100","building":"roof"},"geometry":{"type":"Polygon","coordinates":[[[-122.711487,42.197005],[-122.711473,42.197041],[-122.711434,42.197033],[-122.711449,42.196997],[-122.711487,42.197005]]]}},{"type":"Feature","properties":{"id":"way/956221101","building":"yes"},"geometry":{"type":"Polygon","coordinates":[[[-122.710468,42.196399],[-122.710454,42.196434],[-122.710483,42.19644],[-122.71046,42.1965],[-122.710442,42.196496],[-122.710258,42.196459],[-122.710294,42.196363],[-122.710468,42.196399]]]}},{"type":"Feature","properties":{"id":"way/956221102","building":"yes","name":"Handle on Wellness","amenity":"clinic"},"geometry":{"type":"Polygon","coordinates":[[[-122.710272,42.196504],[-122.710272,42.196504],[-122.710372,42.196526],[-122.710375,42.196519],[-122.710377,42.196515],[-122.710377,42.196515],[-122.710397,42.19652],[-122.710397,42.19652],[-122.710413,42.196545],[-122.710388,42.196611],[-122.710218,42.196575],[-122.710229,42.196547],[-122.710208,42.196542],[-122.710226,42.196495],[-122.710272,42.196504]]]}},{"type":"Feature","properties":{"id":"way/956221103","building":"commercial"},"geometry":{"type":"Polygon","coordinates":[[[-122.710958,42.196706],[-122.710956,42.196709],[-122.710941,42.19675],[-122.710924,42.196794],[-122.710882,42.196785],[-122.710803,42.196769],[-122.710787,42.196765],[-122.710789,42.196761],[-122.710803,42.196724],[-122.710789,42.196721],[-122.710807,42.196673],[-122.710917,42.196696],[-122.710958,42.196705],[-122.710958,42.196706]]]}},{"type":"Feature","properties":{"id":"way/956221104","building":"yes"},"geometry":{"type":"Polygon","coordinates":[[[-122.711195,42.196884],[-122.711173,42.196946],[-122.711089,42.19693],[-122.711112,42.196867],[-122.711195,42.196884]]]}},{"type":"Feature","properties":{"id":"way/956221105","building":"yes"},"geometry":{"type":"Polygon","coordinates":[[[-122.710762,42.196906],[-122.710722,42.196898],[-122.710722,42.196897],[-122.710727,42.196883],[-122.710699,42.196877],[-122.710716,42.196833],[-122.710739,42.196837],[-122.71074,42.196832],[-122.710788,42.196842],[-122.710793,42.19683],[-122.710911,42.196856],[-122.710892,42.196908],[-122.710947,42.19692],[-122.710946,42.196922],[-122.710943,42.19693],[-122.710936,42.196949],[-122.710931,42.196963],[-122.710865,42.19695],[-122.71087,42.196937],[-122.710759,42.196914],[-122.710762,42.196906]]]}},{"type":"Feature","properties":{"id":"way/956221106","building":"yes"},"geometry":{"type":"Polygon","coordinates":[[[-122.710827,42.196961],[-122.710807,42.197013],[-122.710758,42.197002],[-122.710743,42.197043],[-122.710655,42.197024],[-122.710673,42.196976],[-122.710665,42.196975],[-122.710683,42.196929],[-122.710828,42.19696],[-122.710827,42.196961]]]}},{"type":"Feature","properties":{"id":"way/956221107","building":"yes"},"geometry":{"type":"Polygon","coordinates":[[[-122.710792,42.197075],[-122.710774,42.197122],[-122.710746,42.197116],[-122.710738,42.197136],[-122.710685,42.197125],[-122.710683,42.197125],[-122.71069,42.197107],[-122.710692,42.197102],[-122.710619,42.197086],[-122.710622,42.197079],[-122.710608,42.197076],[-122.710622,42.197037],[-122.710738,42.197062],[-122.710737,42.197063],[-122.71079,42.197075],[-122.710792,42.197075]]]}},{"type":"Feature","properties":{"id":"way/956221108","building":"yes","name":"The story"},"geometry":{"type":"Polygon","coordinates":[[[-122.710303,42.197081],[-122.710183,42.197391],[-122.71016,42.197386],[-122.710154,42.197401],[-122.710041,42.197377],[-122.710037,42.197376],[-122.710041,42.197364],[-122.710043,42.19736],[-122.71002,42.197355],[-122.710017,42.197354],[-122.710014,42.197354],[-122.710043,42.197279],[-122.710053,42.197281],[-122.710055,42.197282],[-122.710145,42.19705],[-122.710146,42.197047],[-122.710303,42.197081]]]}},{"type":"Feature","properties":{"id":"way/956221109","building":"yes"},"geometry":{"type":"Polygon","coordinates":[[[-122.711029,42.197007],[-122.711005,42.197063],[-122.710991,42.19706],[-122.710982,42.197081],[-122.71091,42.197063],[-122.710901,42.197061],[-122.710934,42.196985],[-122.711029,42.197007]]]}},{"type":"Feature","properties":{"id":"way/956221110","building":"yes"},"geometry":{"type":"Polygon","coordinates":[[[-122.711068,42.196996],[-122.711016,42.196984],[-122.71102,42.196972],[-122.711025,42.196961],[-122.711078,42.196973],[-122.711073,42.196984],[-122.711068,42.196996]]]}},{"type":"Feature","properties":{"id":"way/956221111","building":"yes"},"geometry":{"type":"Polygon","coordinates":[[[-122.711001,42.197138],[-122.71099,42.197164],[-122.710923,42.197149],[-122.710934,42.197123],[-122.710935,42.197122],[-122.711001,42.197138]]]}},{"type":"Feature","properties":{"id":"way/956221112","building":"yes"},"geometry":{"type":"Polygon","coordinates":[[[-122.711062,42.197173],[-122.711067,42.197174],[-122.711052,42.197209],[-122.710991,42.197194],[-122.711006,42.197159],[-122.711062,42.197173]]]}},{"type":"Feature","properties":{"id":"way/956221113","building":"yes","name":"2nd Street Cottages"},"geometry":{"type":"Polygon","coordinates":[[[-122.710326,42.196787],[-122.710296,42.196864],[-122.710296,42.196865],[-122.710277,42.196861],[-122.710209,42.196846],[-122.710167,42.196837],[-122.710098,42.196822],[-122.710088,42.196819],[-122.710085,42.196819],[-122.710075,42.196845],[-122.710006,42.19683],[-122.710018,42.1968],[-122.710012,42.196798],[-122.70998,42.196792],[-122.709988,42.196773],[-122.71,42.196741],[-122.710008,42.196721],[-122.710037,42.196727],[-122.710066,42.196733],[-122.710107,42.196742],[-122.710138,42.196749],[-122.710194,42.196761],[-122.710203,42.196739],[-122.710204,42.196739],[-122.710211,42.196741],[-122.710256,42.196751],[-122.710249,42.196768],[-122.710249,42.19677],[-122.710326,42.196787]]]}},{"type":"Feature","properties":{"id":"way/956221114","building":"commercial"},"geometry":{"type":"Polygon","coordinates":[[[-122.710211,42.196688],[-122.710214,42.196682],[-122.710228,42.196644],[-122.71023,42.196644],[-122.710263,42.196651],[-122.710266,42.196643],[-122.7103,42.19665],[-122.710296,42.196659],[-122.710346,42.19667],[-122.710339,42.196688],[-122.710362,42.196693],[-122.710348,42.196731],[-122.710347,42.196733],[-122.710326,42.196728],[-122.710322,42.196728],[-122.710317,42.196742],[-122.710317,42.196743],[-122.710202,42.196718],[-122.710182,42.196713],[-122.710185,42.196705],[-122.710194,42.196683],[-122.710211,42.196688]]]}},{"type":"Feature","properties":{"id":"way/956221115","building":"yes"},"geometry":{"type":"Polygon","coordinates":[[[-122.710197,42.196495],[-122.710196,42.196498],[-122.710196,42.196498],[-122.710076,42.196473],[-122.710083,42.196455],[-122.710091,42.196432],[-122.710212,42.196457],[-122.710197,42.196495]]]}},{"type":"Feature","properties":{"id":"way/956221116","building":"commercial"},"geometry":{"type":"Polygon","coordinates":[[[-122.710196,42.196602],[-122.710177,42.196653],[-122.710176,42.196655],[-122.710152,42.19665],[-122.710151,42.19665],[-122.71014,42.196677],[-122.71014,42.196679],[-122.7101,42.19667],[-122.710022,42.196653],[-122.710022,42.196652],[-122.710023,42.196651],[-122.710021,42.196651],[-122.710018,42.19665],[-122.71002,42.196645],[-122.710048,42.196571],[-122.710048,42.196571],[-122.710196,42.196602]]]}},{"type":"Feature","properties":{"id":"way/956221117","building":"commercial"},"geometry":{"type":"Polygon","coordinates":[[[-122.709808,42.196263],[-122.709842,42.19627],[-122.709822,42.196322],[-122.709755,42.196308],[-122.709742,42.196341],[-122.709712,42.196335],[-122.709707,42.196349],[-122.709642,42.196335],[-122.709645,42.196327],[-122.70957,42.196311],[-122.709575,42.196299],[-122.70954,42.196291],[-122.709556,42.196252],[-122.709558,42.196252],[-122.709575,42.196256],[-122.709582,42.196238],[-122.709601,42.196242],[-122.709609,42.19622],[-122.709665,42.196232],[-122.709807,42.196262],[-122.709808,42.196263]]]}},{"type":"Feature","properties":{"id":"way/956221118","building":"yes"},"geometry":{"type":"Polygon","coordinates":[[[-122.709869,42.196015],[-122.709782,42.195996],[-122.709794,42.195963],[-122.709796,42.195957],[-122.709796,42.195957],[-122.70979,42.195956],[-122.709796,42.19594],[-122.709791,42.195939],[-122.709748,42.195929],[-122.709748,42.19593],[-122.709741,42.195949],[-122.709656,42.195929],[-122.709671,42.195888],[-122.709661,42.195886],[-122.70968,42.19584],[-122.709745,42.195854],[-122.709752,42.195837],[-122.709813,42.19585],[-122.709807,42.195864],[-122.709806,42.195868],[-122.70989,42.195886],[-122.709879,42.195913],[-122.709908,42.195919],[-122.709871,42.196015],[-122.709869,42.196015]]]}},{"type":"Feature","properties":{"id":"way/956221119","building":"yes"},"geometry":{"type":"Polygon","coordinates":[[[-122.709888,42.19636],[-122.709873,42.196394],[-122.709867,42.196409],[-122.709777,42.196391],[-122.709787,42.196361],[-122.709795,42.196362],[-122.709825,42.196369],[-122.709834,42.196349],[-122.709888,42.19636]]]}},{"type":"Feature","properties":{"id":"way/956221120","building":"yes"},"geometry":{"type":"Polygon","coordinates":[[[-122.709865,42.196416],[-122.709867,42.196417],[-122.709847,42.196471],[-122.709775,42.196457],[-122.709785,42.196432],[-122.70978,42.196431],[-122.709765,42.196428],[-122.709777,42.196397],[-122.709865,42.196416]]]}},{"type":"Feature","properties":{"id":"way/956221121","building":"yes"},"geometry":{"type":"Polygon","coordinates":[[[-122.709662,42.196406],[-122.709661,42.196409],[-122.709655,42.196424],[-122.709723,42.196438],[-122.709726,42.196439],[-122.709711,42.19648],[-122.709648,42.196467],[-122.709646,42.196472],[-122.709466,42.196435],[-122.70949,42.196371],[-122.709492,42.196371],[-122.709496,42.196372],[-122.709642,42.196402],[-122.709662,42.196406]]]}},{"type":"Feature","properties":{"id":"way/956221122","building":"yes"},"geometry":{"type":"Polygon","coordinates":[[[-122.709829,42.19648],[-122.709817,42.196511],[-122.709746,42.196496],[-122.709757,42.196465],[-122.709829,42.19648]]]}},{"type":"Feature","properties":{"id":"way/956221123","building":"yes"},"geometry":{"type":"Polygon","coordinates":[[[-122.70971,42.196499],[-122.709764,42.19651],[-122.709749,42.196552],[-122.709695,42.196541],[-122.70971,42.196499]]]}},{"type":"Feature","properties":{"id":"way/956221124","building":"yes"},"geometry":{"type":"Polygon","coordinates":[[[-122.709784,42.19656],[-122.709779,42.196576],[-122.709763,42.19663],[-122.709658,42.196612],[-122.709673,42.196563],[-122.709708,42.196569],[-122.709714,42.196548],[-122.709784,42.19656]]]}},{"type":"Feature","properties":{"id":"way/956221125","building":"yes"},"geometry":{"type":"Polygon","coordinates":[[[-122.709619,42.196511],[-122.70963,42.196513],[-122.709612,42.196565],[-122.709611,42.196566],[-122.70958,42.196559],[-122.709448,42.196533],[-122.709434,42.196531],[-122.709458,42.196464],[-122.709458,42.196462],[-122.70947,42.196464],[-122.709472,42.196465],[-122.709474,42.196465],[-122.709621,42.196494],[-122.709615,42.19651],[-122.709619,42.196511]]]}},{"type":"Feature","properties":{"id":"way/956221126","building":"yes"},"geometry":{"type":"Polygon","coordinates":[[[-122.709522,42.196612],[-122.70959,42.196626],[-122.70959,42.196628],[-122.709588,42.196633],[-122.709559,42.196713],[-122.709365,42.196675],[-122.709365,42.196674],[-122.709387,42.196614],[-122.709414,42.196619],[-122.709423,42.196593],[-122.709522,42.196612]]]}},{"type":"Feature","properties":{"id":"way/956221127","building":"yes"},"geometry":{"type":"Polygon","coordinates":[[[-122.709804,42.196653],[-122.709784,42.196705],[-122.709671,42.196681],[-122.709691,42.196629],[-122.709804,42.196653]]]}},{"type":"Feature","properties":{"id":"way/956221128","building":"yes"},"geometry":{"type":"Polygon","coordinates":[[[-122.709637,42.196732],[-122.70963,42.196748],[-122.709594,42.196739],[-122.7096,42.196724],[-122.709637,42.196732]]]}},{"type":"Feature","properties":{"id":"way/956221129","building":"yes"},"geometry":{"type":"Polygon","coordinates":[[[-122.709774,42.196797],[-122.70975,42.196859],[-122.709742,42.196857],[-122.709727,42.196896],[-122.709598,42.196868],[-122.709613,42.196829],[-122.709589,42.196824],[-122.709613,42.196762],[-122.709774,42.196797]]]}},{"type":"Feature","properties":{"id":"way/956221130","building":"yes"},"geometry":{"type":"Polygon","coordinates":[[[-122.709495,42.196838],[-122.709343,42.196806],[-122.709356,42.196772],[-122.709351,42.196771],[-122.709368,42.196725],[-122.709525,42.196758],[-122.709495,42.196838]]]}},{"type":"Feature","properties":{"id":"way/956221131","building":"yes"},"geometry":{"type":"Polygon","coordinates":[[[-122.709926,42.196796],[-122.709917,42.196819],[-122.709872,42.196809],[-122.709881,42.196787],[-122.709926,42.196796]]]}},{"type":"Feature","properties":{"id":"way/956221132","building":"yes"},"geometry":{"type":"Polygon","coordinates":[[[-122.709822,42.196736],[-122.709822,42.196736],[-122.709814,42.196758],[-122.709807,42.196776],[-122.709805,42.196782],[-122.709765,42.196773],[-122.709782,42.196728],[-122.709822,42.196736]]]}},{"type":"Feature","properties":{"id":"way/956221133","building":"yes"},"geometry":{"type":"Polygon","coordinates":[[[-122.708876,42.195393],[-122.708876,42.195393],[-122.708875,42.195397],[-122.708795,42.195607],[-122.708634,42.195573],[-122.708604,42.195652],[-122.708509,42.195632],[-122.7085,42.19563],[-122.708528,42.195557],[-122.70853,42.195552],[-122.708349,42.195514],[-122.708345,42.195513],[-122.708386,42.195405],[-122.708407,42.195409],[-122.708447,42.195305],[-122.708876,42.195393]]]}},{"type":"Feature","properties":{"id":"way/956221134","building":"yes"},"geometry":{"type":"Polygon","coordinates":[[[-122.708871,42.19515],[-122.708871,42.195151],[-122.70884,42.195232],[-122.708834,42.195231],[-122.708832,42.19523],[-122.708513,42.195163],[-122.708509,42.195163],[-122.708541,42.19508],[-122.708872,42.195149],[-122.708871,42.19515]]]}},{"type":"Feature","properties":{"id":"way/956221135","building":"commercial"},"geometry":{"type":"Polygon","coordinates":[[[-122.708964,42.194906],[-122.70894,42.194968],[-122.708839,42.194947],[-122.708823,42.194943],[-122.708822,42.194948],[-122.708664,42.194914],[-122.708658,42.194913],[-122.708697,42.19481],[-122.708838,42.19484],[-122.708838,42.194839],[-122.70891,42.194854],[-122.70891,42.194855],[-122.708897,42.19489],[-122.70895,42.194902],[-122.708964,42.194905],[-122.708964,42.194906]]]}},{"type":"Feature","properties":{"id":"way/956221136","building":"commercial"},"geometry":{"type":"Polygon","coordinates":[[[-122.709112,42.194884],[-122.709111,42.194885],[-122.709071,42.194989],[-122.708991,42.194971],[-122.708992,42.194967],[-122.708994,42.194962],[-122.709011,42.194918],[-122.708997,42.194915],[-122.709002,42.194902],[-122.708995,42.194901],[-122.708999,42.194891],[-122.70901,42.194862],[-122.709112,42.194884]]]}},{"type":"Feature","properties":{"id":"way/956221137","building":"yes"},"geometry":{"type":"Polygon","coordinates":[[[-122.709021,42.195058],[-122.708999,42.195121],[-122.708997,42.195121],[-122.7089,42.195102],[-122.7089,42.1951],[-122.708907,42.195082],[-122.708914,42.195062],[-122.708922,42.195039],[-122.708923,42.195039],[-122.709021,42.195058]]]}},{"type":"Feature","properties":{"id":"way/956221138","building":"yes"},"geometry":{"type":"Polygon","coordinates":[[[-122.708812,42.194998],[-122.708795,42.195044],[-122.708775,42.19504],[-122.70877,42.195055],[-122.708627,42.195026],[-122.70862,42.195025],[-122.70862,42.195023],[-122.708621,42.195019],[-122.708607,42.195016],[-122.708602,42.195015],[-122.708625,42.194952],[-122.708646,42.194956],[-122.708647,42.194953],[-122.708648,42.194951],[-122.708648,42.194951],[-122.708751,42.194972],[-122.708751,42.194972],[-122.708752,42.19497],[-122.708806,42.194981],[-122.708806,42.194982],[-122.7088,42.194996],[-122.708807,42.194997],[-122.708812,42.194998]]]}},{"type":"Feature","properties":{"id":"way/956221139","building":"yes"},"geometry":{"type":"Polygon","coordinates":[[[-122.708684,42.19526],[-122.708683,42.195263],[-122.70867,42.195296],[-122.708646,42.195291],[-122.708641,42.195306],[-122.708531,42.195283],[-122.708526,42.195282],[-122.708532,42.195264],[-122.708534,42.19526],[-122.70852,42.195257],[-122.708516,42.195256],[-122.708527,42.195229],[-122.708543,42.195232],[-122.708552,42.19521],[-122.708668,42.195234],[-122.708667,42.195238],[-122.70866,42.195255],[-122.708667,42.195256],[-122.708684,42.19526]]]}},{"type":"Feature","properties":{"id":"way/956221140","building":"commercial","name":"Abinito Salon"},"geometry":{"type":"Polygon","coordinates":[[[-122.709551,42.195138],[-122.709551,42.195138],[-122.709524,42.195204],[-122.709385,42.195174],[-122.709374,42.195171],[-122.709402,42.195103],[-122.709432,42.195109],[-122.709434,42.195105],[-122.70954,42.195129],[-122.709539,42.195132],[-122.709538,42.195135],[-122.709551,42.195138]]]}},{"type":"Feature","properties":{"id":"way/956221141","building":"commercial"},"geometry":{"type":"Polygon","coordinates":[[[-122.709501,42.195255],[-122.7095,42.195257],[-122.709477,42.195313],[-122.709437,42.195304],[-122.709433,42.195314],[-122.709323,42.195289],[-122.709318,42.195287],[-122.709332,42.195253],[-122.709334,42.19525],[-122.709269,42.195235],[-122.709266,42.195235],[-122.709269,42.195226],[-122.709275,42.195212],[-122.709287,42.195184],[-122.709287,42.195183],[-122.709287,42.195182],[-122.709362,42.195199],[-122.709357,42.195211],[-122.709371,42.195214],[-122.709404,42.195221],[-122.709405,42.195218],[-122.709463,42.195231],[-122.709462,42.195234],[-122.709462,42.195235],[-122.709475,42.195238],[-122.709471,42.195248],[-122.709501,42.195255]]]}},{"type":"Feature","properties":{"id":"way/956221142","building":"yes"},"geometry":{"type":"Polygon","coordinates":[[[-122.708983,42.195145],[-122.708982,42.195149],[-122.708941,42.195255],[-122.708938,42.195254],[-122.708934,42.195253],[-122.708876,42.195241],[-122.708874,42.195241],[-122.708869,42.195239],[-122.708912,42.195128],[-122.708984,42.195144],[-122.708983,42.195145]]]}},{"type":"Feature","properties":{"id":"way/956221143","building":"commercial"},"geometry":{"type":"Polygon","coordinates":[[[-122.70946,42.195385],[-122.709442,42.195431],[-122.709254,42.195391],[-122.70924,42.195388],[-122.709235,42.195387],[-122.709261,42.195319],[-122.709266,42.19532],[-122.709272,42.195321],[-122.70936,42.195339],[-122.709364,42.195328],[-122.70937,42.195329],[-122.709382,42.195332],[-122.709421,42.19534],[-122.709421,42.19534],[-122.709417,42.195353],[-122.709429,42.195355],[-122.709462,42.195362],[-122.709461,42.195363],[-122.709454,42.195383],[-122.70946,42.195385]]]}},{"type":"Feature","properties":{"id":"way/956221144","building":"yes"},"geometry":{"type":"Polygon","coordinates":[[[-122.70942,42.195467],[-122.709418,42.195473],[-122.709409,42.195495],[-122.709415,42.195496],[-122.709398,42.195539],[-122.709209,42.195499],[-122.709197,42.195496],[-122.709225,42.195422],[-122.709314,42.195441],[-122.709316,42.195436],[-122.709377,42.195449],[-122.709376,42.195452],[-122.709375,42.195454],[-122.709387,42.195456],[-122.709422,42.195464],[-122.70942,42.195467]]]}},{"type":"Feature","properties":{"id":"way/956221145","building":"yes"},"geometry":{"type":"Polygon","coordinates":[[[-122.709394,42.195554],[-122.709364,42.195632],[-122.70925,42.195608],[-122.709253,42.1956],[-122.709171,42.195583],[-122.709162,42.195581],[-122.709183,42.195526],[-122.709194,42.195528],[-122.7092,42.195512],[-122.7092,42.195511],[-122.709223,42.195516],[-122.709224,42.195513],[-122.709395,42.19555],[-122.709394,42.195554]]]}},{"type":"Feature","properties":{"id":"way/956221146","building":"yes"},"geometry":{"type":"Polygon","coordinates":[[[-122.709101,42.195519],[-122.709099,42.195523],[-122.709077,42.195583],[-122.709074,42.195589],[-122.708947,42.195562],[-122.708937,42.19556],[-122.70896,42.195498],[-122.708968,42.1955],[-122.709057,42.195518],[-122.709058,42.195515],[-122.709061,42.195508],[-122.709102,42.195516],[-122.709101,42.195519]]]}},{"type":"Feature","properties":{"id":"way/956221147","building":"yes"},"geometry":{"type":"Polygon","coordinates":[[[-122.709021,42.195583],[-122.708998,42.195641],[-122.708918,42.195624],[-122.708941,42.195566],[-122.708945,42.195567],[-122.709021,42.195583]]]}},{"type":"Feature","properties":{"id":"way/956221551","building":"commercial","name":"Ashland Physical Therapy"},"geometry":{"type":"Polygon","coordinates":[[[-122.711195,42.196657],[-122.711164,42.196731],[-122.711163,42.196731],[-122.711015,42.196697],[-122.711035,42.19665],[-122.711024,42.196648],[-122.711039,42.196613],[-122.711041,42.196614],[-122.711046,42.196615],[-122.711112,42.19663],[-122.711113,42.196631],[-122.711111,42.196636],[-122.711111,42.196638],[-122.711195,42.196657]]]}},{"type":"Feature","properties":{"id":"way/956221552","building":"roof"},"geometry":{"type":"Polygon","coordinates":[[[-122.711121,42.196723],[-122.71111,42.196749],[-122.71111,42.196749],[-122.711063,42.196738],[-122.711063,42.196737],[-122.711064,42.196735],[-122.711074,42.196712],[-122.711121,42.196723]]]}},{"type":"Feature","properties":{"id":"way/956221553","building":"commercial"},"geometry":{"type":"Polygon","coordinates":[[[-122.709318,42.195806],[-122.709295,42.195868],[-122.709265,42.195862],[-122.709257,42.195882],[-122.709166,42.195863],[-122.709162,42.195874],[-122.709101,42.195862],[-122.709095,42.195861],[-122.709132,42.195762],[-122.70932,42.195801],[-122.709318,42.195806]]]}},{"type":"Feature","properties":{"id":"way/956221554","building":"yes"},"geometry":{"type":"Polygon","coordinates":[[[-122.709334,42.195686],[-122.709326,42.195707],[-122.709137,42.195668],[-122.709128,42.195666],[-122.709154,42.195601],[-122.709251,42.195621],[-122.709259,42.195622],[-122.70926,42.19562],[-122.709319,42.195632],[-122.709318,42.195635],[-122.70936,42.195643],[-122.709358,42.195647],[-122.709343,42.195688],[-122.709334,42.195686]]]}},{"type":"Feature","properties":{"id":"way/956221555","building":"yes"},"geometry":{"type":"Polygon","coordinates":[[[-122.709071,42.19572],[-122.709033,42.195814],[-122.708942,42.195794],[-122.708941,42.195794],[-122.708932,42.195792],[-122.708937,42.195778],[-122.708941,42.19577],[-122.708914,42.195764],[-122.708913,42.195764],[-122.708934,42.195709],[-122.708963,42.195715],[-122.708972,42.195692],[-122.709073,42.195715],[-122.709071,42.19572]]]}},{"type":"Feature","properties":{"id":"way/956221556","building":"commercial","name":"Ashland Professional Center"},"geometry":{"type":"Polygon","coordinates":[[[-122.708906,42.194477],[-122.708913,42.194479],[-122.708985,42.194494],[-122.708998,42.194497],[-122.708921,42.194699],[-122.708669,42.194645],[-122.70873,42.19448],[-122.708823,42.1945],[-122.708779,42.194615],[-122.708778,42.194616],[-122.708844,42.19463],[-122.708903,42.194477],[-122.708906,42.194477]]]}},{"type":"Feature","properties":{"id":"way/956221558","building":"commercial"},"geometry":{"type":"Polygon","coordinates":[[[-122.708218,42.19462],[-122.708246,42.194547],[-122.708232,42.194544],[-122.708249,42.1945],[-122.70825,42.194497],[-122.70825,42.194495],[-122.708409,42.194529],[-122.708408,42.19453],[-122.708407,42.194532],[-122.708342,42.194702],[-122.708191,42.19467],[-122.708187,42.194669],[-122.708184,42.194669],[-122.708204,42.194617],[-122.708218,42.19462]]]}},{"type":"Feature","properties":{"id":"way/956221559","building":"yes"},"geometry":{"type":"Polygon","coordinates":[[[-122.708096,42.194904],[-122.708192,42.194926],[-122.708197,42.194927],[-122.708201,42.194927],[-122.708201,42.194928],[-122.708189,42.194957],[-122.7082,42.194959],[-122.708189,42.194985],[-122.708179,42.194983],[-122.708164,42.195019],[-122.708163,42.195019],[-122.708011,42.194985],[-122.708028,42.194942],[-122.708074,42.194952],[-122.708094,42.194904],[-122.708096,42.194904]]]}},{"type":"Feature","properties":{"id":"way/956221560","building":"yes"},"geometry":{"type":"Polygon","coordinates":[[[-122.708156,42.195044],[-122.708121,42.195134],[-122.707915,42.195089],[-122.707915,42.195089],[-122.707908,42.195088],[-122.707906,42.195087],[-122.707917,42.195059],[-122.707918,42.195056],[-122.707907,42.195054],[-122.707905,42.195053],[-122.707908,42.195046],[-122.707914,42.195029],[-122.707919,42.195015],[-122.707935,42.195019],[-122.707938,42.195019],[-122.707945,42.195],[-122.707946,42.194997],[-122.708156,42.195042],[-122.708156,42.195044]]]}},{"type":"Feature","properties":{"id":"way/956221561","building":"yes"},"geometry":{"type":"Polygon","coordinates":[[[-122.7081,42.195189],[-122.708099,42.195192],[-122.708088,42.195216],[-122.708091,42.195216],[-122.708104,42.19522],[-122.708103,42.195221],[-122.708098,42.195232],[-122.708083,42.195229],[-122.708081,42.195232],[-122.708071,42.195229],[-122.708061,42.195254],[-122.708053,42.195253],[-122.708044,42.195272],[-122.708014,42.195265],[-122.708006,42.195263],[-122.708012,42.19525],[-122.708015,42.195243],[-122.70799,42.195238],[-122.707986,42.195247],[-122.707928,42.195233],[-122.707926,42.195232],[-122.707959,42.195149],[-122.708023,42.195165],[-122.70802,42.195169],[-122.7081,42.195189]]]}},{"type":"Feature","properties":{"id":"way/956221562","building":"yes"},"geometry":{"type":"Polygon","coordinates":[[[-122.708049,42.195323],[-122.708046,42.195329],[-122.708043,42.195336],[-122.70805,42.195337],[-122.708058,42.195339],[-122.708054,42.195348],[-122.708036,42.195394],[-122.708023,42.195391],[-122.708015,42.195412],[-122.707834,42.195372],[-122.707851,42.195326],[-122.707887,42.195333],[-122.707896,42.195311],[-122.707901,42.195312],[-122.707906,42.195299],[-122.707975,42.195315],[-122.707978,42.195307],[-122.708049,42.195323]]]}},{"type":"Feature","properties":{"id":"way/956221563","building":"yes"},"geometry":{"type":"Polygon","coordinates":[[[-122.708076,42.195442],[-122.708051,42.195509],[-122.70801,42.1955],[-122.707985,42.195565],[-122.707989,42.195566],[-122.708025,42.195573],[-122.708021,42.195584],[-122.708004,42.19563],[-122.707975,42.195624],[-122.707974,42.195629],[-122.707933,42.195621],[-122.707929,42.19563],[-122.707786,42.1956],[-122.707785,42.1956],[-122.707785,42.195599],[-122.707807,42.195545],[-122.707813,42.195546],[-122.707833,42.195493],[-122.707808,42.195488],[-122.707844,42.195393],[-122.708076,42.195442]]]}},{"type":"Feature","properties":{"id":"way/956221564","building":"yes"},"geometry":{"type":"Polygon","coordinates":[[[-122.707754,42.195462],[-122.707712,42.195569],[-122.707648,42.195555],[-122.707645,42.195554],[-122.707648,42.195548],[-122.707652,42.195538],[-122.707618,42.195531],[-122.707617,42.195531],[-122.707638,42.195479],[-122.70764,42.195474],[-122.707588,42.195463],[-122.707593,42.195451],[-122.707602,42.195427],[-122.707604,42.195424],[-122.707663,42.195437],[-122.707749,42.195456],[-122.707756,42.195457],[-122.707754,42.195462]]]}},{"type":"Feature","properties":{"id":"way/956221565","building":"yes"},"geometry":{"type":"Polygon","coordinates":[[[-122.707807,42.195137],[-122.707806,42.195141],[-122.707774,42.19522],[-122.707742,42.195213],[-122.707737,42.195212],[-122.70768,42.195199],[-122.707679,42.195199],[-122.707695,42.19516],[-122.707696,42.195157],[-122.707712,42.195116],[-122.707714,42.195113],[-122.707808,42.195134],[-122.707807,42.195137]]]}},{"type":"Feature","properties":{"id":"way/956221566","building":"yes"},"geometry":{"type":"Polygon","coordinates":[[[-122.707879,42.194895],[-122.707879,42.194896],[-122.707857,42.194963],[-122.707771,42.194947],[-122.707793,42.194881],[-122.707793,42.194879],[-122.707879,42.194895]]]}},{"type":"Feature","properties":{"id":"way/956221567","building":"yes"},"geometry":{"type":"Polygon","coordinates":[[[-122.707854,42.194868],[-122.707786,42.194854],[-122.707785,42.194853],[-122.707799,42.194817],[-122.7078,42.194817],[-122.707868,42.194832],[-122.707867,42.194834],[-122.707854,42.194868]]]}},{"type":"Feature","properties":{"id":"way/956221568","building":"yes"},"geometry":{"type":"Polygon","coordinates":[[[-122.707975,42.194746],[-122.707975,42.194747],[-122.707953,42.194802],[-122.707871,42.194784],[-122.707892,42.194729],[-122.707893,42.194728],[-122.707976,42.194746],[-122.707975,42.194746]]]}},{"type":"Feature","properties":{"id":"way/956221569","building":"commercial"},"geometry":{"type":"Polygon","coordinates":[[[-122.708202,42.194499],[-122.708189,42.194533],[-122.708179,42.19453],[-122.708149,42.194607],[-122.708159,42.194609],[-122.70814,42.194659],[-122.708025,42.194634],[-122.708023,42.194634],[-122.70802,42.194633],[-122.708082,42.194475],[-122.708083,42.194473],[-122.708202,42.194499]]]}},{"type":"Feature","properties":{"id":"way/956221570","building":"yes"},"geometry":{"type":"Polygon","coordinates":[[[-122.708006,42.194514],[-122.708005,42.194527],[-122.708009,42.194527],[-122.70802,42.194527],[-122.70802,42.194529],[-122.708018,42.194605],[-122.707998,42.194605],[-122.707997,42.194637],[-122.70792,42.194636],[-122.707919,42.194636],[-122.70792,42.194617],[-122.707921,42.194562],[-122.707922,42.194532],[-122.707922,42.194527],[-122.707933,42.194527],[-122.707933,42.194523],[-122.707933,42.194514],[-122.707933,42.194512],[-122.708006,42.194513],[-122.708006,42.194514]]]}},{"type":"Feature","properties":{"id":"way/956221571","building":"yes"},"geometry":{"type":"Polygon","coordinates":[[[-122.707844,42.194512],[-122.707843,42.194529],[-122.70785,42.194529],[-122.707849,42.194557],[-122.707858,42.194558],[-122.707863,42.194558],[-122.707859,42.194632],[-122.707857,42.194632],[-122.707857,42.194636],[-122.707857,42.194654],[-122.707846,42.194685],[-122.707819,42.194767],[-122.70769,42.194737],[-122.707701,42.194709],[-122.707714,42.19468],[-122.707804,42.194699],[-122.707816,42.194666],[-122.70782,42.194656],[-122.707797,42.194655],[-122.707757,42.194655],[-122.707759,42.194627],[-122.707762,42.194627],[-122.707765,42.194553],[-122.707769,42.194553],[-122.70777,42.194528],[-122.707782,42.194528],[-122.707783,42.194509],[-122.707844,42.194512]]]}},{"type":"Feature","properties":{"id":"way/956221572","building":"yes"},"geometry":{"type":"Polygon","coordinates":[[[-122.70767,42.194515],[-122.70767,42.19453],[-122.707716,42.19453],[-122.707715,42.194596],[-122.707707,42.194596],[-122.707706,42.194626],[-122.707679,42.194626],[-122.707638,42.194626],[-122.707638,42.19463],[-122.707638,42.194645],[-122.707677,42.194645],[-122.707678,42.194645],[-122.707677,42.194709],[-122.707594,42.194708],[-122.707595,42.194625],[-122.7076,42.194625],[-122.707601,42.194592],[-122.707608,42.194592],[-122.707608,42.194572],[-122.707609,42.194515],[-122.70767,42.194515]]]}},{"type":"Feature","properties":{"id":"way/956221573","building":"yes"},"geometry":{"type":"Polygon","coordinates":[[[-122.707527,42.194495],[-122.707524,42.194632],[-122.707428,42.194632],[-122.707429,42.194495],[-122.707527,42.194495]]]}},{"type":"Feature","properties":{"id":"way/956221574","building":"yes"},"geometry":{"type":"Polygon","coordinates":[[[-122.707556,42.194542],[-122.707556,42.194571],[-122.707534,42.194571],[-122.707534,42.194542],[-122.707556,42.194542]]]}},{"type":"Feature","properties":{"id":"way/956221575","building":"yes"},"geometry":{"type":"Polygon","coordinates":[[[-122.707393,42.194514],[-122.707351,42.194621],[-122.707301,42.19461],[-122.707304,42.194602],[-122.707278,42.194597],[-122.707284,42.194579],[-122.707286,42.194574],[-122.707282,42.194573],[-122.707313,42.194496],[-122.707393,42.194514]]]}},{"type":"Feature","properties":{"id":"way/956221576","building":"yes"},"geometry":{"type":"Polygon","coordinates":[[[-122.706995,42.194461],[-122.706981,42.194498],[-122.707012,42.194505],[-122.707012,42.194506],[-122.706954,42.19465],[-122.706803,42.194617],[-122.706796,42.194616],[-122.706855,42.19446],[-122.706995,42.194461]]]}},{"type":"Feature","properties":{"id":"way/956221577","building":"yes"},"geometry":{"type":"Polygon","coordinates":[[[-122.707351,42.194643],[-122.707341,42.194669],[-122.707299,42.19466],[-122.707309,42.194635],[-122.707309,42.194634],[-122.707351,42.194643]]]}},{"type":"Feature","properties":{"id":"way/956221578","building":"yes"},"geometry":{"type":"Polygon","coordinates":[[[-122.707511,42.194819],[-122.70749,42.194876],[-122.707427,42.194863],[-122.707424,42.194869],[-122.707285,42.194841],[-122.707287,42.194835],[-122.707289,42.194829],[-122.707272,42.194825],[-122.70729,42.194778],[-122.707291,42.194776],[-122.707308,42.19478],[-122.707308,42.19478],[-122.70731,42.194773],[-122.707312,42.194769],[-122.707451,42.194798],[-122.70745,42.1948],[-122.707448,42.194804],[-122.70745,42.194804],[-122.707512,42.194817],[-122.707511,42.194819]]]}},{"type":"Feature","properties":{"id":"way/956221579","building":"yes"},"geometry":{"type":"Polygon","coordinates":[[[-122.707586,42.19499],[-122.707568,42.195035],[-122.707447,42.195008],[-122.707444,42.195007],[-122.707462,42.194962],[-122.707463,42.194959],[-122.707517,42.194971],[-122.707516,42.194974],[-122.707586,42.19499]]]}},{"type":"Feature","properties":{"id":"way/956221580","building":"yes"},"geometry":{"type":"Polygon","coordinates":[[[-122.707357,42.195044],[-122.707343,42.19508],[-122.707323,42.195075],[-122.707313,42.195101],[-122.707284,42.195095],[-122.707287,42.195087],[-122.707169,42.195062],[-122.707175,42.195046],[-122.707156,42.195042],[-122.707175,42.194994],[-122.707177,42.19499],[-122.707195,42.194993],[-122.707201,42.194978],[-122.707304,42.195],[-122.707302,42.195005],[-122.707295,42.195024],[-122.707297,42.195024],[-122.707359,42.195038],[-122.707358,42.19504],[-122.707357,42.195044]]]}},{"type":"Feature","properties":{"id":"way/956221581","building":"yes"},"geometry":{"type":"Polygon","coordinates":[[[-122.707504,42.195047],[-122.70745,42.195186],[-122.707354,42.195167],[-122.707408,42.195027],[-122.707504,42.195047]]]}},{"type":"Feature","properties":{"id":"way/956221582","building":"yes"},"geometry":{"type":"Polygon","coordinates":[[[-122.707381,42.194981],[-122.707243,42.194952],[-122.707246,42.194944],[-122.707248,42.194939],[-122.707231,42.194935],[-122.707249,42.194887],[-122.70725,42.194885],[-122.707267,42.194888],[-122.707268,42.194888],[-122.707272,42.194878],[-122.707273,42.194876],[-122.707409,42.194905],[-122.707408,42.194907],[-122.707407,42.194909],[-122.70741,42.194909],[-122.707439,42.194915],[-122.707439,42.194917],[-122.707413,42.194983],[-122.707383,42.194976],[-122.707381,42.194981]]]}},{"type":"Feature","properties":{"id":"way/956221583","building":"yes"},"geometry":{"type":"Polygon","coordinates":[[[-122.70758,42.195121],[-122.707501,42.195104],[-122.707518,42.195061],[-122.707597,42.195078],[-122.70758,42.195121]]]}},{"type":"Feature","properties":{"id":"way/956221584","building":"yes"},"geometry":{"type":"Polygon","coordinates":[[[-122.707389,42.195235],[-122.70737,42.195281],[-122.707356,42.195278],[-122.707354,42.195281],[-122.707352,42.195288],[-122.707289,42.195275],[-122.707292,42.195267],[-122.707295,42.195261],[-122.707275,42.195256],[-122.707277,42.195251],[-122.707289,42.195219],[-122.707293,42.195211],[-122.70739,42.195232],[-122.707389,42.195235]]]}},{"type":"Feature","properties":{"id":"way/956221585","building":"yes"},"geometry":{"type":"Polygon","coordinates":[[[-122.707664,42.194887],[-122.707651,42.194922],[-122.707577,42.194908],[-122.70759,42.194872],[-122.707591,42.194872],[-122.707664,42.194887]]]}},{"type":"Feature","properties":{"id":"way/956221586","building":"yes"},"geometry":{"type":"Polygon","coordinates":[[[-122.707451,42.195253],[-122.707526,42.195268],[-122.707526,42.195269],[-122.707515,42.195298],[-122.70744,42.195283],[-122.70745,42.195255],[-122.707451,42.195253]]]}},{"type":"Feature","properties":{"id":"way/956221587","building":"yes"},"geometry":{"type":"Polygon","coordinates":[[[-122.707236,42.195332],[-122.707076,42.195297],[-122.707076,42.195297],[-122.707085,42.195272],[-122.707087,42.195267],[-122.707073,42.195264],[-122.70708,42.195248],[-122.707092,42.195217],[-122.707093,42.195214],[-122.707257,42.195251],[-122.707256,42.195253],[-122.707242,42.195287],[-122.707244,42.195287],[-122.707253,42.195289],[-122.707252,42.195294],[-122.707251,42.195295],[-122.707236,42.195332]]]}},{"type":"Feature","properties":{"id":"way/956221588","building":"yes"},"geometry":{"type":"Polygon","coordinates":[[[-122.707137,42.195325],[-122.707135,42.195328],[-122.707133,42.195335],[-122.707134,42.195335],[-122.707137,42.195335],[-122.707135,42.195342],[-122.707121,42.195377],[-122.707114,42.195375],[-122.707112,42.195381],[-122.707109,42.195389],[-122.707099,42.195387],[-122.707087,42.195418],[-122.707079,42.195416],[-122.707074,42.195429],[-122.707001,42.195414],[-122.706999,42.195413],[-122.707002,42.195408],[-122.707004,42.195401],[-122.706997,42.1954],[-122.707003,42.195385],[-122.707032,42.195307],[-122.707033,42.195304],[-122.707137,42.195325]]]}},{"type":"Feature","properties":{"id":"way/956221589","building":"yes"},"geometry":{"type":"Polygon","coordinates":[[[-122.707316,42.195413],[-122.707316,42.195414],[-122.707245,42.1954],[-122.707238,42.195417],[-122.707179,42.195404],[-122.707201,42.195347],[-122.707206,42.195349],[-122.70723,42.195354],[-122.707235,42.19534],[-122.707251,42.195344],[-122.707305,42.195356],[-122.707321,42.195359],[-122.707308,42.195391],[-122.707324,42.195394],[-122.707316,42.195413]]]}},{"type":"Feature","properties":{"id":"way/956221590","building":"yes"},"geometry":{"type":"Polygon","coordinates":[[[-122.707492,42.195402],[-122.707491,42.195404],[-122.707449,42.195507],[-122.707428,42.195502],[-122.707423,42.195513],[-122.707387,42.195505],[-122.707385,42.195504],[-122.707387,42.195498],[-122.70739,42.195492],[-122.707361,42.195486],[-122.707356,42.195484],[-122.707354,42.195484],[-122.707396,42.195381],[-122.707397,42.195378],[-122.707493,42.195399],[-122.707492,42.195402]]]}},{"type":"Feature","properties":{"id":"way/956221591","building":"yes"},"geometry":{"type":"Polygon","coordinates":[[[-122.706956,42.194669],[-122.7069,42.194818],[-122.706739,42.194785],[-122.706736,42.194784],[-122.706782,42.194663],[-122.706909,42.19469],[-122.706919,42.194662],[-122.706956,42.194669]]]}},{"type":"Feature","properties":{"id":"way/956221592","building":"commercial"},"geometry":{"type":"Polygon","coordinates":[[[-122.706768,42.194664],[-122.706744,42.194725],[-122.706744,42.194727],[-122.70674,42.194726],[-122.706696,42.194717],[-122.706689,42.194733],[-122.706688,42.194736],[-122.706626,42.194723],[-122.706638,42.194691],[-122.706662,42.194697],[-122.706682,42.194645],[-122.706687,42.194646],[-122.706768,42.194664]]]}},{"type":"Feature","properties":{"id":"way/956221593","building":"commercial"},"geometry":{"type":"Polygon","coordinates":[[[-122.706751,42.194637],[-122.706703,42.194627],[-122.706683,42.194623],[-122.706688,42.19461],[-122.706689,42.194607],[-122.70666,42.194601],[-122.706623,42.194593],[-122.706643,42.194538],[-122.706675,42.194545],[-122.706698,42.194483],[-122.706794,42.194504],[-122.706771,42.194564],[-122.706776,42.194565],[-122.706803,42.194572],[-122.706776,42.194643],[-122.706751,42.194637]]]}},{"type":"Feature","properties":{"id":"way/956221710","building":"yes"},"geometry":{"type":"Polygon","coordinates":[[[-122.707738,42.196361],[-122.707688,42.196491],[-122.707684,42.19649],[-122.707332,42.196416],[-122.707381,42.196286],[-122.707392,42.196288],[-122.707738,42.196361]]]}},{"type":"Feature","properties":{"id":"way/956221711","building":"yes"},"geometry":{"type":"Polygon","coordinates":[[[-122.707741,42.196359],[-122.707651,42.19634],[-122.707654,42.196331],[-122.707665,42.196304],[-122.707713,42.196314],[-122.707716,42.196307],[-122.707757,42.196316],[-122.707744,42.196351],[-122.707741,42.196359]]]}},{"type":"Feature","properties":{"id":"way/956221712","building":"yes"},"geometry":{"type":"Polygon","coordinates":[[[-122.707708,42.196295],[-122.707706,42.196302],[-122.707705,42.196304],[-122.707584,42.196279],[-122.707559,42.196274],[-122.707576,42.196228],[-122.707577,42.196226],[-122.707577,42.196224],[-122.707581,42.196225],[-122.707621,42.196233],[-122.707622,42.19623],[-122.707631,42.196205],[-122.707638,42.196207],[-122.707647,42.196209],[-122.70774,42.196227],[-122.707722,42.196275],[-122.707721,42.196275],[-122.707716,42.196274],[-122.707708,42.196295]]]}},{"type":"Feature","properties":{"id":"way/956221713","building":"yes"},"geometry":{"type":"Polygon","coordinates":[[[-122.707771,42.196178],[-122.70777,42.19618],[-122.707769,42.196184],[-122.707753,42.196181],[-122.707749,42.19618],[-122.707746,42.196188],[-122.707744,42.196193],[-122.70761,42.196166],[-122.707608,42.196166],[-122.707606,42.196165],[-122.707607,42.196163],[-122.707584,42.196158],[-122.707604,42.196105],[-122.707608,42.196106],[-122.707626,42.196109],[-122.707628,42.196104],[-122.707633,42.19609],[-122.707639,42.196091],[-122.70764,42.196088],[-122.707644,42.196078],[-122.707648,42.196079],[-122.707727,42.196095],[-122.707722,42.196107],[-122.707766,42.196116],[-122.70777,42.196116],[-122.707773,42.196117],[-122.707768,42.19613],[-122.707787,42.196134],[-122.707771,42.196178]]]}},{"type":"Feature","properties":{"id":"way/956221714","building":"yes"},"geometry":{"type":"Polygon","coordinates":[[[-122.707851,42.196004],[-122.707823,42.196076],[-122.707815,42.196074],[-122.707423,42.195992],[-122.707417,42.19599],[-122.707405,42.195988],[-122.707406,42.195986],[-122.707433,42.195916],[-122.707433,42.195916],[-122.707434,42.195916],[-122.70784,42.196002],[-122.707844,42.196003],[-122.707851,42.196004]]]}},{"type":"Feature","properties":{"id":"way/956221715","building":"yes"},"geometry":{"type":"Polygon","coordinates":[[[-122.707878,42.195926],[-122.707877,42.19593],[-122.707875,42.195934],[-122.70742,42.195836],[-122.707415,42.195835],[-122.707413,42.195835],[-122.707444,42.195756],[-122.707906,42.195856],[-122.707878,42.195926]]]}},{"type":"Feature","properties":{"id":"way/956221716","building":"yes"},"geometry":{"type":"Polygon","coordinates":[[[-122.707311,42.195744],[-122.707307,42.195755],[-122.707308,42.195755],[-122.707319,42.195757],[-122.707318,42.195759],[-122.707302,42.195804],[-122.707316,42.195807],[-122.707289,42.195882],[-122.707265,42.195877],[-122.707224,42.195869],[-122.707231,42.195849],[-122.707187,42.195841],[-122.707191,42.195829],[-122.707165,42.195824],[-122.707178,42.195788],[-122.707206,42.195793],[-122.707207,42.195792],[-122.707226,42.195738],[-122.707234,42.19574],[-122.707238,42.195729],[-122.707311,42.195744]]]}},{"type":"Feature","properties":{"id":"way/956221717","building":"yes"},"geometry":{"type":"Polygon","coordinates":[[[-122.707281,42.195964],[-122.707279,42.195971],[-122.707277,42.195974],[-122.707205,42.195958],[-122.7072,42.195957],[-122.707224,42.195897],[-122.707301,42.195915],[-122.707281,42.195964]]]}},{"type":"Feature","properties":{"id":"way/956221718","building":"yes"},"geometry":{"type":"Polygon","coordinates":[[[-122.707241,42.196038],[-122.70724,42.196039],[-122.707239,42.196042],[-122.707151,42.196022],[-122.707176,42.195961],[-122.707263,42.19598],[-122.707241,42.196038]]]}},{"type":"Feature","properties":{"id":"way/956221719","building":"yes"},"geometry":{"type":"Polygon","coordinates":[[[-122.707074,42.19607],[-122.707092,42.196099],[-122.70706,42.196109],[-122.707042,42.196081],[-122.707074,42.19607]]]}},{"type":"Feature","properties":{"id":"way/956221720","building":"yes"},"geometry":{"type":"Polygon","coordinates":[[[-122.707388,42.196134],[-122.707387,42.196136],[-122.707387,42.196138],[-122.707321,42.196123],[-122.707318,42.196122],[-122.707315,42.196121],[-122.707338,42.196067],[-122.707341,42.196068],[-122.707344,42.196068],[-122.707409,42.196083],[-122.707388,42.196134]]]}},{"type":"Feature","properties":{"id":"way/956221721","building":"yes"},"geometry":{"type":"Polygon","coordinates":[[[-122.707369,42.196147],[-122.707359,42.196169],[-122.707308,42.196156],[-122.707317,42.196134],[-122.707369,42.196147]]]}},{"type":"Feature","properties":{"id":"way/956221722","building":"yes"},"geometry":{"type":"Polygon","coordinates":[[[-122.707075,42.195715],[-122.707054,42.195774],[-122.706949,42.195753],[-122.706959,42.195725],[-122.706947,42.195723],[-122.70691,42.195716],[-122.706878,42.195709],[-122.706908,42.195628],[-122.706934,42.195633],[-122.706931,42.19564],[-122.706981,42.19565],[-122.707029,42.195659],[-122.707062,42.195666],[-122.70706,42.195673],[-122.707063,42.195673],[-122.707089,42.195678],[-122.707085,42.195688],[-122.707085,42.195689],[-122.707099,42.195692],[-122.707099,42.195693],[-122.707089,42.195718],[-122.707075,42.195715]]]}},{"type":"Feature","properties":{"id":"way/956221723","building":"yes"},"geometry":{"type":"Polygon","coordinates":[[[-122.706929,42.195933],[-122.70692,42.195957],[-122.706906,42.195995],[-122.706906,42.195996],[-122.706784,42.195971],[-122.706781,42.19597],[-122.706777,42.19597],[-122.706778,42.195968],[-122.706787,42.195943],[-122.706793,42.195925],[-122.706809,42.195883],[-122.706874,42.195896],[-122.706867,42.195916],[-122.706866,42.19592],[-122.706929,42.195933]]]}},{"type":"Feature","properties":{"id":"way/956221724","building":"yes"},"geometry":{"type":"Polygon","coordinates":[[[-122.706922,42.196056],[-122.706903,42.196103],[-122.706902,42.196105],[-122.706874,42.196099],[-122.706873,42.196102],[-122.706814,42.196089],[-122.706812,42.196089],[-122.70681,42.196088],[-122.706808,42.196091],[-122.706741,42.196077],[-122.706744,42.196068],[-122.706729,42.196065],[-122.706729,42.196064],[-122.706747,42.196018],[-122.706747,42.196018],[-122.706763,42.196021],[-122.706765,42.196018],[-122.706766,42.196018],[-122.706831,42.196032],[-122.706829,42.196036],[-122.706922,42.196056]]]}},{"type":"Feature","properties":{"id":"way/956221725","building":"yes"},"geometry":{"type":"Polygon","coordinates":[[[-122.706853,42.196123],[-122.706848,42.19614],[-122.70681,42.196134],[-122.70681,42.196133],[-122.706815,42.196116],[-122.706853,42.196123]]]}},{"type":"Feature","properties":{"id":"way/956221726","building":"yes"},"geometry":{"type":"Polygon","coordinates":[[[-122.706907,42.196322],[-122.706857,42.196311],[-122.706878,42.19626],[-122.706928,42.196271],[-122.706907,42.196322]]]}},{"type":"Feature","properties":{"id":"way/956221727","building":"yes"},"geometry":{"type":"Polygon","coordinates":[[[-122.706989,42.19628],[-122.706994,42.196268],[-122.706966,42.196261],[-122.706988,42.196205],[-122.707034,42.196215],[-122.707035,42.196211],[-122.707125,42.196231],[-122.707108,42.196272],[-122.707099,42.19627],[-122.707093,42.196285],[-122.707125,42.196292],[-122.707103,42.19635],[-122.70707,42.196342],[-122.707027,42.196333],[-122.707043,42.196292],[-122.707006,42.196284],[-122.706989,42.19628]]]}},{"type":"Feature","properties":{"id":"way/956221728","building":"yes"},"geometry":{"type":"Polygon","coordinates":[[[-122.706765,42.196617],[-122.70675,42.196659],[-122.706724,42.196653],[-122.706711,42.196651],[-122.706698,42.196656],[-122.706634,42.196643],[-122.706626,42.196633],[-122.706594,42.196626],[-122.706647,42.196485],[-122.706638,42.196483],[-122.706622,42.19648],[-122.706622,42.196478],[-122.706638,42.196434],[-122.706797,42.196466],[-122.706775,42.196527],[-122.706791,42.196531],[-122.706782,42.196556],[-122.706766,42.196553],[-122.706745,42.196613],[-122.706765,42.196617]]]}},{"type":"Feature","properties":{"id":"way/956221729","building":"yes"},"geometry":{"type":"Polygon","coordinates":[[[-122.707567,42.196676],[-122.70754,42.196746],[-122.707538,42.19675],[-122.707346,42.19671],[-122.707347,42.196706],[-122.707359,42.196675],[-122.707363,42.196664],[-122.707374,42.196635],[-122.707567,42.196676]]]}},{"type":"Feature","properties":{"id":"way/956221730","building":"yes"},"geometry":{"type":"Polygon","coordinates":[[[-122.707426,42.196483],[-122.707493,42.196497],[-122.707483,42.196524],[-122.707595,42.196547],[-122.707591,42.196557],[-122.707606,42.19656],[-122.707584,42.196621],[-122.707583,42.196621],[-122.707583,42.196621],[-122.707571,42.196619],[-122.707565,42.196618],[-122.707561,42.196629],[-122.707561,42.19663],[-122.707442,42.196606],[-122.707443,42.196601],[-122.707444,42.196598],[-122.707426,42.196594],[-122.707442,42.196552],[-122.707443,42.196547],[-122.707403,42.196539],[-122.707413,42.196513],[-122.707412,42.196513],[-122.707423,42.196482],[-122.707426,42.196483]]]}},{"type":"Feature","properties":{"id":"way/956221731","building":"yes"},"geometry":{"type":"Polygon","coordinates":[[[-122.707528,42.196783],[-122.707515,42.196817],[-122.707522,42.196819],[-122.707509,42.196852],[-122.707346,42.196818],[-122.707305,42.196809],[-122.707331,42.196742],[-122.70752,42.196782],[-122.707528,42.196783]]]}},{"type":"Feature","properties":{"id":"way/956221732","building":"yes"},"geometry":{"type":"Polygon","coordinates":[[[-122.707179,42.196665],[-122.707158,42.196661],[-122.70718,42.196604],[-122.707258,42.19662],[-122.707235,42.196681],[-122.707246,42.196683],[-122.707255,42.196658],[-122.707285,42.196664],[-122.707286,42.196664],[-122.707282,42.196674],[-122.707275,42.196695],[-122.707241,42.196785],[-122.707239,42.196789],[-122.70715,42.19677],[-122.707144,42.196769],[-122.707182,42.196666],[-122.707179,42.196665]]]}},{"type":"Feature","properties":{"id":"way/956221733","building":"yes"},"geometry":{"type":"Polygon","coordinates":[[[-122.707,42.196588],[-122.707093,42.196609],[-122.707132,42.196617],[-122.707109,42.196674],[-122.707088,42.196728],[-122.707087,42.196731],[-122.707072,42.196727],[-122.707068,42.196738],[-122.707067,42.19674],[-122.706977,42.19672],[-122.706981,42.196711],[-122.706982,42.196707],[-122.706985,42.196699],[-122.707004,42.196652],[-122.706977,42.196646],[-122.707,42.196588]]]}},{"type":"Feature","properties":{"id":"way/956221734","building":"yes"},"geometry":{"type":"Polygon","coordinates":[[[-122.707176,42.196519],[-122.707047,42.19649],[-122.707072,42.196428],[-122.707201,42.196457],[-122.707176,42.196519]]]}},{"type":"Feature","properties":{"id":"way/956221735","building":"yes"},"geometry":{"type":"Polygon","coordinates":[[[-122.707216,42.196492],[-122.707235,42.196438],[-122.70731,42.196454],[-122.707291,42.196507],[-122.707216,42.196492]]]}},{"type":"Feature","properties":{"id":"way/956221736","building":"yes"},"geometry":{"type":"Polygon","coordinates":[[[-122.707025,42.196419],[-122.706993,42.196509],[-122.706952,42.196501],[-122.70696,42.196478],[-122.706948,42.196475],[-122.706921,42.19647],[-122.706945,42.196404],[-122.707025,42.196419]]]}},{"type":"Feature","properties":{"id":"way/956221737","building":"yes"},"geometry":{"type":"Polygon","coordinates":[[[-122.706728,42.196372],[-122.706711,42.196414],[-122.706665,42.196404],[-122.706657,42.196425],[-122.706608,42.196414],[-122.706632,42.196352],[-122.706728,42.196372]]]}},{"type":"Feature","properties":{"id":"way/956221738","building":"yes"},"geometry":{"type":"Polygon","coordinates":[[[-122.706651,42.195248],[-122.706625,42.19532],[-122.70652,42.195298],[-122.706521,42.195296],[-122.706489,42.19529],[-122.706486,42.195289],[-122.706487,42.195288],[-122.706488,42.195283],[-122.706467,42.195279],[-122.70647,42.19527],[-122.706459,42.195268],[-122.706459,42.195268],[-122.706482,42.195204],[-122.706483,42.195204],[-122.706483,42.195201],[-122.706526,42.19521],[-122.706525,42.195212],[-122.706522,42.19522],[-122.706524,42.19522],[-122.706547,42.195225],[-122.706548,42.195221],[-122.706653,42.195243],[-122.706651,42.195248]]]}},{"type":"Feature","properties":{"id":"way/956221739","building":"yes"},"geometry":{"type":"Polygon","coordinates":[[[-122.706791,42.195046],[-122.706788,42.195053],[-122.70677,42.195101],[-122.706754,42.195098],[-122.706751,42.195106],[-122.70661,42.195077],[-122.706608,42.195077],[-122.706636,42.195002],[-122.706778,42.195031],[-122.706777,42.195034],[-122.706775,42.195039],[-122.70678,42.19504],[-122.706792,42.195043],[-122.706791,42.195046]]]}},{"type":"Feature","properties":{"id":"way/956221740","building":"yes"},"geometry":{"type":"Polygon","coordinates":[[[-122.706832,42.194933],[-122.70683,42.194937],[-122.706815,42.194978],[-122.706807,42.194976],[-122.706793,42.195015],[-122.706616,42.19498],[-122.706614,42.194979],[-122.706628,42.194942],[-122.706639,42.194912],[-122.706647,42.194891],[-122.706651,42.194892],[-122.706662,42.19486],[-122.706697,42.194867],[-122.706696,42.194869],[-122.706685,42.194899],[-122.70669,42.1949],[-122.706834,42.194929],[-122.706832,42.194933]]]}},{"type":"Feature","properties":{"id":"way/956221741","building":"yes"},"geometry":{"type":"Polygon","coordinates":[[[-122.706463,42.194862],[-122.706464,42.194858],[-122.70642,42.194849],[-122.706431,42.19482],[-122.706498,42.194834],[-122.706498,42.194834],[-122.706535,42.194841],[-122.706538,42.194834],[-122.706614,42.19485],[-122.706613,42.194853],[-122.706601,42.194886],[-122.706531,42.194872],[-122.706517,42.194907],[-122.706451,42.194893],[-122.706453,42.194886],[-122.706463,42.194862]]]}},{"type":"Feature","properties":{"id":"way/956221853","addr:state":"OR","amenity":"parking","building":"parking","parking":"multi-storey","source":"esri/Jackson_County_OR_Buildings"},"geometry":{"type":"Polygon","coordinates":[[[-122.713615,42.195404],[-122.713669,42.195434],[-122.713672,42.195436],[-122.7137,42.195406],[-122.713708,42.195398],[-122.713711,42.195395],[-122.713946,42.195518],[-122.713942,42.195522],[-122.71391,42.195557],[-122.713914,42.195559],[-122.713969,42.195586],[-122.713959,42.195596],[-122.713724,42.195843],[-122.713432,42.195691],[-122.71337,42.195657],[-122.713487,42.19553],[-122.713611,42.195403],[-122.713615,42.195404]]]}},{"type":"Feature","properties":{"id":"way/956221924","building":"yes","name":"Fordyce Roper House-Southern Oregon Hospital"},"geometry":{"type":"Polygon","coordinates":[[[-122.712178,42.19479],[-122.712212,42.194753],[-122.71231,42.194803],[-122.712277,42.194838],[-122.712341,42.194871],[-122.712238,42.194982],[-122.712165,42.194944],[-122.712178,42.19493],[-122.712114,42.194897],[-122.712108,42.194903],[-122.712045,42.194871],[-122.712051,42.194865],[-122.711996,42.194836],[-122.712037,42.194792],[-122.712067,42.19476],[-122.712098,42.194776],[-122.712115,42.194758],[-122.712178,42.19479]]]}},{"type":"Feature","properties":{"id":"way/956221925","building":"commercial"},"geometry":{"type":"Polygon","coordinates":[[[-122.712383,42.194712],[-122.712362,42.19477],[-122.712278,42.194752],[-122.712298,42.194695],[-122.712383,42.194712]]]}},{"type":"Feature","properties":{"id":"way/956221926","building":"yes"},"geometry":{"type":"Polygon","coordinates":[[[-122.712617,42.194876],[-122.712532,42.194967],[-122.712485,42.194943],[-122.712569,42.194852],[-122.712617,42.194876]]]}},{"type":"Feature","properties":{"id":"way/956221927","building":"commercial"},"geometry":{"type":"Polygon","coordinates":[[[-122.71206,42.195024],[-122.712057,42.195028],[-122.711889,42.194942],[-122.71189,42.194941],[-122.711894,42.194935],[-122.71194,42.194886],[-122.711985,42.19491],[-122.711998,42.194895],[-122.712054,42.194923],[-122.71204,42.194938],[-122.712104,42.19497],[-122.712111,42.194962],[-122.712119,42.194953],[-122.712137,42.194962],[-122.712208,42.194999],[-122.71215,42.195062],[-122.712078,42.195025],[-122.712073,42.195031],[-122.71206,42.195024]]]}},{"type":"Feature","properties":{"id":"way/956221928","building":"commercial"},"geometry":{"type":"Polygon","coordinates":[[[-122.712191,42.195205],[-122.71219,42.195207],[-122.71214,42.195258],[-122.712051,42.19521],[-122.712021,42.195194],[-122.71203,42.195185],[-122.712074,42.19514],[-122.712193,42.195204],[-122.712191,42.195205]]]}},{"type":"Feature","properties":{"id":"way/956221929","building":"yes","amenity":"toilets"},"geometry":{"type":"Polygon","coordinates":[[[-122.714736,42.196127],[-122.714717,42.196129],[-122.714699,42.196131],[-122.714705,42.19616],[-122.714659,42.196166],[-122.714656,42.196152],[-122.71465,42.196153],[-122.714646,42.196135],[-122.714642,42.196136],[-122.714634,42.1961],[-122.71469,42.196093],[-122.714691,42.196099],[-122.714706,42.196097],[-122.714729,42.196095],[-122.714736,42.196127]]]}},{"type":"Feature","properties":{"id":"way/956221930","building":"yes","amenity":"toilets"},"geometry":{"type":"Polygon","coordinates":[[[-122.71499,42.195876],[-122.714949,42.195877],[-122.714948,42.195864],[-122.714948,42.195851],[-122.714891,42.195853],[-122.714886,42.19579],[-122.714904,42.195789],[-122.714904,42.195786],[-122.714985,42.195783],[-122.714985,42.195788],[-122.715023,42.195787],[-122.715027,42.195848],[-122.714989,42.195849],[-122.714989,42.195862],[-122.71499,42.195876]]]}},{"type":"Feature","properties":{"id":"way/956222485","building":"yes","name":"Angus Bowmer Theatre","amenity":"theatre"},"geometry":{"type":"Polygon","coordinates":[[[-122.71482,42.196345],[-122.714851,42.196341],[-122.714941,42.196333],[-122.714959,42.196343],[-122.715012,42.19634],[-122.715022,42.196345],[-122.715077,42.19629],[-122.715086,42.196295],[-122.715098,42.196285],[-122.715091,42.196281],[-122.715094,42.196279],[-122.715122,42.196296],[-122.715121,42.196297],[-122.715176,42.196329],[-122.715188,42.196318],[-122.715295,42.196307],[-122.715306,42.196297],[-122.715336,42.19646],[-122.715312,42.196484],[-122.715228,42.196489],[-122.71523,42.1965],[-122.715192,42.196535],[-122.715204,42.196629],[-122.715114,42.196716],[-122.714943,42.196732],[-122.714911,42.196715],[-122.714796,42.196649],[-122.714738,42.196616],[-122.714731,42.196577],[-122.714718,42.196488],[-122.714728,42.196477],[-122.714744,42.196462],[-122.71476,42.196447],[-122.714771,42.196436],[-122.714778,42.196429],[-122.71478,42.196426],[-122.714794,42.196413],[-122.714788,42.196376],[-122.714799,42.196367],[-122.714808,42.196357],[-122.714818,42.196347],[-122.71482,42.196345]]]}},{"type":"Feature","properties":{"id":"way/956222590","building":"yes","name":"Thomas Theater","amenity":"theatre"},"geometry":{"type":"Polygon","coordinates":[[[-122.714261,42.195818],[-122.714207,42.195875],[-122.714239,42.195891],[-122.714184,42.19595],[-122.714214,42.195965],[-122.714194,42.195986],[-122.71423,42.196004],[-122.714164,42.196073],[-122.714155,42.196069],[-122.714136,42.196089],[-122.713924,42.195979],[-122.713943,42.195959],[-122.713864,42.195918],[-122.713846,42.195937],[-122.713765,42.195895],[-122.713856,42.195799],[-122.71381,42.195775],[-122.713875,42.195706],[-122.713923,42.195731],[-122.713989,42.195662],[-122.71407,42.195705],[-122.714062,42.195714],[-122.714261,42.195818]]]}},{"type":"Feature","properties":{"id":"way/956222591","building":"yes","name":"Carpenter Hall"},"geometry":{"type":"Polygon","coordinates":[[[-122.714524,42.195924],[-122.71445,42.196002],[-122.714422,42.195987],[-122.714359,42.196053],[-122.714238,42.195989],[-122.714375,42.195846],[-122.714524,42.195924]]]}},{"type":"Feature","properties":{"id":"way/956222669","building":"yes","name":"Ashland Springs Hotel"},"geometry":{"type":"Polygon","coordinates":[[[-122.713052,42.195901],[-122.713023,42.195932],[-122.71301,42.195925],[-122.713,42.195935],[-122.713013,42.195942],[-122.713005,42.19595],[-122.712999,42.195957],[-122.712991,42.195953],[-122.712907,42.196041],[-122.712543,42.195849],[-122.712542,42.195848],[-122.712754,42.195625],[-122.712836,42.195669],[-122.712904,42.195598],[-122.713035,42.195667],[-122.713042,42.19566],[-122.713119,42.195701],[-122.713154,42.19566],[-122.713237,42.195702],[-122.713052,42.195901]]]}},{"type":"Feature","properties":{"id":"way/956222775","building":"yes","name":"Varsity Theatre","amenity":"cinema"},"geometry":{"type":"Polygon","coordinates":[[[-122.713215,42.19599],[-122.713225,42.195996],[-122.713359,42.195858],[-122.713376,42.195867],[-122.713427,42.195815],[-122.71356,42.195886],[-122.713239,42.196218],[-122.713077,42.196132],[-122.713215,42.19599]]]}},{"type":"Feature","properties":{"id":"way/956222776","building":"commercial"},"geometry":{"type":"Polygon","coordinates":[[[-122.71322,42.195985],[-122.713215,42.19599],[-122.713077,42.196132],[-122.712944,42.196061],[-122.713106,42.195894],[-122.713182,42.195935],[-122.713163,42.195954],[-122.71322,42.195985]]]}},{"type":"Feature","properties":{"id":"way/956222777","building":"commercial"},"geometry":{"type":"Polygon","coordinates":[[[-122.71367,42.195993],[-122.713383,42.196291],[-122.713269,42.196233],[-122.713553,42.195932],[-122.71367,42.195993]]]}},{"type":"Feature","properties":{"id":"way/956222778","building":"commercial"},"geometry":{"type":"Polygon","coordinates":[[[-122.713383,42.196291],[-122.71367,42.195993],[-122.713684,42.195979],[-122.713837,42.19606],[-122.713537,42.196372],[-122.713383,42.196291]]]}},{"type":"Feature","properties":{"id":"way/956222779","building":"commercial","name":"The Handlebar"},"geometry":{"type":"Polygon","coordinates":[[[-122.71371,42.196254],[-122.713807,42.196305],[-122.713799,42.196314],[-122.713823,42.196326],[-122.713813,42.196336],[-122.713825,42.196342],[-122.713713,42.19646],[-122.713631,42.196417],[-122.713632,42.196417],[-122.713657,42.19639],[-122.713605,42.196363],[-122.71371,42.196254]]]}},{"type":"Feature","properties":{"id":"way/956223409","building":"yes","name":"Ashland City Hall","amenity":"townhall"},"geometry":{"type":"Polygon","coordinates":[[[-122.715294,42.196819],[-122.715171,42.197067],[-122.715012,42.197022],[-122.715129,42.19678],[-122.715181,42.196796],[-122.715183,42.196792],[-122.715187,42.196787],[-122.715191,42.196788],[-122.715294,42.196819]]]}},{"type":"Feature","properties":{"id":"way/956223410","building":"commercial","name":"Pioneer Building"},"geometry":{"type":"Polygon","coordinates":[[[-122.71513,42.196776],[-122.715012,42.197021],[-122.714978,42.197032],[-122.714813,42.196984],[-122.714854,42.196899],[-122.714864,42.1969],[-122.714924,42.196771],[-122.714973,42.196784],[-122.714987,42.196759],[-122.715051,42.196776],[-122.715054,42.196777],[-122.715063,42.196759],[-122.715065,42.196754],[-122.715131,42.196772],[-122.71513,42.196776]]]}},{"type":"Feature","properties":{"id":"way/956223591","building":"yes","name":"The Black Swan Theater","amenity":"theatre"},"geometry":{"type":"Polygon","coordinates":[[[-122.714142,42.196357],[-122.714009,42.196495],[-122.713906,42.19644],[-122.713872,42.196475],[-122.713781,42.196427],[-122.713946,42.196255],[-122.714142,42.196357]]]}},{"type":"Feature","properties":{"id":"way/956991885","building":"roof","amenity":"shelter"},"geometry":{"type":"Polygon","coordinates":[[[-122.714688,42.196454],[-122.714557,42.196465],[-122.714549,42.196409],[-122.714679,42.196398],[-122.714688,42.196454]]]}},{"type":"Feature","properties":{"id":"way/956995107","amenity":"parking","parking":"surface","seasonal":"summer","surface":"asphalt"},"geometry":{"type":"Polygon","coordinates":[[[-122.71682,42.195201],[-122.716844,42.19514],[-122.716858,42.195141],[-122.716875,42.195138],[-122.716891,42.195131],[-122.716901,42.195123],[-122.71691,42.195107],[-122.71691,42.195093],[-122.716903,42.195082],[-122.716887,42.19507],[-122.716982,42.194823],[-122.717005,42.194828],[-122.71702,42.194828],[-122.717041,42.194823],[-122.71706,42.194815],[-122.717085,42.19481],[-122.717109,42.19481],[-122.717137,42.194813],[-122.717224,42.194831],[-122.717245,42.194844],[-122.717259,42.194859],[-122.717267,42.194878],[-122.717267,42.194907],[-122.717178,42.195132],[-122.717168,42.195148],[-122.717151,42.195161],[-122.717111,42.195176],[-122.717088,42.195185],[-122.717072,42.195202],[-122.717049,42.195249],[-122.71682,42.195201]]]}},{"type":"Feature","properties":{"id":"way/1032447999","building":"yes"},"geometry":{"type":"Polygon","coordinates":[[[-122.711399,42.197392],[-122.711465,42.197406],[-122.711451,42.197442],[-122.711385,42.197427],[-122.711399,42.197392]]]}},{"type":"Feature","properties":{"id":"way/1032448000","building":"yes"},"geometry":{"type":"Polygon","coordinates":[[[-122.711504,42.197514],[-122.711415,42.197495],[-122.711435,42.197445],[-122.711523,42.197464],[-122.711504,42.197514]]]}},{"type":"Feature","properties":{"id":"way/1032448001","building":"yes"},"geometry":{"type":"Polygon","coordinates":[[[-122.711404,42.197599],[-122.71139,42.197636],[-122.711328,42.197623],[-122.711342,42.197586],[-122.711315,42.19758],[-122.711345,42.197504],[-122.711465,42.19753],[-122.711435,42.197606],[-122.711404,42.197599]]]}},{"type":"Feature","properties":{"id":"way/1032448002","building":"yes"},"geometry":{"type":"Polygon","coordinates":[[[-122.710953,42.19748],[-122.710971,42.197433],[-122.71102,42.197444],[-122.711041,42.19739],[-122.711062,42.197394],[-122.711082,42.197344],[-122.711206,42.197371],[-122.711181,42.197435],[-122.711143,42.197427],[-122.711127,42.197467],[-122.711108,42.197514],[-122.711112,42.197514],[-122.711089,42.197573],[-122.71097,42.197548],[-122.710993,42.197489],[-122.710953,42.19748]]]}},{"type":"Feature","properties":{"id":"way/1032448003","building":"yes"},"geometry":{"type":"Polygon","coordinates":[[[-122.710888,42.197454],[-122.710874,42.19749],[-122.710864,42.197487],[-122.710848,42.197528],[-122.710821,42.197522],[-122.710817,42.197532],[-122.710761,42.19752],[-122.710795,42.197434],[-122.710819,42.197372],[-122.710912,42.197393],[-122.710888,42.197454]]]}},{"type":"Feature","properties":{"id":"way/1032448004","building":"yes"},"geometry":{"type":"Polygon","coordinates":[[[-122.710758,42.19742],[-122.710744,42.197456],[-122.710734,42.197454],[-122.710718,42.197494],[-122.710691,42.197488],[-122.710687,42.197498],[-122.710631,42.197486],[-122.710665,42.1974],[-122.710689,42.197339],[-122.710782,42.197359],[-122.710758,42.19742]]]}},{"type":"Feature","properties":{"id":"way/1032448005","building":"yes"},"geometry":{"type":"Polygon","coordinates":[[[-122.710564,42.19747],[-122.710491,42.197454],[-122.710496,42.197443],[-122.710514,42.197396],[-122.71049,42.197391],[-122.710533,42.197283],[-122.710618,42.197301],[-122.71061,42.197321],[-122.710653,42.197331],[-122.7106,42.197465],[-122.710569,42.197458],[-122.710564,42.19747]]]}},{"type":"Feature","properties":{"id":"way/1032448006","building":"yes"},"geometry":{"type":"Polygon","coordinates":[[[-122.71086,42.197258],[-122.710965,42.197281],[-122.710943,42.197336],[-122.710838,42.197313],[-122.71086,42.197258]]]}},{"type":"Feature","properties":{"id":"way/1032448007","building":"yes"},"geometry":{"type":"Polygon","coordinates":[[[-122.710706,42.197293],[-122.71073,42.197231],[-122.710826,42.197251],[-122.710802,42.197314],[-122.710706,42.197293]]]}},{"type":"Feature","properties":{"id":"way/1032448008","building":"yes"},"geometry":{"type":"Polygon","coordinates":[[[-122.710599,42.197202],[-122.710699,42.197224],[-122.710674,42.197286],[-122.710574,42.197265],[-122.710599,42.197202]]]}},{"type":"Feature","properties":{"id":"way/1032448009","building":"yes"},"geometry":{"type":"Polygon","coordinates":[[[-122.710009,42.19704],[-122.709978,42.197118],[-122.709927,42.197107],[-122.709958,42.197029],[-122.710009,42.19704]]]}},{"type":"Feature","properties":{"id":"way/1032448010","building":"yes"},"geometry":{"type":"Polygon","coordinates":[[[-122.710048,42.197242],[-122.710007,42.197346],[-122.709861,42.197314],[-122.709904,42.197205],[-122.709976,42.197221],[-122.709993,42.197177],[-122.710078,42.197196],[-122.710059,42.197244],[-122.710048,42.197242]]]}},{"type":"Feature","properties":{"id":"way/1032448011","building":"yes"},"geometry":{"type":"Polygon","coordinates":[[[-122.709819,42.197026],[-122.709765,42.197014],[-122.709784,42.196968],[-122.709837,42.196979],[-122.709819,42.197026]]]}},{"type":"Feature","properties":{"id":"way/1032448012","building":"yes"},"geometry":{"type":"Polygon","coordinates":[[[-122.709815,42.197291],[-122.70972,42.197271],[-122.709779,42.197122],[-122.709874,42.197143],[-122.709815,42.197291]]]}},{"type":"Feature","properties":{"id":"way/1032448013","building":"yes"},"geometry":{"type":"Polygon","coordinates":[[[-122.709639,42.197146],[-122.709681,42.197155],[-122.709637,42.197268],[-122.709526,42.197244],[-122.70957,42.197131],[-122.709575,42.197132],[-122.709579,42.197121],[-122.709644,42.197135],[-122.709639,42.197146]]]}},{"type":"Feature","properties":{"id":"way/1032448014","building":"yes"},"geometry":{"type":"Polygon","coordinates":[[[-122.709723,42.19703],[-122.709714,42.197054],[-122.709649,42.19704],[-122.709645,42.197052],[-122.709619,42.197046],[-122.709623,42.197034],[-122.709589,42.197027],[-122.709611,42.196969],[-122.709737,42.196997],[-122.709731,42.197012],[-122.709741,42.197015],[-122.709734,42.197033],[-122.709723,42.19703]]]}},{"type":"Feature","properties":{"id":"way/1032448015","building":"yes"},"geometry":{"type":"Polygon","coordinates":[[[-122.709532,42.197053],[-122.709478,42.197042],[-122.7095,42.196987],[-122.709553,42.196998],[-122.709532,42.197053]]]}},{"type":"Feature","properties":{"id":"way/1032448016","building":"yes"},"geometry":{"type":"Polygon","coordinates":[[[-122.709468,42.197187],[-122.709447,42.197241],[-122.709398,42.19723],[-122.709394,42.19724],[-122.709356,42.197232],[-122.70936,42.197222],[-122.709352,42.19722],[-122.709393,42.197117],[-122.709406,42.197085],[-122.709483,42.197101],[-122.709471,42.197133],[-122.709488,42.197137],[-122.709503,42.197141],[-122.709484,42.19719],[-122.709468,42.197187]]]}},{"type":"Feature","properties":{"id":"way/1032448017","building":"yes"},"geometry":{"type":"Polygon","coordinates":[[[-122.70935,42.197128],[-122.709335,42.197125],[-122.70931,42.197188],[-122.709309,42.197188],[-122.709299,42.197214],[-122.709233,42.1972],[-122.709243,42.197174],[-122.709167,42.197157],[-122.709214,42.197038],[-122.709306,42.197058],[-122.709357,42.197069],[-122.709372,42.197072],[-122.70935,42.197128]]]}},{"type":"Feature","properties":{"id":"way/1032448018","building":"yes"},"geometry":{"type":"Polygon","coordinates":[[[-122.708846,42.196983],[-122.708861,42.196986],[-122.708835,42.197053],[-122.708801,42.197045],[-122.708794,42.197062],[-122.708732,42.197049],[-122.708747,42.197011],[-122.708738,42.197009],[-122.708756,42.196964],[-122.708772,42.196922],[-122.708862,42.196942],[-122.708846,42.196983]]]}},{"type":"Feature","properties":{"id":"way/1032448019","building":"detached"},"geometry":{"type":"Polygon","coordinates":[[[-122.708817,42.196784],[-122.708888,42.196797],[-122.708864,42.196866],[-122.708793,42.196852],[-122.708817,42.196784]]]}},{"type":"Feature","properties":{"id":"way/1032448020","building":"yes"},"geometry":{"type":"Polygon","coordinates":[[[-122.708512,42.196999],[-122.708481,42.196993],[-122.708473,42.197015],[-122.708429,42.197006],[-122.708438,42.196984],[-122.708413,42.196979],[-122.708443,42.196898],[-122.708455,42.196866],[-122.708525,42.19688],[-122.708513,42.196912],[-122.708542,42.196918],[-122.708512,42.196999]]]}},{"type":"Feature","properties":{"id":"way/1032448021","building":"yes"},"geometry":{"type":"Polygon","coordinates":[[[-122.708285,42.196898],[-122.708319,42.196806],[-122.708412,42.196825],[-122.708359,42.196969],[-122.708321,42.196962],[-122.708313,42.196983],[-122.708258,42.196972],[-122.708266,42.19695],[-122.708269,42.196942],[-122.708223,42.196933],[-122.708239,42.196889],[-122.708285,42.196898]]]}},{"type":"Feature","properties":{"id":"way/1032448022","building":"yes"},"geometry":{"type":"Polygon","coordinates":[[[-122.708459,42.196753],[-122.708342,42.196729],[-122.708363,42.196671],[-122.708481,42.196695],[-122.708459,42.196753]]]}},{"type":"Feature","properties":{"id":"way/1032448023","building":"yes"},"geometry":{"type":"Polygon","coordinates":[[[-122.708166,42.196909],[-122.708063,42.196888],[-122.708132,42.196699],[-122.708235,42.19672],[-122.708166,42.196909]]]}},{"type":"Feature","properties":{"id":"way/1032448024","building":"yes"},"geometry":{"type":"Polygon","coordinates":[[[-122.70799,42.196874],[-122.707882,42.196852],[-122.707952,42.19666],[-122.708061,42.196682],[-122.70799,42.196874]]]}},{"type":"Feature","properties":{"id":"way/1032448025","building":"yes"},"geometry":{"type":"Polygon","coordinates":[[[-122.709164,42.195483],[-122.709048,42.195459],[-122.709069,42.195405],[-122.709185,42.195429],[-122.709164,42.195483]]]}},{"type":"Feature","properties":{"id":"way/1032448026","building":"yes"},"geometry":{"type":"Polygon","coordinates":[[[-122.708405,42.196066],[-122.708403,42.196071],[-122.708362,42.196062],[-122.708358,42.196073],[-122.708197,42.196038],[-122.708237,42.195936],[-122.708398,42.195971],[-122.708392,42.195988],[-122.708432,42.195996],[-122.70843,42.196001],[-122.708452,42.196006],[-122.708426,42.196071],[-122.708405,42.196066]]]}},{"type":"Feature","properties":{"id":"way/1032448027","building":"yes"},"geometry":{"type":"Polygon","coordinates":[[[-122.708182,42.196167],[-122.708157,42.196162],[-122.708173,42.196122],[-122.708198,42.196127],[-122.708206,42.196104],[-122.708355,42.196137],[-122.708318,42.19623],[-122.70817,42.196197],[-122.708182,42.196167]]]}},{"type":"Feature","properties":{"id":"way/1032448028","building":"yes"},"geometry":{"type":"Polygon","coordinates":[[[-122.708126,42.196265],[-122.708142,42.196225],[-122.708158,42.196228],[-122.708295,42.196258],[-122.708294,42.196261],[-122.708316,42.196266],[-122.708313,42.196273],[-122.708347,42.19628],[-122.70833,42.196324],[-122.708296,42.196317],[-122.708294,42.19632],[-122.708272,42.196315],[-122.708268,42.196326],[-122.708131,42.196296],[-122.708142,42.196268],[-122.708126,42.196265]]]}},{"type":"Feature","properties":{"id":"way/1032448029","building":"yes"},"geometry":{"type":"Polygon","coordinates":[[[-122.70823,42.196423],[-122.708225,42.196436],[-122.708073,42.196403],[-122.708105,42.196323],[-122.708231,42.19635],[-122.708257,42.196356],[-122.708284,42.196362],[-122.708258,42.196429],[-122.70823,42.196423]]]}},{"type":"Feature","properties":{"id":"way/1032448030","building":"yes"},"geometry":{"type":"Polygon","coordinates":[[[-122.708053,42.196522],[-122.708033,42.196517],[-122.708055,42.196462],[-122.708075,42.196466],[-122.708078,42.196458],[-122.70822,42.196489],[-122.708189,42.196566],[-122.708048,42.196536],[-122.708053,42.196522]]]}},{"type":"Feature","properties":{"id":"way/1032448031","building":"yes"},"geometry":{"type":"Polygon","coordinates":[[[-122.708416,42.1966],[-122.708391,42.196595],[-122.708385,42.19661],[-122.708308,42.196594],[-122.708314,42.196578],[-122.7083,42.196575],[-122.708306,42.196558],[-122.708223,42.19654],[-122.708248,42.196475],[-122.708332,42.196493],[-122.708449,42.196518],[-122.708416,42.1966]]]}},{"type":"Feature","properties":{"id":"way/1032448032","building":"yes"},"geometry":{"type":"Polygon","coordinates":[[[-122.708497,42.196509],[-122.7084,42.196488],[-122.708424,42.196425],[-122.708522,42.196446],[-122.708497,42.196509]]]}},{"type":"Feature","properties":{"id":"way/1032448033","building":"yes"},"geometry":{"type":"Polygon","coordinates":[[[-122.708499,42.196428],[-122.708413,42.196409],[-122.708426,42.196376],[-122.708512,42.196395],[-122.708499,42.196428]]]}},{"type":"Feature","properties":{"id":"way/1032448034","building":"yes"},"geometry":{"type":"Polygon","coordinates":[[[-122.70852,42.196371],[-122.708451,42.196356],[-122.708467,42.196314],[-122.708536,42.196329],[-122.70852,42.196371]]]}},{"type":"Feature","properties":{"id":"way/1032448035","building":"yes"},"geometry":{"type":"Polygon","coordinates":[[[-122.708501,42.196283],[-122.708404,42.196262],[-122.708426,42.196207],[-122.708523,42.196228],[-122.708501,42.196283]]]}},{"type":"Feature","properties":{"id":"way/1032448036","building":"yes"},"geometry":{"type":"Polygon","coordinates":[[[-122.708547,42.19612],[-122.708559,42.196088],[-122.70865,42.196108],[-122.708622,42.19618],[-122.708531,42.196161],[-122.70849,42.196152],[-122.708506,42.196111],[-122.708547,42.19612]]]}},{"type":"Feature","properties":{"id":"way/1032448037","building":"yes"},"geometry":{"type":"Polygon","coordinates":[[[-122.708553,42.196054],[-122.708537,42.19605],[-122.708561,42.19599],[-122.708577,42.195994],[-122.708581,42.195983],[-122.708678,42.196004],[-122.70865,42.196075],[-122.708553,42.196054]]]}},{"type":"Feature","properties":{"id":"way/1032448038","building":"yes"},"geometry":{"type":"Polygon","coordinates":[[[-122.708752,42.196044],[-122.70876,42.196023],[-122.708875,42.196048],[-122.708867,42.196069],[-122.708874,42.196071],[-122.708848,42.196136],[-122.70872,42.196108],[-122.708746,42.196043],[-122.708752,42.196044]]]}},{"type":"Feature","properties":{"id":"way/1032448039","building":"yes"},"geometry":{"type":"Polygon","coordinates":[[[-122.708815,42.196308],[-122.708733,42.19629],[-122.708762,42.196215],[-122.708845,42.196233],[-122.708815,42.196308]]]}},{"type":"Feature","properties":{"id":"way/1032448040","building":"yes"},"geometry":{"type":"Polygon","coordinates":[[[-122.708717,42.196376],[-122.708622,42.196356],[-122.708648,42.196288],[-122.708743,42.196309],[-122.708717,42.196376]]]}},{"type":"Feature","properties":{"id":"way/1032448041","building":"yes"},"geometry":{"type":"Polygon","coordinates":[[[-122.708669,42.196459],[-122.708588,42.196441],[-122.708607,42.196393],[-122.708687,42.196411],[-122.708669,42.196459]]]}},{"type":"Feature","properties":{"id":"way/1032448042","building":"yes"},"geometry":{"type":"Polygon","coordinates":[[[-122.708627,42.196644],[-122.708635,42.196626],[-122.708689,42.196638],[-122.708682,42.196656],[-122.708627,42.196644]]]}},{"type":"Feature","properties":{"id":"way/1032448043","building":"yes"},"geometry":{"type":"Polygon","coordinates":[[[-122.708767,42.196716],[-122.708612,42.196681],[-122.708627,42.196644],[-122.708682,42.196656],[-122.708782,42.196679],[-122.708767,42.196716]]]}},{"type":"Feature","properties":{"id":"way/1032448044","building":"detached"},"geometry":{"type":"Polygon","coordinates":[[[-122.70883,42.196618],[-122.708838,42.196598],[-122.708989,42.196631],[-122.70897,42.196678],[-122.708972,42.196681],[-122.708972,42.196687],[-122.708971,42.196692],[-122.708968,42.196696],[-122.708963,42.196699],[-122.708956,42.196703],[-122.708947,42.196703],[-122.708938,42.196701],[-122.708929,42.196696],[-122.708908,42.196692],[-122.708901,42.19671],[-122.708786,42.196685],[-122.708794,42.196664],[-122.708771,42.196659],[-122.708776,42.196648],[-122.708762,42.196645],[-122.708777,42.196606],[-122.70883,42.196618]]]}},{"type":"Feature","properties":{"id":"way/1032448045","building":"detached"},"geometry":{"type":"Polygon","coordinates":[[[-122.708979,42.196507],[-122.709041,42.19652],[-122.709054,42.196523],[-122.709038,42.196563],[-122.709025,42.19656],[-122.709005,42.196611],[-122.708901,42.196589],[-122.708922,42.196536],[-122.708822,42.196515],[-122.70885,42.196444],[-122.708991,42.196475],[-122.708979,42.196507]]]}},{"type":"Feature","properties":{"id":"way/1032448046","building":"yes"},"geometry":{"type":"Polygon","coordinates":[[[-122.709037,42.196402],[-122.709079,42.196411],[-122.709055,42.196471],[-122.708916,42.196441],[-122.708923,42.196424],[-122.708895,42.196418],[-122.708917,42.196364],[-122.709041,42.196391],[-122.709037,42.196402]]]}},{"type":"Feature","properties":{"id":"way/1032448047","building":"yes"},"geometry":{"type":"Polygon","coordinates":[[[-122.708965,42.196292],[-122.708976,42.196265],[-122.709103,42.196292],[-122.709092,42.19632],[-122.709105,42.196323],[-122.709081,42.196383],[-122.708941,42.196353],[-122.708965,42.196292]]]}},{"type":"Feature","properties":{"id":"way/1032448048","building":"yes"},"geometry":{"type":"Polygon","coordinates":[[[-122.708956,42.196243],[-122.708859,42.196222],[-122.708875,42.196182],[-122.708971,42.196203],[-122.708956,42.196243]]]}},{"type":"Feature","properties":{"id":"way/1032448049","building":"yes"},"geometry":{"type":"Polygon","coordinates":[[[-122.709131,42.196238],[-122.708999,42.196209],[-122.709009,42.196183],[-122.70904,42.19619],[-122.709063,42.196132],[-122.709165,42.196154],[-122.709141,42.196212],[-122.709131,42.196238]]]}},{"type":"Feature","properties":{"id":"way/1122822309","building":"yes"},"geometry":{"type":"Polygon","coordinates":[[[-122.718031,42.195943],[-122.717831,42.195883],[-122.717787,42.195964],[-122.717987,42.196024],[-122.718031,42.195943]]]}},{"type":"Feature","properties":{"id":"way/1122822343","building":"yes"},"geometry":{"type":"Polygon","coordinates":[[[-122.718953,42.194714],[-122.718993,42.194725],[-122.718982,42.194747],[-122.719029,42.194761],[-122.71904,42.194741],[-122.719079,42.194752],[-122.719121,42.194668],[-122.718995,42.194633],[-122.718953,42.194714]]]}},{"type":"Feature","properties":{"id":"way/1122822348","building":"yes"},"geometry":{"type":"Polygon","coordinates":[[[-122.716154,42.200644],[-122.716035,42.200605],[-122.715952,42.200742],[-122.715979,42.200751],[-122.715975,42.200758],[-122.716046,42.200782],[-122.716116,42.200666],[-122.716137,42.200673],[-122.716154,42.200644]]]}},{"type":"Feature","properties":{"id":"way/1122822353","building":"yes"},"geometry":{"type":"Polygon","coordinates":[[[-122.717646,42.197092],[-122.717532,42.197059],[-122.717504,42.197114],[-122.717618,42.197146],[-122.717646,42.197092]]]}},{"type":"Feature","properties":{"id":"way/1122822356","building":"yes"},"geometry":{"type":"Polygon","coordinates":[[[-122.719206,42.199577],[-122.719211,42.199586],[-122.71926,42.199569],[-122.719202,42.199479],[-122.719128,42.199506],[-122.719099,42.19946],[-122.719015,42.199489],[-122.719096,42.199616],[-122.719206,42.199577]]]}},{"type":"Feature","properties":{"id":"way/1122822361","building":"yes"},"geometry":{"type":"Polygon","coordinates":[[[-122.716652,42.200848],[-122.716625,42.20089],[-122.716596,42.20088],[-122.716549,42.200954],[-122.716675,42.200999],[-122.716762,42.200862],[-122.716699,42.20084],[-122.716686,42.200859],[-122.716652,42.200848]]]}},{"type":"Feature","properties":{"id":"way/1122822381","building":"yes"},"geometry":{"type":"Polygon","coordinates":[[[-122.716199,42.201412],[-122.716226,42.201328],[-122.71615,42.201314],[-122.716143,42.201337],[-122.716064,42.201323],[-122.716036,42.20141],[-122.716141,42.201428],[-122.716148,42.201404],[-122.716199,42.201412]]]}},{"type":"Feature","properties":{"id":"way/1122822382","building":"yes"},"geometry":{"type":"Polygon","coordinates":[[[-122.715937,42.201275],[-122.715847,42.20144],[-122.715947,42.20147],[-122.716038,42.201305],[-122.715937,42.201275]]]}},{"type":"Feature","properties":{"id":"way/1122822406","building":"yes"},"geometry":{"type":"Polygon","coordinates":[[[-122.717495,42.195726],[-122.717441,42.195713],[-122.717463,42.195663],[-122.717376,42.195642],[-122.717357,42.195686],[-122.717289,42.195669],[-122.717295,42.195657],[-122.717191,42.195631],[-122.717148,42.195728],[-122.717385,42.195786],[-122.717386,42.195783],[-122.717461,42.195801],[-122.717495,42.195726]]]}},{"type":"Feature","properties":{"id":"way/1122822409","building":"yes"},"geometry":{"type":"Polygon","coordinates":[[[-122.717657,42.197639],[-122.717732,42.197724],[-122.717758,42.197711],[-122.717807,42.197766],[-122.717876,42.197733],[-122.717752,42.197593],[-122.717657,42.197639]]]}},{"type":"Feature","properties":{"id":"way/1122822417","building":"yes"},"geometry":{"type":"Polygon","coordinates":[[[-122.716841,42.201585],[-122.716986,42.201641],[-122.717031,42.201577],[-122.716886,42.201521],[-122.716841,42.201585]]]}},{"type":"Feature","properties":{"id":"way/1122822423","building":"yes"},"geometry":{"type":"Polygon","coordinates":[[[-122.716783,42.198983],[-122.716832,42.199074],[-122.716955,42.199038],[-122.716905,42.198947],[-122.716783,42.198983]]]}},{"type":"Feature","properties":{"id":"way/1122822426","building":"yes"},"geometry":{"type":"Polygon","coordinates":[[[-122.71738,42.199753],[-122.717465,42.19989],[-122.717608,42.199842],[-122.717523,42.199705],[-122.71738,42.199753]]]}},{"type":"Feature","properties":{"id":"way/1122822434","building":"yes"},"geometry":{"type":"Polygon","coordinates":[[[-122.716811,42.200882],[-122.716727,42.20102],[-122.716839,42.201057],[-122.716922,42.200919],[-122.716811,42.200882]]]}},{"type":"Feature","properties":{"id":"way/1122822440","building":"yes"},"geometry":{"type":"Polygon","coordinates":[[[-122.716603,42.198222],[-122.716538,42.198135],[-122.716459,42.198168],[-122.716524,42.198254],[-122.716603,42.198222]]]}},{"type":"Feature","properties":{"id":"way/1122822467","building":"yes"},"geometry":{"type":"Polygon","coordinates":[[[-122.718469,42.198711],[-122.718572,42.198654],[-122.718481,42.198564],[-122.718459,42.198576],[-122.718452,42.19857],[-122.718394,42.198603],[-122.718436,42.198643],[-122.718413,42.198656],[-122.718469,42.198711]]]}},{"type":"Feature","properties":{"id":"way/1122822471","building":"yes"},"geometry":{"type":"Polygon","coordinates":[[[-122.717375,42.195014],[-122.717353,42.195065],[-122.71744,42.195086],[-122.717463,42.195035],[-122.717375,42.195014]]]}},{"type":"Feature","properties":{"id":"way/1122822494","building":"yes"},"geometry":{"type":"Polygon","coordinates":[[[-122.718014,42.197908],[-122.717927,42.197945],[-122.717988,42.198023],[-122.718,42.198018],[-122.718036,42.198064],[-122.71811,42.198032],[-122.718014,42.197908]]]}},{"type":"Feature","properties":{"id":"way/1122822510","building":"yes"},"geometry":{"type":"Polygon","coordinates":[[[-122.718561,42.194992],[-122.718659,42.195019],[-122.718691,42.194957],[-122.718593,42.194929],[-122.718561,42.194992]]]}},{"type":"Feature","properties":{"id":"way/1122822511","building":"yes"},"geometry":{"type":"Polygon","coordinates":[[[-122.716616,42.201258],[-122.71657,42.201331],[-122.716667,42.201364],[-122.716713,42.201292],[-122.716616,42.201258]]]}},{"type":"Feature","properties":{"id":"way/1122822526","building":"yes"},"geometry":{"type":"Polygon","coordinates":[[[-122.719339,42.197805],[-122.719274,42.19769],[-122.719167,42.197723],[-122.719231,42.197838],[-122.719339,42.197805]]]}},{"type":"Feature","properties":{"id":"way/1122822534","building":"yes"},"geometry":{"type":"Polygon","coordinates":[[[-122.717772,42.196305],[-122.717637,42.196268],[-122.71759,42.196365],[-122.717725,42.196401],[-122.717772,42.196305]]]}},{"type":"Feature","properties":{"id":"way/1122822542","building":"yes"},"geometry":{"type":"Polygon","coordinates":[[[-122.718914,42.194715],[-122.718945,42.194638],[-122.718799,42.194606],[-122.718754,42.194717],[-122.718855,42.194739],[-122.718869,42.194705],[-122.718914,42.194715]]]}},{"type":"Feature","properties":{"id":"way/1122822546","building":"yes"},"geometry":{"type":"Polygon","coordinates":[[[-122.717893,42.196348],[-122.717847,42.196436],[-122.717978,42.196474],[-122.718024,42.196386],[-122.717893,42.196348]]]}},{"type":"Feature","properties":{"id":"way/1122822547","building":"yes"},"geometry":{"type":"Polygon","coordinates":[[[-122.719159,42.193618],[-122.719134,42.193612],[-122.7191,42.193679],[-122.719265,42.193726],[-122.719316,42.193625],[-122.719176,42.193585],[-122.719159,42.193618]]]}},{"type":"Feature","properties":{"id":"way/1122822551","building":"yes"},"geometry":{"type":"Polygon","coordinates":[[[-122.71812,42.198288],[-122.718042,42.198192],[-122.717894,42.198259],[-122.717972,42.198355],[-122.71812,42.198288]]]}},{"type":"Feature","properties":{"id":"way/1122822553","building":"yes"},"geometry":{"type":"Polygon","coordinates":[[[-122.716773,42.198081],[-122.71687,42.198196],[-122.716963,42.198153],[-122.716866,42.198038],[-122.716773,42.198081]]]}},{"type":"Feature","properties":{"id":"way/1122822561","building":"yes"},"geometry":{"type":"Polygon","coordinates":[[[-122.718264,42.19781],[-122.718176,42.197841],[-122.718249,42.197956],[-122.71839,42.197906],[-122.718339,42.197827],[-122.718286,42.197845],[-122.718264,42.19781]]]}},{"type":"Feature","properties":{"id":"way/1122822563","building":"yes"},"geometry":{"type":"Polygon","coordinates":[[[-122.718793,42.199617],[-122.718678,42.199655],[-122.718748,42.199771],[-122.718808,42.199751],[-122.718792,42.199724],[-122.718847,42.199705],[-122.718793,42.199617]]]}},{"type":"Feature","properties":{"id":"way/1122822564","building":"yes"},"geometry":{"type":"Polygon","coordinates":[[[-122.718068,42.197231],[-122.718089,42.197265],[-122.718055,42.197277],[-122.718124,42.197384],[-122.718205,42.197356],[-122.71817,42.197301],[-122.718207,42.197287],[-122.718152,42.197202],[-122.718068,42.197231]]]}},{"type":"Feature","properties":{"id":"way/1122822570","building":"yes"},"geometry":{"type":"Polygon","coordinates":[[[-122.717269,42.20145],[-122.717286,42.20141],[-122.717239,42.201399],[-122.717195,42.201504],[-122.717325,42.201534],[-122.717352,42.201469],[-122.717269,42.20145]]]}},{"type":"Feature","properties":{"id":"way/1122822578","building":"yes"},"geometry":{"type":"Polygon","coordinates":[[[-122.718932,42.199231],[-122.718892,42.199171],[-122.718713,42.199236],[-122.718777,42.199333],[-122.718839,42.19931],[-122.718814,42.199274],[-122.718932,42.199231]]]}},{"type":"Feature","properties":{"id":"way/1122822592","building":"yes"},"geometry":{"type":"Polygon","coordinates":[[[-122.718169,42.19614],[-122.718076,42.196116],[-122.718057,42.196156],[-122.717827,42.196098],[-122.717845,42.196059],[-122.717757,42.196036],[-122.717708,42.196141],[-122.717837,42.196173],[-122.717819,42.196213],[-122.717889,42.196231],[-122.717903,42.1962],[-122.717941,42.196209],[-122.717956,42.196178],[-122.718026,42.196196],[-122.718017,42.196215],[-122.718122,42.196242],[-122.718169,42.19614]]]}},{"type":"Feature","properties":{"id":"way/1122822593","building":"yes"},"geometry":{"type":"Polygon","coordinates":[[[-122.719105,42.19809],[-122.719031,42.198124],[-122.719104,42.198214],[-122.719179,42.19818],[-122.719105,42.19809]]]}},{"type":"Feature","properties":{"id":"way/1122822600","building":"yes"},"geometry":{"type":"Polygon","coordinates":[[[-122.716671,42.198159],[-122.716727,42.198246],[-122.716807,42.198218],[-122.716751,42.198131],[-122.716671,42.198159]]]}},{"type":"Feature","properties":{"id":"way/1122822605","building":"yes"},"geometry":{"type":"Polygon","coordinates":[[[-122.717078,42.199982],[-122.717011,42.199893],[-122.716782,42.199988],[-122.716849,42.200077],[-122.717078,42.199982]]]}},{"type":"Feature","properties":{"id":"way/1122822610","building":"yes"},"geometry":{"type":"Polygon","coordinates":[[[-122.715975,42.200577],[-122.715889,42.20055],[-122.715854,42.20061],[-122.715811,42.200597],[-122.715787,42.200639],[-122.715813,42.200648],[-122.715797,42.200675],[-122.715901,42.200707],[-122.715975,42.200577]]]}},{"type":"Feature","properties":{"id":"way/1122822614","building":"yes"},"geometry":{"type":"Polygon","coordinates":[[[-122.717344,42.195571],[-122.717547,42.195612],[-122.717591,42.195489],[-122.717439,42.195459],[-122.717415,42.195524],[-122.7173,42.195501],[-122.717299,42.195504],[-122.717206,42.195486],[-122.717185,42.195543],[-122.717283,42.195563],[-122.717276,42.195581],[-122.717336,42.195593],[-122.717344,42.195571]]]}},{"type":"Feature","properties":{"id":"way/1122822653","building":"yes"},"geometry":{"type":"Polygon","coordinates":[[[-122.718487,42.196264],[-122.718547,42.196165],[-122.718462,42.196136],[-122.71845,42.196156],[-122.71838,42.196133],[-122.718314,42.196242],[-122.718393,42.196269],[-122.718411,42.196239],[-122.718487,42.196264]]]}},{"type":"Feature","properties":{"id":"way/1122822658","building":"yes"},"geometry":{"type":"Polygon","coordinates":[[[-122.716413,42.193635],[-122.716347,42.193585],[-122.716238,42.193665],[-122.716258,42.19368],[-122.71621,42.193715],[-122.716298,42.193781],[-122.716432,42.193683],[-122.71639,42.193651],[-122.716413,42.193635]]]}},{"type":"Feature","properties":{"id":"way/1122822668","building":"yes"},"geometry":{"type":"Polygon","coordinates":[[[-122.717018,42.195286],[-122.716859,42.195265],[-122.716793,42.195542],[-122.716952,42.195563],[-122.717018,42.195286]]]}},{"type":"Feature","properties":{"id":"way/1122822679","building":"yes"},"geometry":{"type":"Polygon","coordinates":[[[-122.719154,42.197783],[-122.719088,42.197709],[-122.719009,42.197748],[-122.719075,42.197821],[-122.719154,42.197783]]]}},{"type":"Feature","properties":{"id":"way/1122822691","building":"yes"},"geometry":{"type":"Polygon","coordinates":[[[-122.717541,42.199157],[-122.717427,42.199203],[-122.717479,42.199273],[-122.717593,42.199227],[-122.717541,42.199157]]]}},{"type":"Feature","properties":{"id":"way/1122822694","building":"yes"},"geometry":{"type":"Polygon","coordinates":[[[-122.717361,42.200803],[-122.71734,42.200853],[-122.717418,42.200871],[-122.717439,42.200821],[-122.717361,42.200803]]]}},{"type":"Feature","properties":{"id":"way/1122822696","building":"yes"},"geometry":{"type":"Polygon","coordinates":[[[-122.717911,42.199306],[-122.717988,42.199415],[-122.718349,42.199276],[-122.718272,42.199167],[-122.717911,42.199306]]]}},{"type":"Feature","properties":{"id":"way/1122822705","building":"yes","name":"Park Maintenance Shed"},"geometry":{"type":"Polygon","coordinates":[[[-122.717374,42.193376],[-122.717282,42.193345],[-122.717181,42.193509],[-122.717273,42.19354],[-122.717374,42.193376]]]}},{"type":"Feature","properties":{"id":"way/1122822715","building":"yes"},"geometry":{"type":"Polygon","coordinates":[[[-122.718153,42.199523],[-122.718203,42.199585],[-122.718288,42.199547],[-122.7182,42.199437],[-122.718145,42.199462],[-122.718183,42.19951],[-122.718153,42.199523]]]}},{"type":"Feature","properties":{"id":"way/1122822717","building":"yes"},"geometry":{"type":"Polygon","coordinates":[[[-122.715861,42.194105],[-122.715779,42.194145],[-122.715846,42.19422],[-122.715928,42.194179],[-122.715861,42.194105]]]}},{"type":"Feature","properties":{"id":"way/1122822720","building":"yes"},"geometry":{"type":"Polygon","coordinates":[[[-122.718348,42.195801],[-122.718279,42.195782],[-122.718234,42.195873],[-122.718302,42.195892],[-122.718348,42.195801]]]}},{"type":"Feature","properties":{"id":"way/1122822723","building":"yes"},"geometry":{"type":"Polygon","coordinates":[[[-122.718611,42.194783],[-122.718433,42.194739],[-122.718392,42.194831],[-122.718483,42.194853],[-122.718471,42.194882],[-122.718508,42.194891],[-122.718541,42.194819],[-122.718589,42.194831],[-122.718611,42.194783]]]}},{"type":"Feature","properties":{"id":"way/1122822724","building":"yes"},"geometry":{"type":"Polygon","coordinates":[[[-122.717748,42.198112],[-122.717894,42.19806],[-122.717866,42.198016],[-122.717911,42.198],[-122.717889,42.197965],[-122.717697,42.198033],[-122.717748,42.198112]]]}},{"type":"Feature","properties":{"id":"way/1122822743","building":"yes"},"geometry":{"type":"Polygon","coordinates":[[[-122.717708,42.200849],[-122.717586,42.200811],[-122.717534,42.200904],[-122.717656,42.200942],[-122.717708,42.200849]]]}},{"type":"Feature","properties":{"id":"way/1122822749","building":"yes"},"geometry":{"type":"Polygon","coordinates":[[[-122.718711,42.197625],[-122.718612,42.19767],[-122.718699,42.197775],[-122.718798,42.19773],[-122.718711,42.197625]]]}},{"type":"Feature","properties":{"id":"way/1122822760","building":"yes"},"geometry":{"type":"Polygon","coordinates":[[[-122.717528,42.199535],[-122.717475,42.199451],[-122.717286,42.199516],[-122.717339,42.1996],[-122.717528,42.199535]]]}},{"type":"Feature","properties":{"id":"way/1122822766","building":"yes"},"geometry":{"type":"Polygon","coordinates":[[[-122.718515,42.199341],[-122.718423,42.199383],[-122.718464,42.199431],[-122.718478,42.199424],[-122.718505,42.199455],[-122.718582,42.199419],[-122.718515,42.199341]]]}},{"type":"Feature","properties":{"id":"way/1122822769","building":"yes"},"geometry":{"type":"Polygon","coordinates":[[[-122.718413,42.197941],[-122.718355,42.197967],[-122.718427,42.198054],[-122.718566,42.19799],[-122.718509,42.197921],[-122.718427,42.197958],[-122.718413,42.197941]]]}},{"type":"Feature","properties":{"id":"way/1122822782","building":"yes"},"geometry":{"type":"Polygon","coordinates":[[[-122.719039,42.198446],[-122.718935,42.198305],[-122.718824,42.198349],[-122.718928,42.198491],[-122.719039,42.198446]]]}},{"type":"Feature","properties":{"id":"way/1122822793","building":"yes"},"geometry":{"type":"Polygon","coordinates":[[[-122.718056,42.200211],[-122.71803,42.200177],[-122.717997,42.20019],[-122.717952,42.200128],[-122.71789,42.200153],[-122.717878,42.200138],[-122.717822,42.20016],[-122.717843,42.200188],[-122.717768,42.200218],[-122.71783,42.200302],[-122.718056,42.200211]]]}},{"type":"Feature","properties":{"id":"way/1122822802","building":"yes"},"geometry":{"type":"Polygon","coordinates":[[[-122.718213,42.198573],[-122.71818,42.198584],[-122.718219,42.198647],[-122.718327,42.19861],[-122.718247,42.198481],[-122.718172,42.198507],[-122.718213,42.198573]]]}},{"type":"Feature","properties":{"id":"way/1122822805","building":"yes"},"geometry":{"type":"Polygon","coordinates":[[[-122.718687,42.199093],[-122.718712,42.199131],[-122.718845,42.199082],[-122.71878,42.198985],[-122.718596,42.199053],[-122.718635,42.199112],[-122.718687,42.199093]]]}},{"type":"Feature","properties":{"id":"way/1122822819","building":"yes"},"geometry":{"type":"Polygon","coordinates":[[[-122.718772,42.197566],[-122.71885,42.197704],[-122.71895,42.197673],[-122.718872,42.197535],[-122.718772,42.197566]]]}},{"type":"Feature","properties":{"id":"way/1122822826","building":"yes"},"geometry":{"type":"Polygon","coordinates":[[[-122.715939,42.200944],[-122.715909,42.201025],[-122.715992,42.201042],[-122.716022,42.200962],[-122.715939,42.200944]]]}},{"type":"Feature","properties":{"id":"way/1122822829","building":"yes"},"geometry":{"type":"Polygon","coordinates":[[[-122.717793,42.199178],[-122.717676,42.199218],[-122.717714,42.199279],[-122.717831,42.199239],[-122.717793,42.199178]]]}},{"type":"Feature","properties":{"id":"way/1122822839","building":"yes"},"geometry":{"type":"Polygon","coordinates":[[[-122.717052,42.198922],[-122.716965,42.198955],[-122.716999,42.199004],[-122.717086,42.19897],[-122.717052,42.198922]]]}},{"type":"Feature","properties":{"id":"way/1122822843","building":"yes"},"geometry":{"type":"Polygon","coordinates":[[[-122.717406,42.198177],[-122.717505,42.1983],[-122.717614,42.198252],[-122.717515,42.198129],[-122.717406,42.198177]]]}},{"type":"Feature","properties":{"id":"way/1122822854","building":"yes"},"geometry":{"type":"Polygon","coordinates":[[[-122.718981,42.196774],[-122.718944,42.196785],[-122.718912,42.196721],[-122.71881,42.196749],[-122.718879,42.196885],[-122.719018,42.196847],[-122.718981,42.196774]]]}},{"type":"Feature","properties":{"id":"way/1122822863","building":"yes"},"geometry":{"type":"Polygon","coordinates":[[[-122.718814,42.194736],[-122.718788,42.194786],[-122.71886,42.194807],[-122.718886,42.194757],[-122.718814,42.194736]]]}},{"type":"Feature","properties":{"id":"way/1122822864","building":"yes"},"geometry":{"type":"Polygon","coordinates":[[[-122.718827,42.195582],[-122.718693,42.195557],[-122.718664,42.195642],[-122.718797,42.195667],[-122.718827,42.195582]]]}},{"type":"Feature","properties":{"id":"way/1122822868","building":"yes"},"geometry":{"type":"Polygon","coordinates":[[[-122.719156,42.193808],[-122.718999,42.193763],[-122.718954,42.19385],[-122.719111,42.193895],[-122.719156,42.193808]]]}},{"type":"Feature","properties":{"id":"way/1122822887","building":"yes"},"geometry":{"type":"Polygon","coordinates":[[[-122.717419,42.20124],[-122.717509,42.201269],[-122.717578,42.201153],[-122.717506,42.20113],[-122.717491,42.201154],[-122.717438,42.201136],[-122.717412,42.20118],[-122.717448,42.201191],[-122.717419,42.20124]]]}},{"type":"Feature","properties":{"id":"way/1122822888","building":"yes"},"geometry":{"type":"Polygon","coordinates":[[[-122.717206,42.199027],[-122.717169,42.198963],[-122.717035,42.199006],[-122.717073,42.19907],[-122.717206,42.199027]]]}},{"type":"Feature","properties":{"id":"way/1122822903","building":"yes"},"geometry":{"type":"Polygon","coordinates":[[[-122.719361,42.196436],[-122.719325,42.196494],[-122.719226,42.19646],[-122.719185,42.196528],[-122.719357,42.196586],[-122.719434,42.196461],[-122.719361,42.196436]]]}},{"type":"Feature","properties":{"id":"way/1122822914","building":"yes"},"geometry":{"type":"Polygon","coordinates":[[[-122.719166,42.19669],[-122.719262,42.196708],[-122.719277,42.196663],[-122.719181,42.196645],[-122.719166,42.19669]]]}},{"type":"Feature","properties":{"id":"way/1122822929","building":"yes","name":"First United Methodist of Ashland","amenity":"place_of_worship"},"geometry":{"type":"Polygon","coordinates":[[[-122.71814,42.200291],[-122.71827,42.200486],[-122.718096,42.20055],[-122.718206,42.200716],[-122.718248,42.200701],[-122.718279,42.200747],[-122.718415,42.200697],[-122.718385,42.200652],[-122.718503,42.200609],[-122.718363,42.200399],[-122.718503,42.200348],[-122.718514,42.200365],[-122.718585,42.200339],[-122.718698,42.200508],[-122.718869,42.200445],[-122.718682,42.200164],[-122.718506,42.200229],[-122.718468,42.200171],[-122.71814,42.200291]]]}},{"type":"Feature","properties":{"id":"way/1122822933","building":"yes"},"geometry":{"type":"Polygon","coordinates":[[[-122.719027,42.195926],[-122.719158,42.195958],[-122.719192,42.19588],[-122.719061,42.195849],[-122.719027,42.195926]]]}},{"type":"Feature","properties":{"id":"way/1122822942","building":"yes"},"geometry":{"type":"Polygon","coordinates":[[[-122.717832,42.197065],[-122.717973,42.197103],[-122.718026,42.196994],[-122.717862,42.19695],[-122.717826,42.197023],[-122.71785,42.197029],[-122.717832,42.197065]]]}},{"type":"Feature","properties":{"id":"way/1122822949","building":"yes"},"geometry":{"type":"Polygon","coordinates":[[[-122.717474,42.196569],[-122.717425,42.196659],[-122.717602,42.196711],[-122.717651,42.196621],[-122.717474,42.196569]]]}},{"type":"Feature","properties":{"id":"way/1122822980","building":"yes"},"geometry":{"type":"Polygon","coordinates":[[[-122.716493,42.200325],[-122.716458,42.200393],[-122.716497,42.200404],[-122.716461,42.200475],[-122.716586,42.20051],[-122.71666,42.200362],[-122.716625,42.200353],[-122.716606,42.20039],[-122.716548,42.200374],[-122.716563,42.200345],[-122.716493,42.200325]]]}},{"type":"Feature","properties":{"id":"way/1122822990","building":"yes"},"geometry":{"type":"Polygon","coordinates":[[[-122.718456,42.199798],[-122.718337,42.199847],[-122.718418,42.199957],[-122.718538,42.199908],[-122.718456,42.199798]]]}},{"type":"Feature","properties":{"id":"way/1122822998","building":"yes"},"geometry":{"type":"Polygon","coordinates":[[[-122.718997,42.195246],[-122.718894,42.195221],[-122.718866,42.195285],[-122.718969,42.19531],[-122.718997,42.195246]]]}},{"type":"Feature","properties":{"id":"way/1122823001","building":"yes"},"geometry":{"type":"Polygon","coordinates":[[[-122.716804,42.200203],[-122.716662,42.200151],[-122.716622,42.20021],[-122.716764,42.200262],[-122.716804,42.200203]]]}},{"type":"Feature","properties":{"id":"way/1122823025","building":"yes"},"geometry":{"type":"Polygon","coordinates":[[[-122.718139,42.195563],[-122.717991,42.195532],[-122.717959,42.195617],[-122.718299,42.195689],[-122.718323,42.195625],[-122.718199,42.195599],[-122.718212,42.195564],[-122.718144,42.19555],[-122.718139,42.195563]]]}},{"type":"Feature","properties":{"id":"way/1122823031","building":"yes"},"geometry":{"type":"Polygon","coordinates":[[[-122.717995,42.198385],[-122.718086,42.198486],[-122.718248,42.198406],[-122.718157,42.198305],[-122.717995,42.198385]]]}},{"type":"Feature","properties":{"id":"way/1122823033","building":"yes"},"geometry":{"type":"Polygon","coordinates":[[[-122.716451,42.200767],[-122.716385,42.200885],[-122.716493,42.200918],[-122.716559,42.2008],[-122.716451,42.200767]]]}},{"type":"Feature","properties":{"id":"way/1122823034","building":"yes"},"geometry":{"type":"Polygon","coordinates":[[[-122.717051,42.196185],[-122.71716,42.196211],[-122.717181,42.196164],[-122.717071,42.196138],[-122.717051,42.196185]]]}},{"type":"Feature","properties":{"id":"way/1122823037","building":"yes"},"geometry":{"type":"Polygon","coordinates":[[[-122.718738,42.195747],[-122.718596,42.195697],[-122.718545,42.195776],[-122.718688,42.195826],[-122.718738,42.195747]]]}},{"type":"Feature","properties":{"id":"way/1122823039","building":"yes","name":"Central Cottage"},"geometry":{"type":"Polygon","coordinates":[[[-122.716383,42.200804],[-122.716362,42.200797],[-122.716399,42.20074],[-122.716302,42.200706],[-122.716225,42.200825],[-122.716343,42.200867],[-122.716383,42.200804]]]}},{"type":"Feature","properties":{"id":"way/1122823042","building":"yes"},"geometry":{"type":"Polygon","coordinates":[[[-122.719252,42.196999],[-122.719114,42.197054],[-122.719179,42.197143],[-122.719254,42.197113],[-122.719305,42.197183],[-122.719368,42.197158],[-122.719252,42.196999]]]}},{"type":"Feature","properties":{"id":"way/1122823044","building":"yes"},"geometry":{"type":"Polygon","coordinates":[[[-122.716637,42.198894],[-122.716687,42.198977],[-122.716871,42.198916],[-122.71682,42.198833],[-122.716637,42.198894]]]}},{"type":"Feature","properties":{"id":"way/1122823052","building":"yes"},"geometry":{"type":"Polygon","coordinates":[[[-122.717056,42.200118],[-122.717134,42.200233],[-122.717274,42.200181],[-122.717196,42.200066],[-122.717056,42.200118]]]}},{"type":"Feature","properties":{"id":"way/1122823060","building":"yes"},"geometry":{"type":"Polygon","coordinates":[[[-122.716189,42.201024],[-122.716258,42.201042],[-122.716292,42.200972],[-122.716223,42.200953],[-122.716189,42.201024]]]}},{"type":"Feature","properties":{"id":"way/1122823065","building":"yes"},"geometry":{"type":"Polygon","coordinates":[[[-122.718372,42.200068],[-122.718292,42.199954],[-122.718144,42.200011],[-122.718188,42.200073],[-122.718262,42.200045],[-122.718298,42.200096],[-122.718372,42.200068]]]}},{"type":"Feature","properties":{"id":"way/1122823084","building":"yes"},"geometry":{"type":"Polygon","coordinates":[[[-122.717253,42.196265],[-122.717068,42.196218],[-122.717011,42.196339],[-122.717197,42.196387],[-122.717253,42.196265]]]}},{"type":"Feature","properties":{"id":"way/1122823089","building":"yes"},"geometry":{"type":"Polygon","coordinates":[[[-122.717568,42.197368],[-122.717471,42.197341],[-122.717436,42.197409],[-122.717533,42.197436],[-122.717568,42.197368]]]}},{"type":"Feature","properties":{"id":"way/1122823094","building":"yes"},"geometry":{"type":"Polygon","coordinates":[[[-122.716967,42.201111],[-122.717038,42.201135],[-122.717122,42.201],[-122.717024,42.200967],[-122.716977,42.201042],[-122.717004,42.201051],[-122.716967,42.201111]]]}},{"type":"Feature","properties":{"id":"way/1122823096","building":"yes"},"geometry":{"type":"Polygon","coordinates":[[[-122.718026,42.197494],[-122.718057,42.197535],[-122.718003,42.197558],[-122.718078,42.197657],[-122.718193,42.197609],[-122.718087,42.197468],[-122.718026,42.197494]]]}},{"type":"Feature","properties":{"id":"way/1122823104","building":"yes"},"geometry":{"type":"Polygon","coordinates":[[[-122.719036,42.19825],[-122.719053,42.19827],[-122.718999,42.198296],[-122.719102,42.198411],[-122.719212,42.198356],[-122.719092,42.198222],[-122.719036,42.19825]]]}},{"type":"Feature","properties":{"id":"way/1122823128","building":"yes"},"geometry":{"type":"Polygon","coordinates":[[[-122.719008,42.19909],[-122.718894,42.199141],[-122.718968,42.199232],[-122.719082,42.199181],[-122.719008,42.19909]]]}},{"type":"Feature","properties":{"id":"way/1122823129","building":"yes"},"geometry":{"type":"Polygon","coordinates":[[[-122.71924,42.199058],[-122.719291,42.199036],[-122.719256,42.19899],[-122.71916,42.19903],[-122.71923,42.199123],[-122.719275,42.199104],[-122.71924,42.199058]]]}},{"type":"Feature","properties":{"id":"way/1122823139","building":"yes"},"geometry":{"type":"Polygon","coordinates":[[[-122.71738,42.201347],[-122.717473,42.201377],[-122.717526,42.201284],[-122.717433,42.201255],[-122.71738,42.201347]]]}},{"type":"Feature","properties":{"id":"way/1122823146","building":"yes"},"geometry":{"type":"Polygon","coordinates":[[[-122.71709,42.19777],[-122.71706,42.197795],[-122.717108,42.197827],[-122.717177,42.19777],[-122.717098,42.197717],[-122.717059,42.197749],[-122.71709,42.19777]]]}},{"type":"Feature","properties":{"id":"way/1122823151","building":"yes"},"geometry":{"type":"Polygon","coordinates":[[[-122.717708,42.201547],[-122.717804,42.201581],[-122.717858,42.201497],[-122.717762,42.201463],[-122.717708,42.201547]]]}},{"type":"Feature","properties":{"id":"way/1122823153","building":"yes"},"geometry":{"type":"Polygon","coordinates":[[[-122.7169,42.199774],[-122.716811,42.199705],[-122.716727,42.199764],[-122.71669,42.199734],[-122.716591,42.199804],[-122.716628,42.199833],[-122.716652,42.199817],[-122.71674,42.199886],[-122.7169,42.199774]]]}},{"type":"Feature","properties":{"id":"way/1122823154","building":"yes"},"geometry":{"type":"Polygon","coordinates":[[[-122.717713,42.199376],[-122.717732,42.199405],[-122.717821,42.199373],[-122.717769,42.199294],[-122.717652,42.199337],[-122.717685,42.199386],[-122.717713,42.199376]]]}},{"type":"Feature","properties":{"id":"way/1122823159","building":"yes"},"geometry":{"type":"Polygon","coordinates":[[[-122.718782,42.19455],[-122.718571,42.194497],[-122.718522,42.194603],[-122.718517,42.194602],[-122.718478,42.194686],[-122.71855,42.194704],[-122.718563,42.194676],[-122.718611,42.194688],[-122.718661,42.194581],[-122.718699,42.194591],[-122.718678,42.194636],[-122.718736,42.194651],[-122.718782,42.19455]]]}},{"type":"Feature","properties":{"id":"way/1122823160","building":"yes"},"geometry":{"type":"Polygon","coordinates":[[[-122.717439,42.197495],[-122.717365,42.197476],[-122.71739,42.197425],[-122.717339,42.197412],[-122.717323,42.197447],[-122.717062,42.19738],[-122.717022,42.197464],[-122.717407,42.197564],[-122.717439,42.197495]]]}},{"type":"Feature","properties":{"id":"way/1122823162","building":"yes"},"geometry":{"type":"Polygon","coordinates":[[[-122.718983,42.194175],[-122.718993,42.194144],[-122.718937,42.194134],[-122.718961,42.194058],[-122.718838,42.194037],[-122.718804,42.194144],[-122.718983,42.194175]]]}},{"type":"Feature","properties":{"id":"way/1122823165","building":"yes"},"geometry":{"type":"Polygon","coordinates":[[[-122.717826,42.199628],[-122.717909,42.199731],[-122.718025,42.19968],[-122.717941,42.199576],[-122.717826,42.199628]]]}},{"type":"Feature","properties":{"id":"way/1122823171","building":"yes"},"geometry":{"type":"Polygon","coordinates":[[[-122.716017,42.201489],[-122.715967,42.201473],[-122.71594,42.201518],[-122.715851,42.20149],[-122.715816,42.20155],[-122.715956,42.201594],[-122.716017,42.201489]]]}},{"type":"Feature","properties":{"id":"way/1122823178","building":"yes"},"geometry":{"type":"Polygon","coordinates":[[[-122.718919,42.195969],[-122.718894,42.196021],[-122.718992,42.196047],[-122.719017,42.195995],[-122.718919,42.195969]]]}},{"type":"Feature","properties":{"id":"way/1122823180","building":"yes"},"geometry":{"type":"Polygon","coordinates":[[[-122.717515,42.195329],[-122.717707,42.195383],[-122.717763,42.195273],[-122.717571,42.195219],[-122.717515,42.195329]]]}},{"type":"Feature","properties":{"id":"way/1122823185","building":"yes"},"geometry":{"type":"Polygon","coordinates":[[[-122.718014,42.194868],[-122.71787,42.194829],[-122.717821,42.19493],[-122.717965,42.194968],[-122.718014,42.194868]]]}},{"type":"Feature","properties":{"id":"way/1122823186","building":"yes"},"geometry":{"type":"Polygon","coordinates":[[[-122.71641,42.201261],[-122.716512,42.201295],[-122.716561,42.201214],[-122.716459,42.20118],[-122.71641,42.201261]]]}},{"type":"Feature","properties":{"id":"way/1122823188","building":"yes"},"geometry":{"type":"Polygon","coordinates":[[[-122.718854,42.197118],[-122.718802,42.197044],[-122.718731,42.197072],[-122.718783,42.197146],[-122.718854,42.197118]]]}},{"type":"Feature","properties":{"id":"way/1122823191","building":"yes"},"geometry":{"type":"Polygon","coordinates":[[[-122.719376,42.198804],[-122.719449,42.198773],[-122.719327,42.198615],[-122.719199,42.198669],[-122.719265,42.198754],[-122.719319,42.19873],[-122.719376,42.198804]]]}},{"type":"Feature","properties":{"id":"way/1122823203","building":"yes"},"geometry":{"type":"Polygon","coordinates":[[[-122.71897,42.198765],[-122.718901,42.198792],[-122.718918,42.198815],[-122.718862,42.198837],[-122.718885,42.19887],[-122.718835,42.19889],[-122.718899,42.198978],[-122.718962,42.198954],[-122.718923,42.198899],[-122.719035,42.198855],[-122.71897,42.198765]]]}},{"type":"Feature","properties":{"id":"way/1122823212","building":"yes"},"geometry":{"type":"Polygon","coordinates":[[[-122.718257,42.194535],[-122.718142,42.194511],[-122.718121,42.194569],[-122.718235,42.194592],[-122.718257,42.194535]]]}},{"type":"Feature","properties":{"id":"way/1122823214","building":"yes"},"geometry":{"type":"Polygon","coordinates":[[[-122.716576,42.19701],[-122.716734,42.197058],[-122.716742,42.197045],[-122.716811,42.197066],[-122.716862,42.196974],[-122.716634,42.196905],[-122.716576,42.19701]]]}},{"type":"Feature","properties":{"id":"way/1122823215","building":"yes"},"geometry":{"type":"Polygon","coordinates":[[[-122.717788,42.20141],[-122.717887,42.201444],[-122.717975,42.201304],[-122.717876,42.20127],[-122.717788,42.20141]]]}},{"type":"Feature","properties":{"id":"way/1122823216","building":"yes"},"geometry":{"type":"Polygon","coordinates":[[[-122.719149,42.194779],[-122.719073,42.194758],[-122.719049,42.194807],[-122.719124,42.194828],[-122.719149,42.194779]]]}},{"type":"Feature","properties":{"id":"way/1122823220","building":"yes"},"geometry":{"type":"Polygon","coordinates":[[[-122.718033,42.199588],[-122.717978,42.199614],[-122.71803,42.199674],[-122.718084,42.199648],[-122.718033,42.199588]]]}},{"type":"Feature","properties":{"id":"way/1122823224","building":"yes"},"geometry":{"type":"Polygon","coordinates":[[[-122.717116,42.201137],[-122.717199,42.201168],[-122.71729,42.201032],[-122.717207,42.201002],[-122.717116,42.201137]]]}},{"type":"Feature","properties":{"id":"way/1122823234","building":"yes"},"geometry":{"type":"Polygon","coordinates":[[[-122.716105,42.200359],[-122.716197,42.200389],[-122.716283,42.200247],[-122.716191,42.200217],[-122.716105,42.200359]]]}},{"type":"Feature","properties":{"id":"way/1122823238","building":"yes"},"geometry":{"type":"Polygon","coordinates":[[[-122.717313,42.200662],[-122.71738,42.200746],[-122.717476,42.200704],[-122.717505,42.200741],[-122.717588,42.200704],[-122.717492,42.200584],[-122.717313,42.200662]]]}},{"type":"Feature","properties":{"id":"way/1122823242","building":"yes"},"geometry":{"type":"Polygon","coordinates":[[[-122.71817,42.201483],[-122.718109,42.201589],[-122.718208,42.20162],[-122.718269,42.201514],[-122.71817,42.201483]]]}},{"type":"Feature","properties":{"id":"way/1122823248","building":"yes"},"geometry":{"type":"Polygon","coordinates":[[[-122.716923,42.196484],[-122.716999,42.196499],[-122.717006,42.196478],[-122.717146,42.196506],[-122.71718,42.196414],[-122.716963,42.196371],[-122.716923,42.196484]]]}},{"type":"Feature","properties":{"id":"way/1122823251","building":"yes"},"geometry":{"type":"Polygon","coordinates":[[[-122.718503,42.197782],[-122.718461,42.1978],[-122.71852,42.197874],[-122.718651,42.197816],[-122.718567,42.197709],[-122.718477,42.197749],[-122.718503,42.197782]]]}},{"type":"Feature","properties":{"id":"way/1122823265","building":"yes"},"geometry":{"type":"Polygon","coordinates":[[[-122.716883,42.197754],[-122.716951,42.19779],[-122.717023,42.197714],[-122.716947,42.197674],[-122.716961,42.197659],[-122.716811,42.197581],[-122.716745,42.197649],[-122.716904,42.197733],[-122.716883,42.197754]]]}},{"type":"Feature","properties":{"id":"way/1122823270","building":"yes"},"geometry":{"type":"Polygon","coordinates":[[[-122.717046,42.201585],[-122.717016,42.201645],[-122.717128,42.201676],[-122.717158,42.201615],[-122.717046,42.201585]]]}},{"type":"Feature","properties":{"id":"way/1122823275","building":"yes"},"geometry":{"type":"Polygon","coordinates":[[[-122.718315,42.196477],[-122.718101,42.196413],[-122.718047,42.19651],[-122.718262,42.196575],[-122.718315,42.196477]]]}},{"type":"Feature","properties":{"id":"way/1122823277","building":"yes"},"geometry":{"type":"Polygon","coordinates":[[[-122.717796,42.194715],[-122.718059,42.194776],[-122.71809,42.194704],[-122.718145,42.194716],[-122.718167,42.194663],[-122.717976,42.194619],[-122.717958,42.194663],[-122.717831,42.194634],[-122.717796,42.194715]]]}},{"type":"Feature","properties":{"id":"way/1122823290","building":"yes"},"geometry":{"type":"Polygon","coordinates":[[[-122.718459,42.198752],[-122.718378,42.198653],[-122.71825,42.19871],[-122.718331,42.19881],[-122.718459,42.198752]]]}},{"type":"Feature","properties":{"id":"way/1122823313","building":"yes"},"geometry":{"type":"Polygon","coordinates":[[[-122.718094,42.201375],[-122.718029,42.201352],[-122.718039,42.201336],[-122.717987,42.201317],[-122.717916,42.201427],[-122.718034,42.201469],[-122.718094,42.201375]]]}},{"type":"Feature","properties":{"id":"way/1122823314","building":"yes"},"geometry":{"type":"Polygon","coordinates":[[[-122.718142,42.198975],[-122.718089,42.199002],[-122.718142,42.199059],[-122.718195,42.199032],[-122.718142,42.198975]]]}},{"type":"Feature","properties":{"id":"way/1122823319","building":"yes"},"geometry":{"type":"Polygon","coordinates":[[[-122.717187,42.196148],[-122.71729,42.196177],[-122.717339,42.196083],[-122.717236,42.196054],[-122.717187,42.196148]]]}},{"type":"Feature","properties":{"id":"way/1122823328","building":"yes"},"geometry":{"type":"Polygon","coordinates":[[[-122.717757,42.198415],[-122.717698,42.198336],[-122.717525,42.198406],[-122.717512,42.198388],[-122.7174,42.198433],[-122.71743,42.198473],[-122.717545,42.198426],[-122.717588,42.198484],[-122.717757,42.198415]]]}},{"type":"Feature","properties":{"id":"way/1122823337","building":"yes"},"geometry":{"type":"Polygon","coordinates":[[[-122.716819,42.197778],[-122.716728,42.197707],[-122.716711,42.19772],[-122.716665,42.197683],[-122.716599,42.197729],[-122.716736,42.197836],[-122.716819,42.197778]]]}},{"type":"Feature","properties":{"id":"way/1122823366","building":"yes"},"geometry":{"type":"Polygon","coordinates":[[[-122.716213,42.200864],[-122.716161,42.200851],[-122.716136,42.20091],[-122.716188,42.200923],[-122.716213,42.200864]]]}},{"type":"Feature","properties":{"id":"way/1122823369","building":"yes"},"geometry":{"type":"Polygon","coordinates":[[[-122.719044,42.194429],[-122.719198,42.194465],[-122.719235,42.194378],[-122.719081,42.194342],[-122.719044,42.194429]]]}},{"type":"Feature","properties":{"id":"way/1122823379","building":"yes"},"geometry":{"type":"Polygon","coordinates":[[[-122.718053,42.196097],[-122.718134,42.196112],[-122.718163,42.196028],[-122.718082,42.196013],[-122.718053,42.196097]]]}},{"type":"Feature","properties":{"id":"way/1122823380","building":"yes"},"geometry":{"type":"Polygon","coordinates":[[[-122.717691,42.19781],[-122.717573,42.197671],[-122.717508,42.197702],[-122.717547,42.197748],[-122.717499,42.197771],[-122.717553,42.197833],[-122.717522,42.197848],[-122.717568,42.197902],[-122.717664,42.197857],[-122.717643,42.197833],[-122.717691,42.19781]]]}},{"type":"Feature","properties":{"id":"way/1122823383","building":"yes"},"geometry":{"type":"Polygon","coordinates":[[[-122.718823,42.196636],[-122.718675,42.196601],[-122.718652,42.196653],[-122.718723,42.19667],[-122.718714,42.196691],[-122.718568,42.196656],[-122.718538,42.196727],[-122.718713,42.196768],[-122.718746,42.196692],[-122.718794,42.196704],[-122.718823,42.196636]]]}},{"type":"Feature","properties":{"id":"way/1122823392","building":"yes"},"geometry":{"type":"Polygon","coordinates":[[[-122.717344,42.200387],[-122.717287,42.200314],[-122.717139,42.200378],[-122.717196,42.200451],[-122.717344,42.200387]]]}},{"type":"Feature","properties":{"id":"way/1122823413","building":"yes"},"geometry":{"type":"Polygon","coordinates":[[[-122.71756,42.198959],[-122.717472,42.198854],[-122.717366,42.198902],[-122.717455,42.199008],[-122.71756,42.198959]]]}},{"type":"Feature","properties":{"id":"way/1122823419","building":"yes"},"geometry":{"type":"Polygon","coordinates":[[[-122.717861,42.200944],[-122.717793,42.200866],[-122.717727,42.200898],[-122.717755,42.20093],[-122.717736,42.200939],[-122.717777,42.200985],[-122.717861,42.200944]]]}},{"type":"Feature","properties":{"id":"way/1122823429","building":"yes"},"geometry":{"type":"Polygon","coordinates":[[[-122.718065,42.197436],[-122.718021,42.197373],[-122.717896,42.19742],[-122.717939,42.197483],[-122.718065,42.197436]]]}},{"type":"Feature","properties":{"id":"way/1122823435","building":"yes"},"geometry":{"type":"Polygon","coordinates":[[[-122.717694,42.19665],[-122.717654,42.196728],[-122.71765,42.196727],[-122.717615,42.196797],[-122.717723,42.196827],[-122.717798,42.196678],[-122.717694,42.19665]]]}},{"type":"Feature","properties":{"id":"way/1122823438","building":"yes"},"geometry":{"type":"Polygon","coordinates":[[[-122.717629,42.198858],[-122.717714,42.198864],[-122.717722,42.198799],[-122.717637,42.198793],[-122.717629,42.198858]]]}},{"type":"Feature","properties":{"id":"way/1122823441","building":"yes"},"geometry":{"type":"Polygon","coordinates":[[[-122.718537,42.197338],[-122.718408,42.197389],[-122.718476,42.197484],[-122.718606,42.197433],[-122.718537,42.197338]]]}},{"type":"Feature","properties":{"id":"way/1122823446","building":"yes"},"geometry":{"type":"Polygon","coordinates":[[[-122.718315,42.195461],[-122.718094,42.19541],[-122.718058,42.195496],[-122.718279,42.195547],[-122.718315,42.195461]]]}},{"type":"Feature","properties":{"id":"way/1122823448","building":"yes"},"geometry":{"type":"Polygon","coordinates":[[[-122.718166,42.200422],[-122.718074,42.200308],[-122.717985,42.200347],[-122.717999,42.200365],[-122.717919,42.2004],[-122.717997,42.200497],[-122.718166,42.200422]]]}},{"type":"Feature","properties":{"id":"way/1122823466","building":"yes"},"geometry":{"type":"Polygon","coordinates":[[[-122.716252,42.201561],[-122.716176,42.201537],[-122.716139,42.201602],[-122.716215,42.201626],[-122.716252,42.201561]]]}},{"type":"Feature","properties":{"id":"way/1122823473","building":"yes"},"geometry":{"type":"Polygon","coordinates":[[[-122.718312,42.201692],[-122.718367,42.201711],[-122.718433,42.201605],[-122.718336,42.201572],[-122.718284,42.201654],[-122.718326,42.201669],[-122.718312,42.201692]]]}},{"type":"Feature","properties":{"id":"way/1122823480","building":"yes"},"geometry":{"type":"Polygon","coordinates":[[[-122.718681,42.199853],[-122.718654,42.199809],[-122.718678,42.1998],[-122.718636,42.199732],[-122.71853,42.199769],[-122.718599,42.199881],[-122.718681,42.199853]]]}},{"type":"Feature","properties":{"id":"way/1122823482","building":"yes"},"geometry":{"type":"Polygon","coordinates":[[[-122.71722,42.19795],[-122.717179,42.197966],[-122.717215,42.198015],[-122.717257,42.197998],[-122.717275,42.198024],[-122.717374,42.197983],[-122.717268,42.19784],[-122.717169,42.19788],[-122.71722,42.19795]]]}},{"type":"Feature","properties":{"id":"way/1122823486","building":"yes"},"geometry":{"type":"Polygon","coordinates":[[[-122.718249,42.197473],[-122.718237,42.197477],[-122.718289,42.197558],[-122.718397,42.197521],[-122.718322,42.197401],[-122.718225,42.197435],[-122.718249,42.197473]]]}},{"type":"Feature","properties":{"id":"way/1122823487","building":"yes"},"geometry":{"type":"Polygon","coordinates":[[[-122.717777,42.19965],[-122.717661,42.199695],[-122.71774,42.199806],[-122.717855,42.199761],[-122.717777,42.19965]]]}},{"type":"Feature","properties":{"id":"way/1122823492","building":"yes"},"geometry":{"type":"Polygon","coordinates":[[[-122.71826,42.19849],[-122.7183,42.198541],[-122.718357,42.198516],[-122.718318,42.198466],[-122.71826,42.19849]]]}},{"type":"Feature","properties":{"id":"way/1122823493","building":"yes"},"geometry":{"type":"Polygon","coordinates":[[[-122.716864,42.197929],[-122.71678,42.197862],[-122.716712,42.197909],[-122.716796,42.197976],[-122.716864,42.197929]]]}},{"type":"Feature","properties":{"id":"way/1122823495","building":"yes"},"geometry":{"type":"Polygon","coordinates":[[[-122.718397,42.197298],[-122.718344,42.197218],[-122.718253,42.197251],[-122.718306,42.197331],[-122.718397,42.197298]]]}},{"type":"Feature","properties":{"id":"way/1122823510","building":"yes"},"geometry":{"type":"Polygon","coordinates":[[[-122.717852,42.195849],[-122.717946,42.195872],[-122.717964,42.195833],[-122.718139,42.195876],[-122.718158,42.195834],[-122.718113,42.195823],[-122.718143,42.195757],[-122.717919,42.195701],[-122.717852,42.195849]]]}},{"type":"Feature","properties":{"id":"way/1122823511","building":"yes"},"geometry":{"type":"Polygon","coordinates":[[[-122.719327,42.194732],[-122.719196,42.194695],[-122.719162,42.194762],[-122.719294,42.194798],[-122.719327,42.194732]]]}},{"type":"Feature","properties":{"id":"way/1122823512","building":"yes"},"geometry":{"type":"Polygon","coordinates":[[[-122.716091,42.200752],[-122.716185,42.200784],[-122.716233,42.200707],[-122.716139,42.200675],[-122.716091,42.200752]]]}},{"type":"Feature","properties":{"id":"way/1122823526","building":"yes"},"geometry":{"type":"Polygon","coordinates":[[[-122.719103,42.197432],[-122.719009,42.197461],[-122.719063,42.197558],[-122.719157,42.197529],[-122.719103,42.197432]]]}},{"type":"Feature","properties":{"id":"way/1122823528","building":"yes"},"geometry":{"type":"Polygon","coordinates":[[[-122.71807,42.199919],[-122.717953,42.199967],[-122.718006,42.200039],[-122.718123,42.199991],[-122.71807,42.199919]]]}},{"type":"Feature","properties":{"id":"way/1122823529","building":"yes"},"geometry":{"type":"Polygon","coordinates":[[[-122.717626,42.198334],[-122.717682,42.198306],[-122.717653,42.198273],[-122.717596,42.1983],[-122.717626,42.198334]]]}},{"type":"Feature","properties":{"id":"way/1122823537","building":"yes"},"geometry":{"type":"Polygon","coordinates":[[[-122.716118,42.199942],[-122.715974,42.1999],[-122.715902,42.200033],[-122.716046,42.200076],[-122.716118,42.199942]]]}},{"type":"Feature","properties":{"id":"way/1122823538","building":"yes"},"geometry":{"type":"Polygon","coordinates":[[[-122.718373,42.199985],[-122.718413,42.200038],[-122.718485,42.200009],[-122.718445,42.199956],[-122.718373,42.199985]]]}},{"type":"Feature","properties":{"id":"way/1122823574","building":"yes"},"geometry":{"type":"Polygon","coordinates":[[[-122.718236,42.196345],[-122.718419,42.196395],[-122.71845,42.196335],[-122.71838,42.196316],[-122.718392,42.196291],[-122.718279,42.19626],[-122.718236,42.196345]]]}},{"type":"Feature","properties":{"id":"way/1122823579","building":"yes"},"geometry":{"type":"Polygon","coordinates":[[[-122.718968,42.196457],[-122.718766,42.196403],[-122.718731,42.196474],[-122.718798,42.196492],[-122.718787,42.196515],[-122.718853,42.196532],[-122.718826,42.196587],[-122.718976,42.196627],[-122.719001,42.196575],[-122.71892,42.196553],[-122.718968,42.196457]]]}},{"type":"Feature","properties":{"id":"way/1122823583","building":"yes"},"geometry":{"type":"Polygon","coordinates":[[[-122.718662,42.194337],[-122.718764,42.194355],[-122.718802,42.194236],[-122.7187,42.194218],[-122.718662,42.194337]]]}},{"type":"Feature","properties":{"id":"way/1122823587","building":"yes"},"geometry":{"type":"Polygon","coordinates":[[[-122.71802,42.196726],[-122.717992,42.196789],[-122.717947,42.196779],[-122.717915,42.196854],[-122.718022,42.19688],[-122.71803,42.19686],[-122.718089,42.196874],[-122.718094,42.196861],[-122.718145,42.196873],[-122.718173,42.196808],[-122.718156,42.196804],[-122.718174,42.196762],[-122.71802,42.196726]]]}},{"type":"Feature","properties":{"id":"way/1122823588","building":"yes"},"geometry":{"type":"Polygon","coordinates":[[[-122.718306,42.196893],[-122.718344,42.196945],[-122.718369,42.196935],[-122.718407,42.196988],[-122.718521,42.196942],[-122.718499,42.196911],[-122.718561,42.196886],[-122.718523,42.196834],[-122.718446,42.196865],[-122.718417,42.196825],[-122.718348,42.196852],[-122.718362,42.19687],[-122.718306,42.196893]]]}},{"type":"Feature","properties":{"id":"way/1122823596","building":"yes"},"geometry":{"type":"Polygon","coordinates":[[[-122.718927,42.19429],[-122.718837,42.194269],[-122.71881,42.194332],[-122.7189,42.194354],[-122.718927,42.19429]]]}},{"type":"Feature","properties":{"id":"way/1122823603","building":"yes"},"geometry":{"type":"Polygon","coordinates":[[[-122.718547,42.198477],[-122.71862,42.198603],[-122.7187,42.198577],[-122.718627,42.198451],[-122.718547,42.198477]]]}},{"type":"Feature","properties":{"id":"way/1122823613","building":"yes"},"geometry":{"type":"Polygon","coordinates":[[[-122.719139,42.195834],[-122.71921,42.195853],[-122.719236,42.195801],[-122.719165,42.195781],[-122.719139,42.195834]]]}},{"type":"Feature","properties":{"id":"way/1122823617","building":"yes"},"geometry":{"type":"Polygon","coordinates":[[[-122.717932,42.198106],[-122.717835,42.198148],[-122.717883,42.198208],[-122.717979,42.198166],[-122.717932,42.198106]]]}},{"type":"Feature","properties":{"id":"way/1122823623","building":"yes"},"geometry":{"type":"Polygon","coordinates":[[[-122.716151,42.193723],[-122.71601,42.193831],[-122.716096,42.193892],[-122.716236,42.193785],[-122.716151,42.193723]]]}},{"type":"Feature","properties":{"id":"way/1122823638","building":"yes"},"geometry":{"type":"Polygon","coordinates":[[[-122.717179,42.201518],[-122.717124,42.201502],[-122.717099,42.201547],[-122.717153,42.201564],[-122.717179,42.201518]]]}},{"type":"Feature","properties":{"id":"way/1122823640","building":"yes"},"geometry":{"type":"Polygon","coordinates":[[[-122.717727,42.19491],[-122.717711,42.194941],[-122.717807,42.194968],[-122.717823,42.194937],[-122.717727,42.19491]]]}},{"type":"Feature","properties":{"id":"way/1122823643","building":"yes"},"geometry":{"type":"Polygon","coordinates":[[[-122.717285,42.199331],[-122.717256,42.199291],[-122.717157,42.199331],[-122.717244,42.199451],[-122.717358,42.199405],[-122.717337,42.199376],[-122.717415,42.199344],[-122.717378,42.199293],[-122.717285,42.199331]]]}},{"type":"Feature","properties":{"id":"way/1122823655","building":"yes"},"geometry":{"type":"Polygon","coordinates":[[[-122.717,42.199174],[-122.71706,42.199255],[-122.717247,42.199178],[-122.717187,42.199098],[-122.717,42.199174]]]}},{"type":"Feature","properties":{"id":"way/1122823673","building":"yes"},"geometry":{"type":"Polygon","coordinates":[[[-122.71891,42.195131],[-122.719061,42.195173],[-122.719097,42.195102],[-122.718946,42.19506],[-122.71891,42.195131]]]}},{"type":"Feature","properties":{"id":"way/1122823689","building":"yes"},"geometry":{"type":"Polygon","coordinates":[[[-122.717054,42.200606],[-122.717019,42.200595],[-122.717032,42.200572],[-122.717089,42.200589],[-122.717109,42.200553],[-122.717019,42.200526],[-122.717,42.20056],[-122.716939,42.200541],[-122.716896,42.200618],[-122.717026,42.200657],[-122.717054,42.200606]]]}},{"type":"Feature","properties":{"id":"way/1122823697","building":"yes"},"geometry":{"type":"Polygon","coordinates":[[[-122.717928,42.201599],[-122.718006,42.201625],[-122.718049,42.201556],[-122.717971,42.20153],[-122.717928,42.201599]]]}},{"type":"Feature","properties":{"id":"way/1122823699","building":"yes"},"geometry":{"type":"Polygon","coordinates":[[[-122.716867,42.198007],[-122.71693,42.198059],[-122.716987,42.19802],[-122.716925,42.197969],[-122.716867,42.198007]]]}},{"type":"Feature","properties":{"id":"way/1122823701","building":"yes"},"geometry":{"type":"Polygon","coordinates":[[[-122.716277,42.194608],[-122.716311,42.194659],[-122.716409,42.194622],[-122.716374,42.194571],[-122.716277,42.194608]]]}},{"type":"Feature","properties":{"id":"way/1122823709","building":"yes"},"geometry":{"type":"Polygon","coordinates":[[[-122.716836,42.200228],[-122.716788,42.200307],[-122.716987,42.200373],[-122.717035,42.200294],[-122.716836,42.200228]]]}},{"type":"Feature","properties":{"id":"way/1122823710","building":"yes"},"geometry":{"type":"Polygon","coordinates":[[[-122.716821,42.200445],[-122.716747,42.200423],[-122.716769,42.200383],[-122.716708,42.200364],[-122.716691,42.200395],[-122.716666,42.200388],[-122.716611,42.200488],[-122.716671,42.200506],[-122.716655,42.200535],[-122.716755,42.200565],[-122.716821,42.200445]]]}},{"type":"Feature","properties":{"id":"way/1122823712","building":"yes"},"geometry":{"type":"Polygon","coordinates":[[[-122.716349,42.201603],[-122.716421,42.201625],[-122.716484,42.201513],[-122.716412,42.201491],[-122.716349,42.201603]]]}},{"type":"Feature","properties":{"id":"way/1122823713","building":"yes"},"geometry":{"type":"Polygon","coordinates":[[[-122.718894,42.19852],[-122.718795,42.198383],[-122.718692,42.198423],[-122.718792,42.198561],[-122.718894,42.19852]]]}},{"type":"Feature","properties":{"id":"way/1122823719","building":"yes"},"geometry":{"type":"Polygon","coordinates":[[[-122.719188,42.199126],[-122.719145,42.199049],[-122.719092,42.199065],[-122.719136,42.199142],[-122.719188,42.199126]]]}},{"type":"Feature","properties":{"id":"way/1122823724","building":"yes"},"geometry":{"type":"Polygon","coordinates":[[[-122.717857,42.20001],[-122.717691,42.200073],[-122.717751,42.200161],[-122.717918,42.200098],[-122.717857,42.20001]]]}},{"type":"Feature","properties":{"id":"way/1122823735","building":"yes"},"geometry":{"type":"Polygon","coordinates":[[[-122.717266,42.195876],[-122.717229,42.195965],[-122.717288,42.195978],[-122.717282,42.195992],[-122.717374,42.196013],[-122.717416,42.19591],[-122.717266,42.195876]]]}},{"type":"Feature","properties":{"id":"way/1122823739","building":"yes"},"geometry":{"type":"Polygon","coordinates":[[[-122.717356,42.201232],[-122.71734,42.201227],[-122.717418,42.201092],[-122.71732,42.201061],[-122.717207,42.201259],[-122.717321,42.201294],[-122.717356,42.201232]]]}},{"type":"Feature","properties":{"id":"way/1122823744","building":"yes"},"geometry":{"type":"Polygon","coordinates":[[[-122.718142,42.198164],[-122.718103,42.198119],[-122.718026,42.198156],[-122.718065,42.198201],[-122.718142,42.198164]]]}},{"type":"Feature","properties":{"id":"way/1122823746","building":"yes"},"geometry":{"type":"Polygon","coordinates":[[[-122.717216,42.197075],[-122.717339,42.197105],[-122.717342,42.197097],[-122.717444,42.197122],[-122.717488,42.197024],[-122.717263,42.196969],[-122.717216,42.197075]]]}},{"type":"Feature","properties":{"id":"way/1122823754","building":"yes"},"geometry":{"type":"Polygon","coordinates":[[[-122.717508,42.196961],[-122.717533,42.196909],[-122.717526,42.196907],[-122.717544,42.196871],[-122.717508,42.196861],[-122.717522,42.196833],[-122.717362,42.19679],[-122.717305,42.196906],[-122.717508,42.196961]]]}},{"type":"Feature","properties":{"id":"way/1122823755","building":"yes"},"geometry":{"type":"Polygon","coordinates":[[[-122.717933,42.196756],[-122.717876,42.196735],[-122.717832,42.196803],[-122.71789,42.196823],[-122.717933,42.196756]]]}},{"type":"Feature","properties":{"id":"way/1122823777","building":"yes"},"geometry":{"type":"Polygon","coordinates":[[[-122.718341,42.199314],[-122.71827,42.199338],[-122.718299,42.199386],[-122.71837,42.199363],[-122.718341,42.199314]]]}},{"type":"Feature","properties":{"id":"way/1122823778","building":"yes"},"geometry":{"type":"Polygon","coordinates":[[[-122.718793,42.196371],[-122.718901,42.196401],[-122.718929,42.196346],[-122.718962,42.196356],[-122.718978,42.196324],[-122.718796,42.196274],[-122.718763,42.196338],[-122.718804,42.196349],[-122.718793,42.196371]]]}},{"type":"Feature","properties":{"id":"way/1122823791","building":"yes"},"geometry":{"type":"Polygon","coordinates":[[[-122.719256,42.198154],[-122.719168,42.198191],[-122.71929,42.19835],[-122.719378,42.198312],[-122.719256,42.198154]]]}},{"type":"Feature","properties":{"id":"way/1122823797","building":"yes"},"geometry":{"type":"Polygon","coordinates":[[[-122.717743,42.194998],[-122.717698,42.195082],[-122.717886,42.195138],[-122.717915,42.195083],[-122.717892,42.195076],[-122.717918,42.195028],[-122.717794,42.194991],[-122.717784,42.19501],[-122.717743,42.194998]]]}},{"type":"Feature","properties":{"id":"way/1122823804","building":"yes"},"geometry":{"type":"Polygon","coordinates":[[[-122.719085,42.19488],[-122.719016,42.195015],[-122.719141,42.19505],[-122.719193,42.194946],[-122.71917,42.19494],[-122.719186,42.194908],[-122.719085,42.19488]]]}},{"type":"Feature","properties":{"id":"way/1122823813","building":"yes"},"geometry":{"type":"Polygon","coordinates":[[[-122.718373,42.194949],[-122.718326,42.195037],[-122.718277,42.195023],[-122.718247,42.195079],[-122.71841,42.195127],[-122.718457,42.19504],[-122.718508,42.195055],[-122.718538,42.194998],[-122.718373,42.194949]]]}},{"type":"Feature","properties":{"id":"way/1122823815","building":"yes"},"geometry":{"type":"Polygon","coordinates":[[[-122.717391,42.197191],[-122.717374,42.197233],[-122.717175,42.197188],[-122.717138,42.197276],[-122.717425,42.197341],[-122.717442,42.197301],[-122.717469,42.197308],[-122.717483,42.197273],[-122.717468,42.19727],[-122.717492,42.197213],[-122.717391,42.197191]]]}},{"type":"Feature","properties":{"id":"way/1122823839","building":"yes"},"geometry":{"type":"Polygon","coordinates":[[[-122.719174,42.196366],[-122.719099,42.196344],[-122.71905,42.196435],[-122.719125,42.196457],[-122.719174,42.196366]]]}},{"type":"Feature","properties":{"id":"way/1122823841","building":"yes"},"geometry":{"type":"Polygon","coordinates":[[[-122.716127,42.200861],[-122.716029,42.200834],[-122.715995,42.200903],[-122.716093,42.200929],[-122.716127,42.200861]]]}},{"type":"Feature","properties":{"id":"way/1122823843","building":"yes"},"geometry":{"type":"Polygon","coordinates":[[[-122.71666,42.201445],[-122.716617,42.201535],[-122.716759,42.201573],[-122.716803,42.201483],[-122.71666,42.201445]]]}},{"type":"Feature","properties":{"id":"way/1122823849","building":"yes"},"geometry":{"type":"Polygon","coordinates":[[[-122.718899,42.196104],[-122.718865,42.196174],[-122.719043,42.196222],[-122.719083,42.196139],[-122.718955,42.196105],[-122.718948,42.196118],[-122.718899,42.196104]]]}},{"type":"Feature","properties":{"id":"way/1122823852","building":"yes"},"geometry":{"type":"Polygon","coordinates":[[[-122.71889,42.1973],[-122.718856,42.197252],[-122.718875,42.197244],[-122.718833,42.197185],[-122.718694,42.197239],[-122.718686,42.197226],[-122.718621,42.197251],[-122.718706,42.197371],[-122.71889,42.1973]]]}},{"type":"Feature","properties":{"id":"way/1122823856","building":"yes"},"geometry":{"type":"Polygon","coordinates":[[[-122.71743,42.198268],[-122.717381,42.198283],[-122.717352,42.198227],[-122.717244,42.198258],[-122.717295,42.198356],[-122.717407,42.198324],[-122.717413,42.198336],[-122.717458,42.198323],[-122.71743,42.198268]]]}},{"type":"Feature","properties":{"id":"way/1122823864","building":"yes"},"geometry":{"type":"Polygon","coordinates":[[[-122.71791,42.19865],[-122.717713,42.198736],[-122.717774,42.198813],[-122.717832,42.198787],[-122.717854,42.198815],[-122.717811,42.198834],[-122.717837,42.198867],[-122.717984,42.198802],[-122.717935,42.19874],[-122.71797,42.198725],[-122.71791,42.19865]]]}},{"type":"Feature","properties":{"id":"way/1122823882","building":"yes"},"geometry":{"type":"Polygon","coordinates":[[[-122.719046,42.198736],[-122.719125,42.198858],[-122.71923,42.198821],[-122.719151,42.198698],[-122.719046,42.198736]]]}},{"type":"Feature","properties":{"id":"way/1122823888","building":"yes"},"geometry":{"type":"Polygon","coordinates":[[[-122.718135,42.195288],[-122.718381,42.195355],[-122.718414,42.195289],[-122.718442,42.195296],[-122.718464,42.195252],[-122.718424,42.195242],[-122.718431,42.195228],[-122.718407,42.195221],[-122.718432,42.19517],[-122.718215,42.195112],[-122.718156,42.19523],[-122.718163,42.195232],[-122.718135,42.195288]]]}},{"type":"Feature","properties":{"id":"way/1122823889","building":"yes"},"geometry":{"type":"Polygon","coordinates":[[[-122.717676,42.196981],[-122.717638,42.197049],[-122.71774,42.197081],[-122.717779,42.197013],[-122.717676,42.196981]]]}},{"type":"Feature","properties":{"id":"way/1122823896","building":"yes"},"geometry":{"type":"Polygon","coordinates":[[[-122.717853,42.195168],[-122.71761,42.195102],[-122.717589,42.195144],[-122.71762,42.195153],[-122.717599,42.195195],[-122.717812,42.195252],[-122.717853,42.195168]]]}},{"type":"Feature","properties":{"id":"way/1122823905","building":"yes"},"geometry":{"type":"Polygon","coordinates":[[[-122.716742,42.201377],[-122.716724,42.201408],[-122.716841,42.201444],[-122.716941,42.201266],[-122.716818,42.201228],[-122.716746,42.201355],[-122.716792,42.201369],[-122.71678,42.201389],[-122.716742,42.201377]]]}},{"type":"Feature","properties":{"id":"way/1122823911","building":"yes"},"geometry":{"type":"Polygon","coordinates":[[[-122.718516,42.195902],[-122.718466,42.196026],[-122.718592,42.196053],[-122.718642,42.195929],[-122.718516,42.195902]]]}},{"type":"Feature","properties":{"id":"way/1122823915","building":"yes"},"geometry":{"type":"Polygon","coordinates":[[[-122.717786,42.198479],[-122.71769,42.19852],[-122.717776,42.198628],[-122.717871,42.198586],[-122.717786,42.198479]]]}},{"type":"Feature","properties":{"id":"way/1122823916","building":"yes"},"geometry":{"type":"Polygon","coordinates":[[[-122.71902,42.193916],[-122.718894,42.193882],[-122.718841,42.193991],[-122.718966,42.194025],[-122.71902,42.193916]]]}},{"type":"Feature","properties":{"id":"way/1122823918","building":"yes"},"geometry":{"type":"Polygon","coordinates":[[[-122.718362,42.196986],[-122.71828,42.197017],[-122.718316,42.197068],[-122.718398,42.197037],[-122.718362,42.196986]]]}},{"type":"Feature","properties":{"id":"way/1122823939","building":"yes"},"geometry":{"type":"Polygon","coordinates":[[[-122.718101,42.199439],[-122.718042,42.199457],[-122.718082,42.199528],[-122.71814,42.19951],[-122.718101,42.199439]]]}},{"type":"Feature","properties":{"id":"way/1122823945","building":"yes"},"geometry":{"type":"Polygon","coordinates":[[[-122.718704,42.19543],[-122.718906,42.195482],[-122.718955,42.195378],[-122.718931,42.195371],[-122.718942,42.195349],[-122.718764,42.195304],[-122.718704,42.19543]]]}},{"type":"Feature","properties":{"id":"way/1122823946","building":"yes"},"geometry":{"type":"Polygon","coordinates":[[[-122.715991,42.200816],[-122.715876,42.200784],[-122.715781,42.200974],[-122.715859,42.200996],[-122.715892,42.200931],[-122.715913,42.200937],[-122.715954,42.200857],[-122.715968,42.200861],[-122.715991,42.200816]]]}},{"type":"Feature","properties":{"id":"way/1122823947","building":"yes"},"geometry":{"type":"Polygon","coordinates":[[[-122.716848,42.196758],[-122.716828,42.196808],[-122.716966,42.196837],[-122.717007,42.19673],[-122.716898,42.196707],[-122.716876,42.196764],[-122.716848,42.196758]]]}},{"type":"Feature","properties":{"id":"way/1122823955","building":"yes"},"geometry":{"type":"Polygon","coordinates":[[[-122.716117,42.200219],[-122.71599,42.200183],[-122.715985,42.200192],[-122.715877,42.200161],[-122.715864,42.200185],[-122.715832,42.200176],[-122.715793,42.200251],[-122.715938,42.200293],[-122.715947,42.200277],[-122.716005,42.200293],[-122.716016,42.200272],[-122.716079,42.20029],[-122.716117,42.200219]]]}},{"type":"Feature","properties":{"id":"way/1122824678","building":"yes"},"geometry":{"type":"Polygon","coordinates":[[[-122.715356,42.201282],[-122.715324,42.201337],[-122.715408,42.201364],[-122.71544,42.201308],[-122.715356,42.201282]]]}},{"type":"Feature","properties":{"id":"way/1122824682","building":"yes"},"geometry":{"type":"Polygon","coordinates":[[[-122.713857,42.20144],[-122.713997,42.201564],[-122.714076,42.201516],[-122.713845,42.201311],[-122.713669,42.201419],[-122.71376,42.2015],[-122.713857,42.20144]]]}},{"type":"Feature","properties":{"id":"way/1122824720","building":"yes"},"geometry":{"type":"Polygon","coordinates":[[[-122.70836,42.201724],[-122.708531,42.201723],[-122.708528,42.201552],[-122.708357,42.201554],[-122.70836,42.201724]]]}},{"type":"Feature","properties":{"id":"way/1122824736","building":"yes"},"geometry":{"type":"Polygon","coordinates":[[[-122.715097,42.201388],[-122.715068,42.20144],[-122.715189,42.201478],[-122.715236,42.201395],[-122.715139,42.201365],[-122.715121,42.201396],[-122.715097,42.201388]]]}},{"type":"Feature","properties":{"id":"way/1122824781","building":"yes"},"geometry":{"type":"Polygon","coordinates":[[[-122.707781,42.201564],[-122.707779,42.201674],[-122.707839,42.201674],[-122.70784,42.201649],[-122.707876,42.20165],[-122.707878,42.201565],[-122.707781,42.201564]]]}},{"type":"Feature","properties":{"id":"way/1122824783","building":"yes"},"geometry":{"type":"Polygon","coordinates":[[[-122.7098,42.201636],[-122.709838,42.201628],[-122.709798,42.201516],[-122.709675,42.20154],[-122.709742,42.201727],[-122.709827,42.201711],[-122.7098,42.201636]]]}},{"type":"Feature","properties":{"id":"way/1122824936","building":"yes"},"geometry":{"type":"Polygon","coordinates":[[[-122.715368,42.201431],[-122.715302,42.20141],[-122.715272,42.20146],[-122.715338,42.201482],[-122.715368,42.201431]]]}},{"type":"Feature","properties":{"id":"way/1122825047","building":"yes"},"geometry":{"type":"Polygon","coordinates":[[[-122.715627,42.201404],[-122.715528,42.20158],[-122.715651,42.201618],[-122.71575,42.201441],[-122.715627,42.201404]]]}},{"type":"Feature","properties":{"id":"way/1122825055","building":"yes"},"geometry":{"type":"Polygon","coordinates":[[[-122.706613,42.20158],[-122.706528,42.201582],[-122.706531,42.201659],[-122.706616,42.201657],[-122.706613,42.20158]]]}},{"type":"Feature","properties":{"id":"way/1122825203","building":"yes"},"geometry":{"type":"Polygon","coordinates":[[[-122.715128,42.201322],[-122.715282,42.20137],[-122.715339,42.201269],[-122.715274,42.201249],[-122.715262,42.20127],[-122.715173,42.201242],[-122.715128,42.201322]]]}},{"type":"Feature","properties":{"id":"way/1122825236","building":"yes"},"geometry":{"type":"Polygon","coordinates":[[[-122.711785,42.201667],[-122.712127,42.201783],[-122.712247,42.20159],[-122.711905,42.201474],[-122.711785,42.201667]]]}},{"type":"Feature","properties":{"id":"way/1122825254","building":"yes"},"geometry":{"type":"Polygon","coordinates":[[[-122.708561,42.201703],[-122.708679,42.201704],[-122.708679,42.201709],[-122.708747,42.201709],[-122.70875,42.201498],[-122.708647,42.201497],[-122.708646,42.201559],[-122.708624,42.201558],[-122.708624,42.201596],[-122.708562,42.201596],[-122.708561,42.201703]]]}},{"type":"Feature","properties":{"id":"way/1122825283","building":"yes"},"geometry":{"type":"Polygon","coordinates":[[[-122.711488,42.20153],[-122.711485,42.201482],[-122.711506,42.201481],[-122.7115,42.201384],[-122.711477,42.201385],[-122.711474,42.201338],[-122.71129,42.201345],[-122.711294,42.201395],[-122.711215,42.201398],[-122.711221,42.201491],[-122.711292,42.201488],[-122.711296,42.201538],[-122.711488,42.20153]]]}},{"type":"Feature","properties":{"id":"way/1122825294","building":"yes"},"geometry":{"type":"Polygon","coordinates":[[[-122.709986,42.201622],[-122.710042,42.201622],[-122.710042,42.201651],[-122.710343,42.201653],[-122.710344,42.201574],[-122.710288,42.201573],[-122.710288,42.201559],[-122.71017,42.201558],[-122.71017,42.201542],[-122.71005,42.201542],[-122.71005,42.201527],[-122.709987,42.201526],[-122.709986,42.201622]]]}},{"type":"Feature","properties":{"id":"way/1122825314","building":"yes"},"geometry":{"type":"Polygon","coordinates":[[[-122.709511,42.201695],[-122.709484,42.201619],[-122.709508,42.201614],[-122.709469,42.201503],[-122.70935,42.201526],[-122.709415,42.201714],[-122.709511,42.201695]]]}},{"type":"Feature","properties":{"id":"way/1122825316","building":"yes"},"geometry":{"type":"Polygon","coordinates":[[[-122.708126,42.201703],[-122.708239,42.201703],[-122.708239,42.201727],[-122.708314,42.201728],[-122.708316,42.201553],[-122.708222,42.201552],[-122.708222,42.20154],[-122.708128,42.20154],[-122.708126,42.201703]]]}},{"type":"Feature","properties":{"id":"way/1122825318","building":"yes"},"geometry":{"type":"Polygon","coordinates":[[[-122.706814,42.20156],[-122.706675,42.201563],[-122.706679,42.201672],[-122.706818,42.201669],[-122.706814,42.20156]]]}},{"type":"Feature","properties":{"id":"way/1122825351","building":"yes"},"geometry":{"type":"Polygon","coordinates":[[[-122.714374,42.201449],[-122.714576,42.20163],[-122.714622,42.201603],[-122.714599,42.201582],[-122.714659,42.201546],[-122.714523,42.201424],[-122.714469,42.201457],[-122.714425,42.201418],[-122.714374,42.201449]]]}},{"type":"Feature","properties":{"id":"way/1122825392","building":"yes"},"geometry":{"type":"Polygon","coordinates":[[[-122.715738,42.201203],[-122.715651,42.201357],[-122.715774,42.201395],[-122.715861,42.201241],[-122.715738,42.201203]]]}},{"type":"Feature","properties":{"id":"way/1122825436","building":"yes"},"geometry":{"type":"Polygon","coordinates":[[[-122.715821,42.201663],[-122.71586,42.201583],[-122.715722,42.201546],[-122.715683,42.201627],[-122.715821,42.201663]]]}},{"type":"Feature","properties":{"id":"way/1122825504","building":"yes"},"geometry":{"type":"Polygon","coordinates":[[[-122.709252,42.201623],[-122.709291,42.201617],[-122.709257,42.201507],[-122.709129,42.201529],[-122.709187,42.201715],[-122.709276,42.2017],[-122.709252,42.201623]]]}},{"type":"Feature","properties":{"id":"way/1122825514","building":"yes"},"geometry":{"type":"Polygon","coordinates":[[[-122.707988,42.201666],[-122.708032,42.201667],[-122.708034,42.201644],[-122.7081,42.201647],[-122.708106,42.201568],[-122.707995,42.201563],[-122.707988,42.201666]]]}},{"type":"Feature","properties":{"id":"way/1122825544","building":"yes"},"geometry":{"type":"Polygon","coordinates":[[[-122.715434,42.20136],[-122.715396,42.201432],[-122.715431,42.201443],[-122.715386,42.201527],[-122.715454,42.201547],[-122.715463,42.201531],[-122.71551,42.201545],[-122.715587,42.201401],[-122.715529,42.201384],[-122.715497,42.201445],[-122.71548,42.20144],[-122.715511,42.201383],[-122.715434,42.20136]]]}},{"type":"Feature","properties":{"id":"way/1122825550","building":"yes"},"geometry":{"type":"Polygon","coordinates":[[[-122.708969,42.201611],[-122.708944,42.201501],[-122.708819,42.201517],[-122.708844,42.201627],[-122.708969,42.201611]]]}},{"type":"Feature","properties":{"id":"way/1122829440","building":"yes","name":"Oak Street Cottages"},"geometry":{"type":"Polygon","coordinates":[[[-122.714111,42.198279],[-122.714077,42.198345],[-122.714325,42.198415],[-122.71435,42.198366],[-122.714314,42.198356],[-122.714334,42.198318],[-122.71416,42.198269],[-122.71415,42.19829],[-122.714111,42.198279]]]}},{"type":"Feature","properties":{"id":"way/1122829444","building":"yes"},"geometry":{"type":"Polygon","coordinates":[[[-122.709561,42.199841],[-122.709322,42.199798],[-122.709273,42.199949],[-122.709339,42.19996],[-122.709318,42.200026],[-122.709443,42.200048],[-122.709492,42.199896],[-122.709541,42.199905],[-122.709561,42.199841]]]}},{"type":"Feature","properties":{"id":"way/1122829446","building":"yes"},"geometry":{"type":"Polygon","coordinates":[[[-122.712789,42.197762],[-122.712735,42.197855],[-122.712815,42.19788],[-122.712868,42.197787],[-122.712789,42.197762]]]}},{"type":"Feature","properties":{"id":"way/1122829453","building":"yes"},"geometry":{"type":"Polygon","coordinates":[[[-122.711039,42.194169],[-122.710932,42.194166],[-122.710928,42.194261],[-122.711035,42.194263],[-122.711039,42.194169]]]}},{"type":"Feature","properties":{"id":"way/1122829456","building":"yes"},"geometry":{"type":"Polygon","coordinates":[[[-122.715422,42.200803],[-122.715368,42.200906],[-122.71556,42.200961],[-122.715614,42.200858],[-122.715422,42.200803]]]}},{"type":"Feature","properties":{"id":"way/1122829461","building":"yes"},"geometry":{"type":"Polygon","coordinates":[[[-122.710293,42.197865],[-122.710389,42.197883],[-122.710406,42.197831],[-122.710454,42.19784],[-122.71048,42.197763],[-122.71037,42.197743],[-122.710348,42.197809],[-122.710314,42.197802],[-122.710293,42.197865]]]}},{"type":"Feature","properties":{"id":"way/1122829463","building":"yes"},"geometry":{"type":"Polygon","coordinates":[[[-122.709391,42.197504],[-122.709328,42.197648],[-122.709436,42.197674],[-122.709499,42.19753],[-122.709391,42.197504]]]}},{"type":"Feature","properties":{"id":"way/1122829466","building":"yes"},"geometry":{"type":"Polygon","coordinates":[[[-122.7126,42.197836],[-122.712578,42.197882],[-122.712664,42.197905],[-122.712596,42.19805],[-122.712696,42.198076],[-122.712786,42.197885],[-122.7126,42.197836]]]}},{"type":"Feature","properties":{"id":"way/1122829469","building":"yes"},"geometry":{"type":"Polygon","coordinates":[[[-122.713877,42.199608],[-122.71385,42.19966],[-122.713933,42.199683],[-122.713923,42.199702],[-122.713959,42.199712],[-122.713995,42.19964],[-122.713877,42.199608]]]}},{"type":"Feature","properties":{"id":"way/1122829470","building":"yes"},"geometry":{"type":"Polygon","coordinates":[[[-122.712107,42.198268],[-122.712169,42.198284],[-122.712146,42.198334],[-122.712221,42.198353],[-122.712272,42.198246],[-122.712135,42.19821],[-122.712107,42.198268]]]}},{"type":"Feature","properties":{"id":"way/1122829472","building":"yes"},"geometry":{"type":"Polygon","coordinates":[[[-122.714758,42.194195],[-122.714632,42.194107],[-122.71449,42.194219],[-122.714617,42.194307],[-122.714758,42.194195]]]}},{"type":"Feature","properties":{"id":"way/1122829476","building":"yes"},"geometry":{"type":"Polygon","coordinates":[[[-122.713549,42.198257],[-122.713477,42.198405],[-122.713574,42.198431],[-122.713589,42.1984],[-122.713618,42.198408],[-122.713675,42.198291],[-122.713549,42.198257]]]}},{"type":"Feature","properties":{"id":"way/1122829478","building":"yes"},"geometry":{"type":"Polygon","coordinates":[[[-122.709209,42.197832],[-122.708953,42.197786],[-122.708935,42.197842],[-122.709191,42.197888],[-122.709209,42.197832]]]}},{"type":"Feature","properties":{"id":"way/1122829482","building":"yes"},"geometry":{"type":"Polygon","coordinates":[[[-122.715713,42.200891],[-122.715636,42.200867],[-122.715591,42.200948],[-122.715668,42.200971],[-122.715713,42.200891]]]}},{"type":"Feature","properties":{"id":"way/1122829486","building":"yes"},"geometry":{"type":"Polygon","coordinates":[[[-122.7138,42.199592],[-122.713773,42.199634],[-122.713841,42.199658],[-122.713868,42.199616],[-122.7138,42.199592]]]}},{"type":"Feature","properties":{"id":"way/1122829487","building":"yes"},"geometry":{"type":"Polygon","coordinates":[[[-122.708002,42.198164],[-122.707959,42.19829],[-122.708059,42.198309],[-122.708103,42.198183],[-122.708002,42.198164]]]}},{"type":"Feature","properties":{"id":"way/1122829489","building":"yes"},"geometry":{"type":"Polygon","coordinates":[[[-122.708384,42.197857],[-122.708523,42.197886],[-122.70855,42.197813],[-122.708362,42.197774],[-122.708346,42.197816],[-122.708396,42.197827],[-122.708384,42.197857]]]}},{"type":"Feature","properties":{"id":"way/1122829490","building":"yes"},"geometry":{"type":"Polygon","coordinates":[[[-122.71298,42.19795],[-122.712896,42.197928],[-122.712862,42.198003],[-122.712799,42.197987],[-122.712756,42.19808],[-122.712926,42.198123],[-122.71298,42.198007],[-122.712956,42.198001],[-122.71298,42.19795]]]}},{"type":"Feature","properties":{"id":"way/1122829491","building":"yes"},"geometry":{"type":"Polygon","coordinates":[[[-122.709247,42.197478],[-122.709211,42.197613],[-122.709294,42.197625],[-122.70933,42.19749],[-122.709247,42.197478]]]}},{"type":"Feature","properties":{"id":"way/1122829502","building":"yes"},"geometry":{"type":"Polygon","coordinates":[[[-122.707019,42.197024],[-122.706905,42.197008],[-122.706879,42.197106],[-122.706897,42.197109],[-122.706872,42.197203],[-122.706967,42.197217],[-122.707019,42.197024]]]}},{"type":"Feature","properties":{"id":"way/1122829508","building":"yes"},"geometry":{"type":"Polygon","coordinates":[[[-122.714975,42.194901],[-122.714867,42.194825],[-122.714698,42.194955],[-122.714783,42.195016],[-122.714809,42.194996],[-122.714831,42.195011],[-122.714975,42.194901]]]}},{"type":"Feature","properties":{"id":"way/1122829511","building":"yes"},"geometry":{"type":"Polygon","coordinates":[[[-122.709443,42.197756],[-122.709419,42.197822],[-122.709507,42.197839],[-122.709531,42.197773],[-122.709443,42.197756]]]}},{"type":"Feature","properties":{"id":"way/1122829514","building":"yes"},"geometry":{"type":"Polygon","coordinates":[[[-122.714563,42.198705],[-122.714581,42.198711],[-122.714558,42.198748],[-122.714664,42.198784],[-122.714734,42.198672],[-122.71461,42.19863],[-122.714563,42.198705]]]}},{"type":"Feature","properties":{"id":"way/1122829515","building":"yes"},"geometry":{"type":"Polygon","coordinates":[[[-122.713269,42.200201],[-122.713331,42.200222],[-122.713371,42.200155],[-122.713308,42.200135],[-122.713269,42.200201]]]}},{"type":"Feature","properties":{"id":"way/1122829517","building":"yes"},"geometry":{"type":"Polygon","coordinates":[[[-122.712705,42.19858],[-122.712572,42.19854],[-122.712549,42.198581],[-122.712683,42.198621],[-122.712705,42.19858]]]}},{"type":"Feature","properties":{"id":"way/1122829519","building":"yes"},"geometry":{"type":"Polygon","coordinates":[[[-122.707215,42.198414],[-122.7072,42.198463],[-122.707175,42.198459],[-122.707159,42.19851],[-122.707177,42.198513],[-122.707159,42.198568],[-122.707264,42.198586],[-122.707267,42.198574],[-122.707359,42.19859],[-122.707399,42.198464],[-122.70732,42.19845],[-122.707325,42.198433],[-122.707215,42.198414]]]}},{"type":"Feature","properties":{"id":"way/1122829523","building":"yes"},"geometry":{"type":"Polygon","coordinates":[[[-122.714694,42.199725],[-122.715172,42.199888],[-122.71531,42.199666],[-122.715284,42.199657],[-122.715309,42.199617],[-122.715285,42.199608],[-122.715306,42.199574],[-122.715214,42.199543],[-122.715211,42.199547],[-122.715031,42.199486],[-122.715017,42.199508],[-122.714944,42.199484],[-122.714964,42.199451],[-122.714868,42.199419],[-122.714824,42.199491],[-122.714771,42.199472],[-122.714698,42.199591],[-122.714763,42.199613],[-122.714694,42.199725]]]}},{"type":"Feature","properties":{"id":"way/1122829524","building":"yes"},"geometry":{"type":"Polygon","coordinates":[[[-122.710736,42.194266],[-122.710832,42.194265],[-122.710831,42.194191],[-122.710734,42.194192],[-122.710736,42.194266]]]}},{"type":"Feature","properties":{"id":"way/1122829528","building":"yes"},"geometry":{"type":"Polygon","coordinates":[[[-122.712322,42.197822],[-122.712254,42.197943],[-122.712373,42.197979],[-122.712453,42.197838],[-122.712395,42.19782],[-122.712384,42.197841],[-122.712322,42.197822]]]}},{"type":"Feature","properties":{"id":"way/1122829530","building":"yes"},"geometry":{"type":"Polygon","coordinates":[[[-122.711095,42.194049],[-122.711093,42.19396],[-122.71094,42.193962],[-122.710942,42.194051],[-122.711095,42.194049]]]}},{"type":"Feature","properties":{"id":"way/1122829531","building":"yes"},"geometry":{"type":"Polygon","coordinates":[[[-122.71305,42.197865],[-122.712868,42.197808],[-122.712829,42.197875],[-122.713011,42.197932],[-122.71305,42.197865]]]}},{"type":"Feature","properties":{"id":"way/1122829537","building":"yes"},"geometry":{"type":"Polygon","coordinates":[[[-122.714168,42.198216],[-122.714429,42.198278],[-122.714475,42.19817],[-122.714206,42.198106],[-122.714173,42.19818],[-122.714183,42.198182],[-122.714168,42.198216]]]}},{"type":"Feature","properties":{"id":"way/1122829543","building":"yes"},"geometry":{"type":"Polygon","coordinates":[[[-122.714759,42.195203],[-122.71473,42.195256],[-122.714934,42.195318],[-122.714961,42.195268],[-122.71501,42.195283],[-122.715038,42.195231],[-122.71494,42.195201],[-122.714914,42.19525],[-122.714759,42.195203]]]}},{"type":"Feature","properties":{"id":"way/1122829546","building":"yes","name":"Rogue Inn Apts"},"geometry":{"type":"Polygon","coordinates":[[[-122.706948,42.19417],[-122.706951,42.19423],[-122.707053,42.194227],[-122.707046,42.194103],[-122.706933,42.194107],[-122.706937,42.19417],[-122.706948,42.19417]]]}},{"type":"Feature","properties":{"id":"way/1122829556","building":"yes"},"geometry":{"type":"Polygon","coordinates":[[[-122.711976,42.198309],[-122.711893,42.198287],[-122.711913,42.198244],[-122.711873,42.198234],[-122.711827,42.198329],[-122.71195,42.198361],[-122.711976,42.198309]]]}},{"type":"Feature","properties":{"id":"way/1122829559","building":"yes"},"geometry":{"type":"Polygon","coordinates":[[[-122.709348,42.197855],[-122.709332,42.197916],[-122.709391,42.197924],[-122.709407,42.197863],[-122.709348,42.197855]]]}},{"type":"Feature","properties":{"id":"way/1122829561","building":"yes"},"geometry":{"type":"Polygon","coordinates":[[[-122.713317,42.194658],[-122.713392,42.194696],[-122.713438,42.194646],[-122.713363,42.194608],[-122.713317,42.194658]]]}},{"type":"Feature","properties":{"id":"way/1122829562","building":"yes"},"geometry":{"type":"Polygon","coordinates":[[[-122.714891,42.195094],[-122.714825,42.195049],[-122.71477,42.195095],[-122.714836,42.195139],[-122.714891,42.195094]]]}},{"type":"Feature","properties":{"id":"way/1122829565","building":"yes"},"geometry":{"type":"Polygon","coordinates":[[[-122.709297,42.198069],[-122.709189,42.198058],[-122.709179,42.198106],[-122.709287,42.198118],[-122.709297,42.198069]]]}},{"type":"Feature","properties":{"id":"way/1122829566","building":"yes"},"geometry":{"type":"Polygon","coordinates":[[[-122.713456,42.199781],[-122.713401,42.199764],[-122.713367,42.199824],[-122.713422,42.199841],[-122.713456,42.199781]]]}},{"type":"Feature","properties":{"id":"way/1122829570","building":"yes"},"geometry":{"type":"Polygon","coordinates":[[[-122.710421,42.194071],[-122.710612,42.194073],[-122.710613,42.194018],[-122.710575,42.194017],[-122.710576,42.193972],[-122.710423,42.193971],[-122.710421,42.194071]]]}},{"type":"Feature","properties":{"id":"way/1122829575","building":"yes"},"geometry":{"type":"Polygon","coordinates":[[[-122.714548,42.198194],[-122.71451,42.198262],[-122.714589,42.198287],[-122.714628,42.198219],[-122.714548,42.198194]]]}},{"type":"Feature","properties":{"id":"way/1122829579","building":"yes"},"geometry":{"type":"Polygon","coordinates":[[[-122.709404,42.20066],[-122.709406,42.200529],[-122.709192,42.200527],[-122.70919,42.200642],[-122.70928,42.200643],[-122.709279,42.200659],[-122.709404,42.20066]]]}},{"type":"Feature","properties":{"id":"way/1122829580","building":"yes"},"geometry":{"type":"Polygon","coordinates":[[[-122.709508,42.199489],[-122.70947,42.199594],[-122.709701,42.199641],[-122.709739,42.199535],[-122.709508,42.199489]]]}},{"type":"Feature","properties":{"id":"way/1122829583","building":"yes"},"geometry":{"type":"Polygon","coordinates":[[[-122.708331,42.197969],[-122.708473,42.197998],[-122.708505,42.197911],[-122.708343,42.197878],[-122.708325,42.197928],[-122.708345,42.197932],[-122.708331,42.197969]]]}},{"type":"Feature","properties":{"id":"way/1122829585","building":"yes"},"geometry":{"type":"Polygon","coordinates":[[[-122.713859,42.194074],[-122.713841,42.194065],[-122.713766,42.194151],[-122.71386,42.194195],[-122.713979,42.194057],[-122.713903,42.194022],[-122.713859,42.194074]]]}},{"type":"Feature","properties":{"id":"way/1122829591","building":"yes"},"geometry":{"type":"Polygon","coordinates":[[[-122.709612,42.197724],[-122.709674,42.197737],[-122.709695,42.19768],[-122.709738,42.197689],[-122.709779,42.197576],[-122.709675,42.197555],[-122.709612,42.197724]]]}},{"type":"Feature","properties":{"id":"way/1122829595","building":"yes"},"geometry":{"type":"Polygon","coordinates":[[[-122.713791,42.199577],[-122.71369,42.199546],[-122.713651,42.199616],[-122.713751,42.199647],[-122.713791,42.199577]]]}},{"type":"Feature","properties":{"id":"way/1122829597","building":"yes"},"geometry":{"type":"Polygon","coordinates":[[[-122.713574,42.195121],[-122.713836,42.195224],[-122.713909,42.195121],[-122.713846,42.195096],[-122.713815,42.19514],[-122.713685,42.195089],[-122.713717,42.195044],[-122.713648,42.195017],[-122.713574,42.195121]]]}},{"type":"Feature","properties":{"id":"way/1122829598","building":"yes"},"geometry":{"type":"Polygon","coordinates":[[[-122.711885,42.19785],[-122.712005,42.197879],[-122.712059,42.197758],[-122.712011,42.197746],[-122.712023,42.19772],[-122.711951,42.197703],[-122.711885,42.19785]]]}},{"type":"Feature","properties":{"id":"way/1122829600","building":"yes"},"geometry":{"type":"Polygon","coordinates":[[[-122.715356,42.201137],[-122.715243,42.201102],[-122.715209,42.201163],[-122.715225,42.201168],[-122.715204,42.201205],[-122.71527,42.201225],[-122.715278,42.201212],[-122.715333,42.201229],[-122.715364,42.201174],[-122.71534,42.201166],[-122.715356,42.201137]]]}},{"type":"Feature","properties":{"id":"way/1122829601","building":"yes","name":"Ruby's","amenity":"restaurant"},"geometry":{"type":"Polygon","coordinates":[[[-122.713338,42.198024],[-122.713479,42.198061],[-122.713512,42.197992],[-122.713371,42.197955],[-122.713338,42.198024]]]}},{"type":"Feature","properties":{"id":"way/1122829604","building":"yes"},"geometry":{"type":"Polygon","coordinates":[[[-122.713846,42.198937],[-122.713804,42.199012],[-122.71391,42.199045],[-122.713952,42.19897],[-122.713846,42.198937]]]}},{"type":"Feature","properties":{"id":"way/1122829608","building":"yes"},"geometry":{"type":"Polygon","coordinates":[[[-122.71511,42.200685],[-122.71501,42.200654],[-122.715014,42.200646],[-122.714895,42.20061],[-122.714836,42.200715],[-122.714985,42.20076],[-122.714992,42.200747],[-122.715063,42.200769],[-122.71511,42.200685]]]}},{"type":"Feature","properties":{"id":"way/1122829610","building":"yes","name":"Ashland Creek Inn"},"geometry":{"type":"Polygon","coordinates":[[[-122.714589,42.19948],[-122.714499,42.199454],[-122.714457,42.199537],[-122.714381,42.199516],[-122.714338,42.199602],[-122.714389,42.199616],[-122.714315,42.199762],[-122.71443,42.199794],[-122.714589,42.19948]]]}},{"type":"Feature","properties":{"id":"way/1122829611","building":"yes"},"geometry":{"type":"Polygon","coordinates":[[[-122.711563,42.194104],[-122.711441,42.194088],[-122.711409,42.194224],[-122.711552,42.194243],[-122.711571,42.19416],[-122.71155,42.194157],[-122.711563,42.194104]]]}},{"type":"Feature","properties":{"id":"way/1122829612","building":"yes"},"geometry":{"type":"Polygon","coordinates":[[[-122.715767,42.194343],[-122.715719,42.194293],[-122.715647,42.194331],[-122.715696,42.194381],[-122.715767,42.194343]]]}},{"type":"Feature","properties":{"id":"way/1122829618","building":"yes"},"geometry":{"type":"Polygon","coordinates":[[[-122.707043,42.197081],[-122.70702,42.197183],[-122.707128,42.197197],[-122.707151,42.197094],[-122.707043,42.197081]]]}},{"type":"Feature","properties":{"id":"way/1122829626","building":"yes"},"geometry":{"type":"Polygon","coordinates":[[[-122.715379,42.194607],[-122.715422,42.194545],[-122.71529,42.194495],[-122.715226,42.194589],[-122.715292,42.194614],[-122.715314,42.194582],[-122.715379,42.194607]]]}},{"type":"Feature","properties":{"id":"way/1122829628","building":"yes"},"geometry":{"type":"Polygon","coordinates":[[[-122.709197,42.200382],[-122.709198,42.200478],[-122.709337,42.200477],[-122.709336,42.20035],[-122.709245,42.20035],[-122.709245,42.200382],[-122.709197,42.200382]]]}},{"type":"Feature","properties":{"id":"way/1122829630","building":"yes"},"geometry":{"type":"Polygon","coordinates":[[[-122.712217,42.198967],[-122.712177,42.19905],[-122.712273,42.199075],[-122.712312,42.198992],[-122.712217,42.198967]]]}},{"type":"Feature","properties":{"id":"way/1122829631","building":"yes"},"geometry":{"type":"Polygon","coordinates":[[[-122.713413,42.199406],[-122.713596,42.199448],[-122.713604,42.19943],[-122.713668,42.199445],[-122.713681,42.199412],[-122.713623,42.199399],[-122.713635,42.19937],[-122.713577,42.199357],[-122.713593,42.199319],[-122.713512,42.1993],[-122.713496,42.199336],[-122.713447,42.199324],[-122.713413,42.199406]]]}},{"type":"Feature","properties":{"id":"way/1122829635","building":"yes"},"geometry":{"type":"Polygon","coordinates":[[[-122.712032,42.197524],[-122.71201,42.197562],[-122.711969,42.19755],[-122.711936,42.197607],[-122.712065,42.197648],[-122.71212,42.197552],[-122.712032,42.197524]]]}},{"type":"Feature","properties":{"id":"way/1122829638","building":"yes"},"geometry":{"type":"Polygon","coordinates":[[[-122.709619,42.197856],[-122.709675,42.197864],[-122.709694,42.197794],[-122.709638,42.197786],[-122.709619,42.197856]]]}},{"type":"Feature","properties":{"id":"way/1122829640","building":"yes"},"geometry":{"type":"Polygon","coordinates":[[[-122.707248,42.194231],[-122.707245,42.194082],[-122.707131,42.194084],[-122.707134,42.194233],[-122.707248,42.194231]]]}},{"type":"Feature","properties":{"id":"way/1122829644","building":"yes"},"geometry":{"type":"Polygon","coordinates":[[[-122.710145,42.198365],[-122.710313,42.198394],[-122.710334,42.198326],[-122.710166,42.198297],[-122.710145,42.198365]]]}},{"type":"Feature","properties":{"id":"way/1122829645","building":"yes"},"geometry":{"type":"Polygon","coordinates":[[[-122.713666,42.200519],[-122.7136,42.200578],[-122.713719,42.200651],[-122.713785,42.200592],[-122.713666,42.200519]]]}},{"type":"Feature","properties":{"id":"way/1122829648","building":"yes","name":"Rogue Real Estate"},"geometry":{"type":"Polygon","coordinates":[[[-122.712406,42.198828],[-122.712037,42.198728],[-122.711959,42.198885],[-122.712352,42.198991],[-122.712381,42.198934],[-122.712357,42.198927],[-122.712406,42.198828]]]}},{"type":"Feature","properties":{"id":"way/1122829653","building":"yes"},"geometry":{"type":"Polygon","coordinates":[[[-122.713051,42.194561],[-122.71297,42.194693],[-122.713083,42.194731],[-122.713164,42.194599],[-122.713051,42.194561]]]}},{"type":"Feature","properties":{"id":"way/1122829663","building":"yes"},"geometry":{"type":"Polygon","coordinates":[[[-122.715578,42.20067],[-122.715706,42.200713],[-122.715745,42.200649],[-122.715735,42.200645],[-122.715791,42.200552],[-122.715647,42.200504],[-122.715581,42.200612],[-122.715607,42.200621],[-122.715578,42.20067]]]}},{"type":"Feature","properties":{"id":"way/1122829664","building":"yes"},"geometry":{"type":"Polygon","coordinates":[[[-122.712883,42.19426],[-122.712821,42.194341],[-122.713022,42.194425],[-122.713084,42.194344],[-122.712883,42.19426]]]}},{"type":"Feature","properties":{"id":"way/1122829670","building":"yes"},"geometry":{"type":"Polygon","coordinates":[[[-122.714988,42.200563],[-122.715161,42.200619],[-122.715195,42.20056],[-122.715022,42.200504],[-122.714988,42.200563]]]}},{"type":"Feature","properties":{"id":"way/1122829679","building":"yes"},"geometry":{"type":"Polygon","coordinates":[[[-122.714852,42.200119],[-122.714771,42.200093],[-122.714757,42.200116],[-122.714708,42.2001],[-122.714648,42.200199],[-122.71468,42.200209],[-122.71466,42.200243],[-122.714693,42.200254],[-122.714659,42.20031],[-122.714724,42.200331],[-122.714852,42.200119]]]}},{"type":"Feature","properties":{"id":"way/1122829680","building":"yes"},"geometry":{"type":"Polygon","coordinates":[[[-122.715326,42.200984],[-122.715291,42.20104],[-122.715426,42.201087],[-122.715461,42.201031],[-122.715326,42.200984]]]}},{"type":"Feature","properties":{"id":"way/1122829683","building":"yes"},"geometry":{"type":"Polygon","coordinates":[[[-122.71337,42.197888],[-122.713564,42.197932],[-122.713593,42.197864],[-122.713398,42.19782],[-122.71337,42.197888]]]}},{"type":"Feature","properties":{"id":"way/1122829687","building":"yes"},"geometry":{"type":"Polygon","coordinates":[[[-122.709128,42.197883],[-122.708927,42.19785],[-122.70891,42.197907],[-122.709111,42.197941],[-122.709128,42.197883]]]}},{"type":"Feature","properties":{"id":"way/1122829690","building":"yes"},"geometry":{"type":"Polygon","coordinates":[[[-122.710229,42.198089],[-122.710204,42.198158],[-122.710391,42.198196],[-122.710417,42.198127],[-122.710229,42.198089]]]}},{"type":"Feature","properties":{"id":"way/1122829691","building":"yes"},"geometry":{"type":"Polygon","coordinates":[[[-122.709856,42.198144],[-122.709707,42.198116],[-122.709693,42.198158],[-122.709653,42.198151],[-122.709626,42.19823],[-122.709679,42.19824],[-122.709669,42.198271],[-122.709805,42.198296],[-122.709856,42.198144]]]}},{"type":"Feature","properties":{"id":"way/1122829692","building":"yes"},"geometry":{"type":"Polygon","coordinates":[[[-122.707195,42.197811],[-122.707062,42.197783],[-122.707042,42.197837],[-122.707174,42.197865],[-122.707195,42.197811]]]}},{"type":"Feature","properties":{"id":"way/1122829694","building":"yes"},"geometry":{"type":"Polygon","coordinates":[[[-122.711061,42.19788],[-122.711003,42.198042],[-122.711071,42.198055],[-122.711081,42.198027],[-122.711146,42.198039],[-122.711194,42.197906],[-122.711061,42.19788]]]}},{"type":"Feature","properties":{"id":"way/1122829695","building":"yes"},"geometry":{"type":"Polygon","coordinates":[[[-122.709345,42.200937],[-122.709349,42.201191],[-122.709397,42.201191],[-122.709398,42.201239],[-122.709505,42.201238],[-122.709506,42.201255],[-122.709582,42.201254],[-122.70958,42.201114],[-122.709549,42.201114],[-122.709546,42.200955],[-122.709473,42.200956],[-122.709472,42.20092],[-122.70942,42.200921],[-122.70942,42.200936],[-122.709345,42.200937]]]}},{"type":"Feature","properties":{"id":"way/1122829699","building":"yes"},"geometry":{"type":"Polygon","coordinates":[[[-122.713239,42.19971],[-122.713182,42.199804],[-122.713325,42.199851],[-122.713381,42.199757],[-122.713239,42.19971]]]}},{"type":"Feature","properties":{"id":"way/1122829701","building":"yes"},"geometry":{"type":"Polygon","coordinates":[[[-122.710549,42.197787],[-122.710524,42.197846],[-122.710538,42.197849],[-122.710502,42.197935],[-122.7106,42.197958],[-122.710661,42.197813],[-122.710549,42.197787]]]}},{"type":"Feature","properties":{"id":"way/1122829702","building":"yes"},"geometry":{"type":"Polygon","coordinates":[[[-122.713811,42.199362],[-122.713704,42.199337],[-122.713678,42.199396],[-122.713785,42.199421],[-122.713811,42.199362]]]}},{"type":"Feature","properties":{"id":"way/1122829704","building":"yes"},"geometry":{"type":"Polygon","coordinates":[[[-122.709348,42.197995],[-122.709276,42.197982],[-122.709252,42.198054],[-122.709324,42.198067],[-122.709348,42.197995]]]}},{"type":"Feature","properties":{"id":"way/1122829706","building":"yes"},"geometry":{"type":"Polygon","coordinates":[[[-122.713291,42.199584],[-122.713251,42.199665],[-122.71346,42.199722],[-122.713501,42.199642],[-122.713291,42.199584]]]}},{"type":"Feature","properties":{"id":"way/1122829707","building":"yes"},"geometry":{"type":"Polygon","coordinates":[[[-122.707666,42.194112],[-122.707668,42.194162],[-122.707721,42.194161],[-122.707723,42.194215],[-122.707855,42.194212],[-122.70785,42.194088],[-122.707718,42.194091],[-122.707719,42.194111],[-122.707666,42.194112]]]}},{"type":"Feature","properties":{"id":"way/1122829708","building":"yes"},"geometry":{"type":"Polygon","coordinates":[[[-122.713809,42.198738],[-122.713787,42.198793],[-122.713924,42.198824],[-122.713943,42.198776],[-122.713927,42.198773],[-122.713942,42.198735],[-122.713868,42.198719],[-122.713856,42.198749],[-122.713809,42.198738]]]}},{"type":"Feature","properties":{"id":"way/1122829709","building":"yes"},"geometry":{"type":"Polygon","coordinates":[[[-122.708476,42.198199],[-122.708296,42.198161],[-122.708251,42.19828],[-122.708278,42.198285],[-122.708266,42.198316],[-122.708334,42.19833],[-122.708343,42.198308],[-122.708427,42.198326],[-122.708476,42.198199]]]}},{"type":"Feature","properties":{"id":"way/1122829711","building":"yes"},"geometry":{"type":"Polygon","coordinates":[[[-122.709475,42.197682],[-122.709581,42.197705],[-122.709635,42.197565],[-122.709528,42.197543],[-122.709475,42.197682]]]}},{"type":"Feature","properties":{"id":"way/1122829715","building":"yes"},"geometry":{"type":"Polygon","coordinates":[[[-122.706586,42.197272],[-122.706554,42.197367],[-122.706604,42.197377],[-122.706598,42.197396],[-122.70672,42.197419],[-122.706759,42.197305],[-122.706586,42.197272]]]}},{"type":"Feature","properties":{"id":"way/1122829716","building":"yes"},"geometry":{"type":"Polygon","coordinates":[[[-122.709049,42.198031],[-122.70886,42.197995],[-122.708833,42.198073],[-122.708896,42.198085],[-122.70889,42.198104],[-122.708955,42.198116],[-122.708961,42.198099],[-122.709006,42.198108],[-122.709014,42.198086],[-122.709047,42.198092],[-122.709057,42.198062],[-122.709039,42.198059],[-122.709049,42.198031]]]}},{"type":"Feature","properties":{"id":"way/1122829717","building":"yes"},"geometry":{"type":"Polygon","coordinates":[[[-122.707145,42.197518],[-122.70678,42.197453],[-122.706735,42.197591],[-122.707064,42.197649],[-122.707039,42.197726],[-122.707217,42.197758],[-122.707259,42.197631],[-122.707117,42.197605],[-122.707145,42.197518]]]}},{"type":"Feature","properties":{"id":"way/1122829719","building":"yes","name":"The Peerless Hotel"},"geometry":{"type":"Polygon","coordinates":[[[-122.707891,42.197542],[-122.707588,42.197485],[-122.707564,42.197555],[-122.707867,42.197612],[-122.707891,42.197542]]]}},{"type":"Feature","properties":{"id":"way/1122829720","building":"yes"},"geometry":{"type":"Polygon","coordinates":[[[-122.709618,42.198004],[-122.709801,42.198037],[-122.709807,42.198019],[-122.709913,42.198038],[-122.709934,42.197974],[-122.709645,42.197922],[-122.709618,42.198004]]]}},{"type":"Feature","properties":{"id":"way/1122829721","building":"yes"},"geometry":{"type":"Polygon","coordinates":[[[-122.713194,42.194534],[-122.713155,42.194595],[-122.71322,42.194618],[-122.713259,42.194557],[-122.713194,42.194534]]]}},{"type":"Feature","properties":{"id":"way/1122829722","building":"yes"},"geometry":{"type":"Polygon","coordinates":[[[-122.7143,42.199246],[-122.714196,42.199215],[-122.714156,42.199288],[-122.714282,42.199327],[-122.714303,42.199289],[-122.71428,42.199282],[-122.7143,42.199246]]]}},{"type":"Feature","properties":{"id":"way/1122829723","building":"yes"},"geometry":{"type":"Polygon","coordinates":[[[-122.710726,42.198292],[-122.710702,42.198348],[-122.710799,42.198371],[-122.710823,42.198315],[-122.710726,42.198292]]]}},{"type":"Feature","properties":{"id":"way/1122829726","building":"yes"},"geometry":{"type":"Polygon","coordinates":[[[-122.714318,42.194859],[-122.714408,42.194872],[-122.714437,42.194765],[-122.714347,42.194752],[-122.714318,42.194859]]]}},{"type":"Feature","properties":{"id":"way/1122829727","building":"yes"},"geometry":{"type":"Polygon","coordinates":[[[-122.707467,42.197067],[-122.707261,42.197027],[-122.707213,42.19716],[-122.70742,42.1972],[-122.707467,42.197067]]]}},{"type":"Feature","properties":{"id":"way/1122829730","building":"yes"},"geometry":{"type":"Polygon","coordinates":[[[-122.713707,42.194372],[-122.713476,42.194252],[-122.713407,42.194326],[-122.713638,42.194445],[-122.713707,42.194372]]]}},{"type":"Feature","properties":{"id":"way/1122829734","building":"yes"},"geometry":{"type":"Polygon","coordinates":[[[-122.714256,42.194237],[-122.714253,42.194412],[-122.714404,42.194413],[-122.714407,42.194238],[-122.714256,42.194237]]]}},{"type":"Feature","properties":{"id":"way/1122829737","building":"yes"},"geometry":{"type":"Polygon","coordinates":[[[-122.715261,42.194774],[-122.71514,42.194751],[-122.715105,42.194854],[-122.715225,42.194876],[-122.715261,42.194774]]]}},{"type":"Feature","properties":{"id":"way/1122829742","building":"yes"},"geometry":{"type":"Polygon","coordinates":[[[-122.711745,42.194165],[-122.711895,42.194205],[-122.711934,42.194124],[-122.711914,42.194119],[-122.711935,42.194077],[-122.711806,42.194042],[-122.711745,42.194165]]]}},{"type":"Feature","properties":{"id":"way/1122829743","building":"yes"},"geometry":{"type":"Polygon","coordinates":[[[-122.711035,42.198425],[-122.711166,42.19844],[-122.711185,42.198353],[-122.711055,42.198337],[-122.711035,42.198425]]]}},{"type":"Feature","properties":{"id":"way/1122829747","building":"yes"},"geometry":{"type":"Polygon","coordinates":[[[-122.709445,42.199454],[-122.709261,42.199419],[-122.709216,42.19955],[-122.7094,42.199584],[-122.709445,42.199454]]]}},{"type":"Feature","properties":{"id":"way/1122829750","building":"yes"},"geometry":{"type":"Polygon","coordinates":[[[-122.709913,42.197601],[-122.709807,42.197582],[-122.709772,42.197693],[-122.709877,42.197712],[-122.709913,42.197601]]]}},{"type":"Feature","properties":{"id":"way/1122829755","building":"yes"},"geometry":{"type":"Polygon","coordinates":[[[-122.710757,42.197906],[-122.710748,42.197934],[-122.71081,42.197945],[-122.71085,42.197822],[-122.710712,42.197798],[-122.710681,42.197893],[-122.710757,42.197906]]]}},{"type":"Feature","properties":{"id":"way/1122829756","building":"yes"},"geometry":{"type":"Polygon","coordinates":[[[-122.714229,42.195375],[-122.714231,42.1955],[-122.714526,42.195497],[-122.714523,42.195372],[-122.714229,42.195375]]]}},{"type":"Feature","properties":{"id":"way/1122829757","building":"yes"},"geometry":{"type":"Polygon","coordinates":[[[-122.713442,42.197742],[-122.713407,42.197805],[-122.713613,42.197868],[-122.713648,42.197805],[-122.713442,42.197742]]]}},{"type":"Feature","properties":{"id":"way/1122829761","building":"yes"},"geometry":{"type":"Polygon","coordinates":[[[-122.711742,42.199285],[-122.711998,42.199361],[-122.712039,42.199287],[-122.711782,42.199211],[-122.711742,42.199285]]]}},{"type":"Feature","properties":{"id":"way/1122829763","building":"yes"},"geometry":{"type":"Polygon","coordinates":[[[-122.715637,42.199931],[-122.715397,42.199854],[-122.715275,42.200063],[-122.715362,42.200091],[-122.715376,42.200067],[-122.71543,42.200085],[-122.715414,42.200112],[-122.715512,42.200144],[-122.715637,42.199931]]]}},{"type":"Feature","properties":{"id":"way/1122829766","building":"yes"},"geometry":{"type":"Polygon","coordinates":[[[-122.709134,42.197669],[-122.709187,42.197673],[-122.709196,42.197616],[-122.709143,42.197612],[-122.709134,42.197669]]]}},{"type":"Feature","properties":{"id":"way/1122829767","building":"yes"},"geometry":{"type":"Polygon","coordinates":[[[-122.707987,42.197413],[-122.707961,42.197487],[-122.708052,42.197505],[-122.708078,42.19743],[-122.707987,42.197413]]]}},{"type":"Feature","properties":{"id":"way/1122829769","building":"yes"},"geometry":{"type":"Polygon","coordinates":[[[-122.710953,42.198005],[-122.711007,42.197863],[-122.710897,42.19784],[-122.710844,42.197983],[-122.710953,42.198005]]]}},{"type":"Feature","properties":{"id":"way/1122829773","building":"yes"},"geometry":{"type":"Polygon","coordinates":[[[-122.713848,42.194664],[-122.713826,42.194702],[-122.713792,42.194691],[-122.713763,42.194742],[-122.713947,42.194801],[-122.713998,42.194712],[-122.713848,42.194664]]]}},{"type":"Feature","properties":{"id":"way/1122829777","building":"yes"},"geometry":{"type":"Polygon","coordinates":[[[-122.710115,42.198642],[-122.710087,42.198719],[-122.710147,42.198731],[-122.71014,42.198752],[-122.710212,42.198766],[-122.710253,42.198655],[-122.710194,42.198643],[-122.710189,42.198657],[-122.710115,42.198642]]]}},{"type":"Feature","properties":{"id":"way/1122829778","building":"yes"},"geometry":{"type":"Polygon","coordinates":[[[-122.711481,42.194554],[-122.711503,42.194533],[-122.711478,42.194519],[-122.711415,42.194579],[-122.71147,42.19461],[-122.711511,42.194571],[-122.711481,42.194554]]]}},{"type":"Feature","properties":{"id":"way/1122829785","building":"yes"},"geometry":{"type":"Polygon","coordinates":[[[-122.712166,42.201238],[-122.711983,42.201099],[-122.711698,42.201304],[-122.711882,42.201444],[-122.712166,42.201238]]]}},{"type":"Feature","properties":{"id":"way/1122829786","building":"yes"},"geometry":{"type":"Polygon","coordinates":[[[-122.711382,42.194441],[-122.711311,42.194402],[-122.711244,42.194469],[-122.711316,42.194508],[-122.711382,42.194441]]]}},{"type":"Feature","properties":{"id":"way/1122829787","building":"yes"},"geometry":{"type":"Polygon","coordinates":[[[-122.713425,42.194954],[-122.713567,42.195015],[-122.71366,42.194897],[-122.713518,42.194836],[-122.713425,42.194954]]]}},{"type":"Feature","properties":{"id":"way/1122829788","building":"yes"},"geometry":{"type":"Polygon","coordinates":[[[-122.707419,42.197226],[-122.707284,42.1972],[-122.707249,42.197299],[-122.707385,42.197325],[-122.707419,42.197226]]]}},{"type":"Feature","properties":{"id":"way/1122829791","building":"yes"},"geometry":{"type":"Polygon","coordinates":[[[-122.712204,42.197738],[-122.712306,42.197772],[-122.71237,42.197665],[-122.712235,42.19762],[-122.712203,42.197674],[-122.712236,42.197685],[-122.712204,42.197738]]]}},{"type":"Feature","properties":{"id":"way/1122829792","building":"yes"},"geometry":{"type":"Polygon","coordinates":[[[-122.714257,42.198423],[-122.714046,42.198358],[-122.713995,42.19845],[-122.714205,42.198514],[-122.714257,42.198423]]]}},{"type":"Feature","properties":{"id":"way/1122829796","building":"yes"},"geometry":{"type":"Polygon","coordinates":[[[-122.708182,42.197238],[-122.708124,42.197421],[-122.708228,42.197439],[-122.708286,42.197256],[-122.708182,42.197238]]]}},{"type":"Feature","properties":{"id":"way/1122829798","building":"yes"},"geometry":{"type":"Polygon","coordinates":[[[-122.706635,42.198031],[-122.70673,42.198048],[-122.706728,42.198054],[-122.706808,42.198068],[-122.706863,42.197897],[-122.706787,42.197884],[-122.706801,42.197841],[-122.706877,42.197855],[-122.706896,42.197796],[-122.706822,42.197783],[-122.706818,42.197796],[-122.70676,42.197785],[-122.706735,42.197862],[-122.706692,42.197855],[-122.706635,42.198031]]]}},{"type":"Feature","properties":{"id":"way/1122829799","building":"yes","name":"The Peerless Restaurant & Bar","amenity":"restaurant"},"geometry":{"type":"Polygon","coordinates":[[[-122.707845,42.197721],[-122.707682,42.197691],[-122.707681,42.197695],[-122.70752,42.197666],[-122.707471,42.197814],[-122.70775,42.197865],[-122.707769,42.197807],[-122.707814,42.197815],[-122.707845,42.197721]]]}},{"type":"Feature","properties":{"id":"way/1122829800","building":"yes"},"geometry":{"type":"Polygon","coordinates":[[[-122.708493,42.197289],[-122.708346,42.197259],[-122.708315,42.197342],[-122.708463,42.197372],[-122.708493,42.197289]]]}},{"type":"Feature","properties":{"id":"way/1122829801","building":"yes"},"geometry":{"type":"Polygon","coordinates":[[[-122.70697,42.197457],[-122.707104,42.197482],[-122.707128,42.197412],[-122.70707,42.197401],[-122.707073,42.197393],[-122.706997,42.197378],[-122.70697,42.197457]]]}},{"type":"Feature","properties":{"id":"way/1122829802","building":"yes"},"geometry":{"type":"Polygon","coordinates":[[[-122.708143,42.197618],[-122.708128,42.19768],[-122.708283,42.197702],[-122.708299,42.19764],[-122.708143,42.197618]]]}},{"type":"Feature","properties":{"id":"way/1122829804","building":"yes"},"geometry":{"type":"Polygon","coordinates":[[[-122.715056,42.194993],[-122.71508,42.195],[-122.715045,42.195066],[-122.715142,42.195094],[-122.71519,42.195006],[-122.715068,42.19497],[-122.715056,42.194993]]]}},{"type":"Feature","properties":{"id":"way/1122829806","building":"yes"},"geometry":{"type":"Polygon","coordinates":[[[-122.70794,42.194209],[-122.708031,42.194207],[-122.70803,42.194187],[-122.708076,42.194186],[-122.708074,42.194117],[-122.708047,42.194117],[-122.708046,42.194089],[-122.707936,42.194091],[-122.70794,42.194209]]]}},{"type":"Feature","properties":{"id":"way/1122829810","building":"yes"},"geometry":{"type":"Polygon","coordinates":[[[-122.712521,42.198301],[-122.712478,42.198391],[-122.712432,42.198379],[-122.712398,42.19845],[-122.712548,42.19849],[-122.712626,42.198328],[-122.712521,42.198301]]]}},{"type":"Feature","properties":{"id":"way/1122829812","building":"yes","name":"lft"},"geometry":{"type":"Polygon","coordinates":[[[-122.711207,42.194047],[-122.711291,42.194048],[-122.711294,42.193983],[-122.711209,42.193981],[-122.711207,42.194047]]]}},{"type":"Feature","properties":{"id":"way/1122829813","building":"yes"},"geometry":{"type":"Polygon","coordinates":[[[-122.707907,42.198136],[-122.707825,42.198124],[-122.707787,42.198257],[-122.707869,42.19827],[-122.707907,42.198136]]]}},{"type":"Feature","properties":{"id":"way/1122829814","building":"yes","name":"Anne Hathaway's B&B"},"geometry":{"type":"Polygon","coordinates":[[[-122.707467,42.194022],[-122.707341,42.194021],[-122.707337,42.194238],[-122.707463,42.194239],[-122.707467,42.194022]]]}},{"type":"Feature","properties":{"id":"way/1122829815","building":"yes"},"geometry":{"type":"Polygon","coordinates":[[[-122.714945,42.194263],[-122.715046,42.194296],[-122.715122,42.194168],[-122.715085,42.194156],[-122.715084,42.194157],[-122.71502,42.194136],[-122.714945,42.194263]]]}},{"type":"Feature","properties":{"id":"way/1122829817","building":"yes"},"geometry":{"type":"Polygon","coordinates":[[[-122.709182,42.197772],[-122.709268,42.197787],[-122.70929,42.197717],[-122.709204,42.197702],[-122.709182,42.197772]]]}},{"type":"Feature","properties":{"id":"way/1122829820","building":"yes"},"geometry":{"type":"Polygon","coordinates":[[[-122.714494,42.20008],[-122.714587,42.200113],[-122.71462,42.200064],[-122.714527,42.20003],[-122.714494,42.20008]]]}},{"type":"Feature","properties":{"id":"way/1122829822","building":"yes"},"geometry":{"type":"Polygon","coordinates":[[[-122.713794,42.195056],[-122.713885,42.195091],[-122.713932,42.195023],[-122.713841,42.194988],[-122.713794,42.195056]]]}},{"type":"Feature","properties":{"id":"way/1122829824","building":"yes"},"geometry":{"type":"Polygon","coordinates":[[[-122.711064,42.198222],[-122.711032,42.198312],[-122.711192,42.198344],[-122.711215,42.198278],[-122.711132,42.198262],[-122.711141,42.198237],[-122.711064,42.198222]]]}},{"type":"Feature","properties":{"id":"way/1122829825","building":"yes"},"geometry":{"type":"Polygon","coordinates":[[[-122.708709,42.19737],[-122.708609,42.197355],[-122.708539,42.197615],[-122.708638,42.197629],[-122.708709,42.19737]]]}},{"type":"Feature","properties":{"id":"way/1122829826","building":"yes"},"geometry":{"type":"Polygon","coordinates":[[[-122.710388,42.201163],[-122.71035,42.201305],[-122.71076,42.201366],[-122.710787,42.201263],[-122.710728,42.201255],[-122.710739,42.201215],[-122.710388,42.201163]]]}},{"type":"Feature","properties":{"id":"way/1122829828","building":"yes"},"geometry":{"type":"Polygon","coordinates":[[[-122.712462,42.198279],[-122.71236,42.198256],[-122.712293,42.198425],[-122.712355,42.198438],[-122.712377,42.198382],[-122.712418,42.198391],[-122.712462,42.198279]]]}},{"type":"Feature","properties":{"id":"way/1122829832","building":"yes"},"geometry":{"type":"Polygon","coordinates":[[[-122.714718,42.195506],[-122.714835,42.195534],[-122.714903,42.195376],[-122.714787,42.195348],[-122.714718,42.195506]]]}},{"type":"Feature","properties":{"id":"way/1122829835","building":"yes"},"geometry":{"type":"Polygon","coordinates":[[[-122.711324,42.198141],[-122.711399,42.197942],[-122.711288,42.19792],[-122.711223,42.198093],[-122.711187,42.198086],[-122.711158,42.198163],[-122.71124,42.19818],[-122.711259,42.198127],[-122.711324,42.198141]]]}},{"type":"Feature","properties":{"id":"way/1122829838","building":"yes"},"geometry":{"type":"Polygon","coordinates":[[[-122.712596,42.197897],[-122.712498,42.197871],[-122.712454,42.197963],[-122.712552,42.197988],[-122.712596,42.197897]]]}},{"type":"Feature","properties":{"id":"way/1122829840","building":"yes"},"geometry":{"type":"Polygon","coordinates":[[[-122.714176,42.194784],[-122.714283,42.194807],[-122.714317,42.194719],[-122.714305,42.194716],[-122.714318,42.194683],[-122.714224,42.194663],[-122.714176,42.194784]]]}},{"type":"Feature","properties":{"id":"way/1122829842","building":"yes","name":"Sunshine Salon"},"geometry":{"type":"Polygon","coordinates":[[[-122.714326,42.197959],[-122.714258,42.198006],[-122.714376,42.1981],[-122.714444,42.198053],[-122.714326,42.197959]]]}},{"type":"Feature","properties":{"id":"way/1122829848","building":"yes"},"geometry":{"type":"Polygon","coordinates":[[[-122.71231,42.198334],[-122.71226,42.19832],[-122.712237,42.198367],[-122.712287,42.19838],[-122.71231,42.198334]]]}},{"type":"Feature","properties":{"id":"way/1122829850","building":"yes"},"geometry":{"type":"Polygon","coordinates":[[[-122.710008,42.200395],[-122.709891,42.200491],[-122.710001,42.200564],[-122.709974,42.200586],[-122.710176,42.20072],[-122.710356,42.200572],[-122.710066,42.200379],[-122.710028,42.200409],[-122.710008,42.200395]]]}},{"type":"Feature","properties":{"id":"way/1122829856","building":"yes"},"geometry":{"type":"Polygon","coordinates":[[[-122.708965,42.199365],[-122.708734,42.199365],[-122.708734,42.199474],[-122.708715,42.199474],[-122.708715,42.199557],[-122.708836,42.199557],[-122.708836,42.199569],[-122.708965,42.199569],[-122.708965,42.199365]]]}},{"type":"Feature","properties":{"id":"way/1122829857","building":"yes"},"geometry":{"type":"Polygon","coordinates":[[[-122.715077,42.200868],[-122.714841,42.200784],[-122.714757,42.200914],[-122.714993,42.200998],[-122.715077,42.200868]]]}},{"type":"Feature","properties":{"id":"way/1122829862","building":"yes"},"geometry":{"type":"Polygon","coordinates":[[[-122.712091,42.199325],[-122.712062,42.199383],[-122.712109,42.199396],[-122.712115,42.199384],[-122.7122,42.199407],[-122.712223,42.199362],[-122.712091,42.199325]]]}},{"type":"Feature","properties":{"id":"way/1122829867","building":"yes"},"geometry":{"type":"Polygon","coordinates":[[[-122.714446,42.198062],[-122.714403,42.198093],[-122.714431,42.198114],[-122.714474,42.198083],[-122.714446,42.198062]]]}},{"type":"Feature","properties":{"id":"way/1122829871","building":"yes"},"geometry":{"type":"Polygon","coordinates":[[[-122.714151,42.195294],[-122.714069,42.195281],[-122.71403,42.195416],[-122.714112,42.195429],[-122.714151,42.195294]]]}},{"type":"Feature","properties":{"id":"way/1122829879","building":"yes"},"geometry":{"type":"Polygon","coordinates":[[[-122.709046,42.197969],[-122.709054,42.197949],[-122.708912,42.197917],[-122.70889,42.19797],[-122.709075,42.198013],[-122.709089,42.197979],[-122.709046,42.197969]]]}},{"type":"Feature","properties":{"id":"way/1122829884","building":"yes"},"geometry":{"type":"Polygon","coordinates":[[[-122.709579,42.19793],[-122.709481,42.197912],[-122.709456,42.197986],[-122.709554,42.198004],[-122.709579,42.19793]]]}},{"type":"Feature","properties":{"id":"way/1122829885","building":"yes"},"geometry":{"type":"Polygon","coordinates":[[[-122.71259,42.1977],[-122.712538,42.197804],[-122.712636,42.197831],[-122.712689,42.197728],[-122.71259,42.1977]]]}},{"type":"Feature","properties":{"id":"way/1122829897","building":"yes"},"geometry":{"type":"Polygon","coordinates":[[[-122.709289,42.197979],[-122.709359,42.197993],[-122.70938,42.197938],[-122.70931,42.197924],[-122.709289,42.197979]]]}},{"type":"Feature","properties":{"id":"way/1122829899","building":"yes"},"geometry":{"type":"Polygon","coordinates":[[[-122.708034,42.197197],[-122.707978,42.197344],[-122.708066,42.197362],[-122.708122,42.197215],[-122.708034,42.197197]]]}},{"type":"Feature","properties":{"id":"way/1122829903","building":"yes"},"geometry":{"type":"Polygon","coordinates":[[[-122.713384,42.198216],[-122.71323,42.198172],[-122.713173,42.198281],[-122.713327,42.198325],[-122.713384,42.198216]]]}},{"type":"Feature","properties":{"id":"way/1122829904","building":"yes"},"geometry":{"type":"Polygon","coordinates":[[[-122.714514,42.194412],[-122.714516,42.194543],[-122.714637,42.194542],[-122.714636,42.194411],[-122.714514,42.194412]]]}},{"type":"Feature","properties":{"id":"way/1122829905","building":"yes"},"geometry":{"type":"Polygon","coordinates":[[[-122.714934,42.194715],[-122.714845,42.194654],[-122.714719,42.194754],[-122.714808,42.194815],[-122.714934,42.194715]]]}},{"type":"Feature","properties":{"id":"way/1122829906","building":"yes"},"geometry":{"type":"Polygon","coordinates":[[[-122.710201,42.200747],[-122.710299,42.200815],[-122.710493,42.200664],[-122.710395,42.200596],[-122.710201,42.200747]]]}},{"type":"Feature","properties":{"id":"way/1122829908","building":"yes"},"geometry":{"type":"Polygon","coordinates":[[[-122.711756,42.197644],[-122.711899,42.197647],[-122.711901,42.197572],[-122.711758,42.19757],[-122.711756,42.197644]]]}},{"type":"Feature","properties":{"id":"way/1122829909","building":"yes"},"geometry":{"type":"Polygon","coordinates":[[[-122.714587,42.198635],[-122.714509,42.198612],[-122.714497,42.198635],[-122.714398,42.198606],[-122.714409,42.198585],[-122.714331,42.198563],[-122.714301,42.198619],[-122.71435,42.198633],[-122.714323,42.198683],[-122.71446,42.198723],[-122.714469,42.198707],[-122.714538,42.198728],[-122.714587,42.198635]]]}},{"type":"Feature","properties":{"id":"way/1122829914","building":"yes"},"geometry":{"type":"Polygon","coordinates":[[[-122.707616,42.19741],[-122.707842,42.197456],[-122.707885,42.19734],[-122.70766,42.197294],[-122.707616,42.19741]]]}},{"type":"Feature","properties":{"id":"way/1122829915","building":"yes"},"geometry":{"type":"Polygon","coordinates":[[[-122.715328,42.194659],[-122.715207,42.194647],[-122.715187,42.194755],[-122.715308,42.194767],[-122.715328,42.194659]]]}},{"type":"Feature","properties":{"id":"way/1122829916","building":"yes"},"geometry":{"type":"Polygon","coordinates":[[[-122.712261,42.194333],[-122.712386,42.19437],[-122.712433,42.194282],[-122.712277,42.194237],[-122.71225,42.194288],[-122.71228,42.194297],[-122.712261,42.194333]]]}},{"type":"Feature","properties":{"id":"way/1122829917","building":"yes"},"geometry":{"type":"Polygon","coordinates":[[[-122.715122,42.200376],[-122.715084,42.200449],[-122.715014,42.200429],[-122.714995,42.200465],[-122.71506,42.200484],[-122.715078,42.200449],[-122.715247,42.200497],[-122.715285,42.200423],[-122.715122,42.200376]]]}},{"type":"Feature","properties":{"id":"way/1122829919","building":"yes"},"geometry":{"type":"Polygon","coordinates":[[[-122.711726,42.194522],[-122.711631,42.194476],[-122.711589,42.194522],[-122.711684,42.194568],[-122.711726,42.194522]]]}},{"type":"Feature","properties":{"id":"way/1122829929","building":"yes"},"geometry":{"type":"Polygon","coordinates":[[[-122.714928,42.200491],[-122.71482,42.200446],[-122.714767,42.200515],[-122.714874,42.20056],[-122.714928,42.200491]]]}},{"type":"Feature","properties":{"id":"way/1122829932","building":"yes"},"geometry":{"type":"Polygon","coordinates":[[[-122.708241,42.198213],[-122.70814,42.198199],[-122.708108,42.198326],[-122.708209,42.19834],[-122.708241,42.198213]]]}},{"type":"Feature","properties":{"id":"way/1122829933","building":"yes"},"geometry":{"type":"Polygon","coordinates":[[[-122.70864,42.199549],[-122.708637,42.19934],[-122.708557,42.199341],[-122.708556,42.199315],[-122.708471,42.199316],[-122.708471,42.199369],[-122.708423,42.19937],[-122.708423,42.199393],[-122.708391,42.199393],[-122.708393,42.199551],[-122.708473,42.19955],[-122.708474,42.199562],[-122.708554,42.199561],[-122.708554,42.199549],[-122.70864,42.199549]]]}},{"type":"Feature","properties":{"id":"way/1122829934","building":"yes"},"geometry":{"type":"Polygon","coordinates":[[[-122.710854,42.20111],[-122.710902,42.201146],[-122.710806,42.201216],[-122.710902,42.201287],[-122.710852,42.201323],[-122.710891,42.201352],[-122.711227,42.201104],[-122.711045,42.200969],[-122.710854,42.20111]]]}},{"type":"Feature","properties":{"id":"way/1122829936","building":"yes"},"geometry":{"type":"Polygon","coordinates":[[[-122.709968,42.200879],[-122.710136,42.200999],[-122.710241,42.200917],[-122.710074,42.200798],[-122.709968,42.200879]]]}},{"type":"Feature","properties":{"id":"way/1122829940","building":"yes"},"geometry":{"type":"Polygon","coordinates":[[[-122.714076,42.194576],[-122.713835,42.194455],[-122.713785,42.19451],[-122.713831,42.194533],[-122.713823,42.194541],[-122.714019,42.194639],[-122.714076,42.194576]]]}},{"type":"Feature","properties":{"id":"way/1122829943","building":"yes"},"geometry":{"type":"Polygon","coordinates":[[[-122.711145,42.198511],[-122.711163,42.198461],[-122.710949,42.19842],[-122.710932,42.19847],[-122.711145,42.198511]]]}},{"type":"Feature","properties":{"id":"way/1122829946","building":"yes"},"geometry":{"type":"Polygon","coordinates":[[[-122.713273,42.19813],[-122.713262,42.198157],[-122.713387,42.198183],[-122.713417,42.198101],[-122.713254,42.198068],[-122.713234,42.198122],[-122.713273,42.19813]]]}},{"type":"Feature","properties":{"id":"way/1122829947","building":"yes"},"geometry":{"type":"Polygon","coordinates":[[[-122.713738,42.198165],[-122.713787,42.198079],[-122.713663,42.198041],[-122.713615,42.198127],[-122.713738,42.198165]]]}},{"type":"Feature","properties":{"id":"way/1122829948","building":"yes"},"geometry":{"type":"Polygon","coordinates":[[[-122.70691,42.197385],[-122.706807,42.197374],[-122.706794,42.197443],[-122.706897,42.197454],[-122.70691,42.197385]]]}},{"type":"Feature","properties":{"id":"way/1122829949","building":"yes"},"geometry":{"type":"Polygon","coordinates":[[[-122.71428,42.195201],[-122.714509,42.195203],[-122.714511,42.195074],[-122.714282,42.195072],[-122.71428,42.195201]]]}},{"type":"Feature","properties":{"id":"way/1122829950","building":"yes"},"geometry":{"type":"Polygon","coordinates":[[[-122.713757,42.199298],[-122.713764,42.199282],[-122.713854,42.199306],[-122.713886,42.199243],[-122.713588,42.199162],[-122.713549,42.199241],[-122.713757,42.199298]]]}},{"type":"Feature","properties":{"id":"way/1122829957","building":"yes"},"geometry":{"type":"Polygon","coordinates":[[[-122.713376,42.194805],[-122.713272,42.194766],[-122.713201,42.194872],[-122.713305,42.19491],[-122.713376,42.194805]]]}},{"type":"Feature","properties":{"id":"way/1122829959","building":"yes"},"geometry":{"type":"Polygon","coordinates":[[[-122.71552,42.200673],[-122.715473,42.200753],[-122.715605,42.200796],[-122.715653,42.200716],[-122.71552,42.200673]]]}},{"type":"Feature","properties":{"id":"way/1122829965","building":"yes"},"geometry":{"type":"Polygon","coordinates":[[[-122.706516,42.197936],[-122.706637,42.197953],[-122.706665,42.197849],[-122.706608,42.197841],[-122.7066,42.197871],[-122.706535,42.197862],[-122.706516,42.197936]]]}},{"type":"Feature","properties":{"id":"way/1122829966","building":"yes"},"geometry":{"type":"Polygon","coordinates":[[[-122.710967,42.198371],[-122.711014,42.198379],[-122.711033,42.198317],[-122.710986,42.198309],[-122.710967,42.198371]]]}},{"type":"Feature","properties":{"id":"way/1122829967","building":"yes"},"geometry":{"type":"Polygon","coordinates":[[[-122.713111,42.197714],[-122.712957,42.197662],[-122.712914,42.197732],[-122.713008,42.197764],[-122.712993,42.197788],[-122.713054,42.197808],[-122.713111,42.197714]]]}},{"type":"Feature","properties":{"id":"way/1122829968","building":"yes"},"geometry":{"type":"Polygon","coordinates":[[[-122.713222,42.194162],[-122.71302,42.194082],[-122.71296,42.194165],[-122.713162,42.194245],[-122.713222,42.194162]]]}},{"type":"Feature","properties":{"id":"way/1122829970","building":"yes"},"geometry":{"type":"Polygon","coordinates":[[[-122.713244,42.201161],[-122.713205,42.201213],[-122.713234,42.201225],[-122.713371,42.201043],[-122.713277,42.201004],[-122.713244,42.201048],[-122.713295,42.201069],[-122.713266,42.201107],[-122.713252,42.201101],[-122.713215,42.20115],[-122.713244,42.201161]]]}},{"type":"Feature","properties":{"id":"way/1122829971","building":"yes"},"geometry":{"type":"Polygon","coordinates":[[[-122.713705,42.199057],[-122.713663,42.199151],[-122.713939,42.199218],[-122.713966,42.199157],[-122.713837,42.199126],[-122.713852,42.199092],[-122.713705,42.199057]]]}},{"type":"Feature","properties":{"id":"way/1122829972","building":"yes"},"geometry":{"type":"Polygon","coordinates":[[[-122.714824,42.198473],[-122.714614,42.198409],[-122.714562,42.198503],[-122.714772,42.198566],[-122.714824,42.198473]]]}},{"type":"Feature","properties":{"id":"way/1122829977","building":"yes"},"geometry":{"type":"Polygon","coordinates":[[[-122.713822,42.197971],[-122.713667,42.19793],[-122.713686,42.197891],[-122.713621,42.197874],[-122.71357,42.197982],[-122.713789,42.19804],[-122.713822,42.197971]]]}},{"type":"Feature","properties":{"id":"way/1122829979","building":"yes","name":"Community Health Center"},"geometry":{"type":"Polygon","coordinates":[[[-122.714761,42.20038],[-122.714967,42.200445],[-122.715085,42.200241],[-122.714879,42.200175],[-122.714761,42.20038]]]}},{"type":"Feature","properties":{"id":"way/1122829980","building":"yes"},"geometry":{"type":"Polygon","coordinates":[[[-122.710596,42.194097],[-122.710422,42.194098],[-122.710422,42.194145],[-122.710466,42.194145],[-122.710467,42.194164],[-122.710597,42.194163],[-122.710596,42.194097]]]}},{"type":"Feature","properties":{"id":"way/1122829981","building":"yes","name":"Western Oil & Burner Co"},"geometry":{"type":"Polygon","coordinates":[[[-122.714519,42.20017],[-122.714414,42.200141],[-122.714308,42.200351],[-122.714413,42.20038],[-122.714519,42.20017]]]}},{"type":"Feature","properties":{"id":"way/1122829983","building":"yes"},"geometry":{"type":"Polygon","coordinates":[[[-122.712086,42.199208],[-122.712,42.199184],[-122.711964,42.199256],[-122.71205,42.19928],[-122.712086,42.199208]]]}},{"type":"Feature","properties":{"id":"way/1122829984","building":"yes"},"geometry":{"type":"Polygon","coordinates":[[[-122.713599,42.199852],[-122.713551,42.199939],[-122.713684,42.19998],[-122.713733,42.199893],[-122.713599,42.199852]]]}},{"type":"Feature","properties":{"id":"way/1122829985","building":"yes"},"geometry":{"type":"Polygon","coordinates":[[[-122.709038,42.197538],[-122.709123,42.197555],[-122.709165,42.197438],[-122.709035,42.197412],[-122.709013,42.197474],[-122.709058,42.197483],[-122.709038,42.197538]]]}},{"type":"Feature","properties":{"id":"way/1122829986","building":"yes"},"geometry":{"type":"Polygon","coordinates":[[[-122.712715,42.197578],[-122.71269,42.197655],[-122.712766,42.197669],[-122.712791,42.197591],[-122.712715,42.197578]]]}},{"type":"Feature","properties":{"id":"way/1122829987","building":"yes"},"geometry":{"type":"Polygon","coordinates":[[[-122.712698,42.194398],[-122.712547,42.194341],[-122.712449,42.194483],[-122.712509,42.194506],[-122.712504,42.194514],[-122.712596,42.194548],[-122.712698,42.194398]]]}},{"type":"Feature","properties":{"id":"way/1122829990","building":"yes"},"geometry":{"type":"Polygon","coordinates":[[[-122.708598,42.197315],[-122.708508,42.197301],[-122.708464,42.197459],[-122.708554,42.197473],[-122.708598,42.197315]]]}},{"type":"Feature","properties":{"id":"way/1122829996","building":"yes"},"geometry":{"type":"Polygon","coordinates":[[[-122.707515,42.194214],[-122.707639,42.194213],[-122.707637,42.19412],[-122.707513,42.194121],[-122.707515,42.194214]]]}},{"type":"Feature","properties":{"id":"way/1122829998","building":"yes"},"geometry":{"type":"Polygon","coordinates":[[[-122.71005,42.197642],[-122.709921,42.197626],[-122.709887,42.197773],[-122.710016,42.19779],[-122.71005,42.197642]]]}},{"type":"Feature","properties":{"id":"way/1122829999","building":"yes"},"geometry":{"type":"Polygon","coordinates":[[[-122.713954,42.198551],[-122.714167,42.198611],[-122.714206,42.198535],[-122.713993,42.198475],[-122.713954,42.198551]]]}},{"type":"Feature","properties":{"id":"way/1122830003","building":"yes"},"geometry":{"type":"Polygon","coordinates":[[[-122.711258,42.19422],[-122.711259,42.194132],[-122.711098,42.19413],[-122.711097,42.194213],[-122.711124,42.194214],[-122.711123,42.194259],[-122.711281,42.194261],[-122.711282,42.19422],[-122.711258,42.19422]]]}},{"type":"Feature","properties":{"id":"way/1122830008","building":"yes"},"geometry":{"type":"Polygon","coordinates":[[[-122.710437,42.198234],[-122.71021,42.198192],[-122.710184,42.198269],[-122.710411,42.198311],[-122.710437,42.198234]]]}},{"type":"Feature","properties":{"id":"way/1122830013","building":"yes"},"geometry":{"type":"Polygon","coordinates":[[[-122.708307,42.198112],[-122.707902,42.198027],[-122.70787,42.19811],[-122.708275,42.198194],[-122.708307,42.198112]]]}},{"type":"Feature","properties":{"id":"way/1122830015","building":"yes"},"geometry":{"type":"Polygon","coordinates":[[[-122.71063,42.198061],[-122.71069,42.198069],[-122.710684,42.198093],[-122.710766,42.198105],[-122.710782,42.198044],[-122.710693,42.198031],[-122.710698,42.198011],[-122.710645,42.198003],[-122.71063,42.198061]]]}},{"type":"Feature","properties":{"id":"way/1122830016","building":"yes"},"geometry":{"type":"Polygon","coordinates":[[[-122.71393,42.199351],[-122.713783,42.199303],[-122.71376,42.199342],[-122.713907,42.19939],[-122.71393,42.199351]]]}},{"type":"Feature","properties":{"id":"way/1122830019","building":"yes"},"geometry":{"type":"Polygon","coordinates":[[[-122.713355,42.194435],[-122.713282,42.194509],[-122.71351,42.194634],[-122.713583,42.19456],[-122.713355,42.194435]]]}},{"type":"Feature","properties":{"id":"way/1122830020","building":"yes"},"geometry":{"type":"Polygon","coordinates":[[[-122.706643,42.197042],[-122.706764,42.197065],[-122.706798,42.196964],[-122.706678,42.196941],[-122.706643,42.197042]]]}},{"type":"Feature","properties":{"id":"way/1122830021","building":"yes"},"geometry":{"type":"Polygon","coordinates":[[[-122.713258,42.200109],[-122.713058,42.200029],[-122.713009,42.200097],[-122.713209,42.200177],[-122.713258,42.200109]]]}},{"type":"Feature","properties":{"id":"way/1122830024","building":"yes"},"geometry":{"type":"Polygon","coordinates":[[[-122.714236,42.194265],[-122.714136,42.194216],[-122.714034,42.194331],[-122.714134,42.19438],[-122.714236,42.194265]]]}},{"type":"Feature","properties":{"id":"way/1122830026","building":"yes"},"geometry":{"type":"Polygon","coordinates":[[[-122.70947,42.198086],[-122.709373,42.198074],[-122.709345,42.198202],[-122.709458,42.198216],[-122.70948,42.198121],[-122.709462,42.198119],[-122.70947,42.198086]]]}},{"type":"Feature","properties":{"id":"way/1122830029","building":"yes"},"geometry":{"type":"Polygon","coordinates":[[[-122.710682,42.194181],[-122.710422,42.19418],[-122.710421,42.194301],[-122.710523,42.194301],[-122.710523,42.194277],[-122.710657,42.194278],[-122.710658,42.194228],[-122.710682,42.194229],[-122.710682,42.194181]]]}},{"type":"Feature","properties":{"id":"way/1122830032","building":"yes"},"geometry":{"type":"Polygon","coordinates":[[[-122.713837,42.199766],[-122.713668,42.199717],[-122.713625,42.199797],[-122.713795,42.199846],[-122.713837,42.199766]]]}},{"type":"Feature","properties":{"id":"way/1122830033","building":"yes","name":"Chateaubrand 36","amenity":"restaurant"},"geometry":{"type":"Polygon","coordinates":[[[-122.711784,42.194657],[-122.711612,42.194577],[-122.711607,42.194583],[-122.711545,42.194554],[-122.711471,42.194642],[-122.711704,42.194751],[-122.711784,42.194657]]]}},{"type":"Feature","properties":{"id":"way/1122830034","building":"yes"},"geometry":{"type":"Polygon","coordinates":[[[-122.70857,42.197712],[-122.708436,42.197687],[-122.70841,42.197761],[-122.708544,42.197787],[-122.70857,42.197712]]]}},{"type":"Feature","properties":{"id":"way/1122830035","building":"yes"},"geometry":{"type":"Polygon","coordinates":[[[-122.708116,42.197822],[-122.708111,42.197845],[-122.708053,42.197837],[-122.708031,42.197921],[-122.708206,42.197945],[-122.708233,42.197839],[-122.708116,42.197822]]]}},{"type":"Feature","properties":{"id":"way/1122830036","building":"yes"},"geometry":{"type":"Polygon","coordinates":[[[-122.709499,42.198196],[-122.709581,42.198212],[-122.709615,42.198113],[-122.709533,42.198097],[-122.709499,42.198196]]]}},{"type":"Feature","properties":{"id":"way/1122830039","building":"yes"},"geometry":{"type":"Polygon","coordinates":[[[-122.715461,42.201142],[-122.715537,42.201169],[-122.715612,42.201054],[-122.715536,42.201027],[-122.715461,42.201142]]]}},{"type":"Feature","properties":{"id":"way/1122830040","building":"yes"},"geometry":{"type":"Polygon","coordinates":[[[-122.711941,42.19812],[-122.711916,42.198194],[-122.712038,42.198216],[-122.712062,42.198142],[-122.711941,42.19812]]]}},{"type":"Feature","properties":{"id":"way/1122830041","building":"yes"},"geometry":{"type":"Polygon","coordinates":[[[-122.713546,42.199489],[-122.71354,42.199502],[-122.713367,42.199455],[-122.713328,42.199534],[-122.713527,42.199588],[-122.713541,42.19956],[-122.713654,42.19959],[-122.713685,42.199527],[-122.713546,42.199489]]]}},{"type":"Feature","properties":{"id":"way/1122830046","building":"yes","name":"Growing Green Baby"},"geometry":{"type":"Polygon","coordinates":[[[-122.710977,42.198553],[-122.711142,42.198576],[-122.711156,42.19852],[-122.710991,42.198497],[-122.710977,42.198553]]]}},{"type":"Feature","properties":{"id":"way/1122830047","building":"yes"},"geometry":{"type":"Polygon","coordinates":[[[-122.710763,42.198255],[-122.710871,42.198272],[-122.710894,42.19819],[-122.710786,42.198173],[-122.710763,42.198255]]]}},{"type":"Feature","properties":{"id":"way/1122830048","building":"yes"},"geometry":{"type":"Polygon","coordinates":[[[-122.712097,42.197781],[-122.71203,42.19789],[-122.712159,42.197933],[-122.712207,42.197855],[-122.712158,42.197839],[-122.712177,42.197808],[-122.712097,42.197781]]]}},{"type":"Feature","properties":{"id":"way/1122830049","building":"yes"},"geometry":{"type":"Polygon","coordinates":[[[-122.710256,42.198],[-122.710366,42.198018],[-122.710387,42.197948],[-122.710277,42.19793],[-122.710256,42.198]]]}},{"type":"Feature","properties":{"id":"way/1122830050","building":"yes"},"geometry":{"type":"Polygon","coordinates":[[[-122.711579,42.198244],[-122.711671,42.198271],[-122.711697,42.198225],[-122.711678,42.19822],[-122.711764,42.198063],[-122.71169,42.198041],[-122.711579,42.198244]]]}},{"type":"Feature","properties":{"id":"way/1122830053","building":"yes"},"geometry":{"type":"Polygon","coordinates":[[[-122.713799,42.200558],[-122.713934,42.200602],[-122.713986,42.200515],[-122.713898,42.200486],[-122.713918,42.200453],[-122.713871,42.200437],[-122.713799,42.200558]]]}},{"type":"Feature","properties":{"id":"way/1122830055","building":"yes"},"geometry":{"type":"Polygon","coordinates":[[[-122.713377,42.199943],[-122.713159,42.199884],[-122.713144,42.199914],[-122.713111,42.199905],[-122.713082,42.199965],[-122.713333,42.200033],[-122.713377,42.199943]]]}},{"type":"Feature","properties":{"id":"way/1122830057","building":"yes"},"geometry":{"type":"Polygon","coordinates":[[[-122.710519,42.19825],[-122.710493,42.198337],[-122.710634,42.19836],[-122.71066,42.198273],[-122.710519,42.19825]]]}},{"type":"Feature","properties":{"id":"way/1122830059","building":"yes"},"geometry":{"type":"Polygon","coordinates":[[[-122.714191,42.195092],[-122.714094,42.195081],[-122.71407,42.195197],[-122.714167,42.195208],[-122.714191,42.195092]]]}},{"type":"Feature","properties":{"id":"way/1122830062","building":"yes"},"geometry":{"type":"Polygon","coordinates":[[[-122.712789,42.198398],[-122.712668,42.198363],[-122.712585,42.198521],[-122.712706,42.198556],[-122.712789,42.198398]]]}},{"type":"Feature","properties":{"id":"way/1122830065","building":"yes"},"geometry":{"type":"Polygon","coordinates":[[[-122.714815,42.198992],[-122.714646,42.198937],[-122.714559,42.199084],[-122.714788,42.199158],[-122.714849,42.199055],[-122.71483,42.199049],[-122.714847,42.19902],[-122.714807,42.199007],[-122.714815,42.198992]]]}},{"type":"Feature","properties":{"id":"way/1122830068","building":"yes"},"geometry":{"type":"Polygon","coordinates":[[[-122.706822,42.19807],[-122.707078,42.19812],[-122.707106,42.198042],[-122.706955,42.198012],[-122.706979,42.197945],[-122.706962,42.197942],[-122.706995,42.197847],[-122.706908,42.19783],[-122.706822,42.19807]]]}},{"type":"Feature","properties":{"id":"way/1123033713","building":"yes"},"geometry":{"type":"Polygon","coordinates":[[[-122.708521,42.193038],[-122.708441,42.193],[-122.708406,42.193041],[-122.708485,42.193079],[-122.708521,42.193038]]]}},{"type":"Feature","properties":{"id":"way/1123033722","building":"yes"},"geometry":{"type":"Polygon","coordinates":[[[-122.711572,42.193075],[-122.711695,42.193076],[-122.711699,42.192906],[-122.711538,42.192904],[-122.711536,42.192979],[-122.711574,42.19298],[-122.711572,42.193075]]]}},{"type":"Feature","properties":{"id":"way/1123033728","building":"yes"},"geometry":{"type":"Polygon","coordinates":[[[-122.708491,42.193389],[-122.708465,42.193377],[-122.708387,42.193468],[-122.708478,42.193511],[-122.708501,42.193484],[-122.708526,42.193495],[-122.708598,42.193411],[-122.708576,42.193401],[-122.708612,42.193358],[-122.708544,42.193327],[-122.708491,42.193389]]]}},{"type":"Feature","properties":{"id":"way/1123033729","building":"yes"},"geometry":{"type":"Polygon","coordinates":[[[-122.712171,42.193477],[-122.712016,42.193353],[-122.711909,42.193426],[-122.712064,42.19355],[-122.712171,42.193477]]]}},{"type":"Feature","properties":{"id":"way/1123033730","building":"yes"},"geometry":{"type":"Polygon","coordinates":[[[-122.712817,42.19286],[-122.71282,42.192764],[-122.712608,42.192761],[-122.712605,42.192847],[-122.712681,42.192848],[-122.71268,42.192858],[-122.712817,42.19286]]]}},{"type":"Feature","properties":{"id":"way/1123033749","building":"yes"},"geometry":{"type":"Polygon","coordinates":[[[-122.710088,42.192793],[-122.710087,42.192883],[-122.710165,42.192883],[-122.710166,42.192794],[-122.710088,42.192793]]]}},{"type":"Feature","properties":{"id":"way/1123033751","building":"yes"},"geometry":{"type":"Polygon","coordinates":[[[-122.712258,42.19295],[-122.712367,42.192953],[-122.712371,42.192884],[-122.712262,42.19288],[-122.712258,42.19295]]]}},{"type":"Feature","properties":{"id":"way/1123033766","building":"yes"},"geometry":{"type":"Polygon","coordinates":[[[-122.708365,42.193252],[-122.708311,42.193235],[-122.70829,42.193272],[-122.708242,42.193257],[-122.708184,42.193359],[-122.708285,42.193391],[-122.708365,42.193252]]]}},{"type":"Feature","properties":{"id":"way/1123033779","building":"yes"},"geometry":{"type":"Polygon","coordinates":[[[-122.708809,42.193035],[-122.708903,42.193072],[-122.708997,42.192939],[-122.708902,42.192902],[-122.708809,42.193035]]]}},{"type":"Feature","properties":{"id":"way/1123033781","building":"yes"},"geometry":{"type":"Polygon","coordinates":[[[-122.710685,42.193111],[-122.710807,42.193112],[-122.710808,42.193036],[-122.710686,42.193035],[-122.710685,42.193111]]]}},{"type":"Feature","properties":{"id":"way/1123033799","building":"yes"},"geometry":{"type":"Polygon","coordinates":[[[-122.710854,42.193386],[-122.710841,42.193386],[-122.710839,42.193452],[-122.710969,42.193454],[-122.710973,42.193306],[-122.710856,42.193304],[-122.710854,42.193386]]]}},{"type":"Feature","properties":{"id":"way/1123033818","building":"yes"},"geometry":{"type":"Polygon","coordinates":[[[-122.708304,42.192721],[-122.708249,42.192784],[-122.708409,42.19286],[-122.708464,42.192797],[-122.708304,42.192721]]]}},{"type":"Feature","properties":{"id":"way/1123033840","building":"yes"},"geometry":{"type":"Polygon","coordinates":[[[-122.707104,42.193978],[-122.707106,42.193887],[-122.70694,42.193885],[-122.706938,42.193976],[-122.707104,42.193978]]]}},{"type":"Feature","properties":{"id":"way/1123033848","building":"yes"},"geometry":{"type":"Polygon","coordinates":[[[-122.714912,42.193941],[-122.714871,42.193813],[-122.714701,42.193843],[-122.714742,42.193971],[-122.714912,42.193941]]]}},{"type":"Feature","properties":{"id":"way/1123033867","building":"yes"},"geometry":{"type":"Polygon","coordinates":[[[-122.71101,42.192915],[-122.711012,42.192969],[-122.711056,42.192968],[-122.711059,42.193055],[-122.711196,42.193052],[-122.711195,42.193016],[-122.71122,42.193015],[-122.711218,42.192962],[-122.711154,42.192963],[-122.711153,42.192944],[-122.711116,42.192944],[-122.711115,42.192914],[-122.71101,42.192915]]]}},{"type":"Feature","properties":{"id":"way/1123033870","building":"yes"},"geometry":{"type":"Polygon","coordinates":[[[-122.712386,42.193653],[-122.712303,42.19373],[-122.712482,42.193835],[-122.712565,42.193757],[-122.712386,42.193653]]]}},{"type":"Feature","properties":{"id":"way/1123033880","building":"yes"},"geometry":{"type":"Polygon","coordinates":[[[-122.711169,42.193757],[-122.711166,42.193826],[-122.711224,42.193827],[-122.711226,42.193758],[-122.711169,42.193757]]]}},{"type":"Feature","properties":{"id":"way/1123033888","building":"yes"},"geometry":{"type":"Polygon","coordinates":[[[-122.709851,42.19295],[-122.709818,42.192936],[-122.709791,42.192973],[-122.709817,42.192983],[-122.70979,42.19302],[-122.70991,42.193069],[-122.710006,42.19294],[-122.709893,42.192893],[-122.709851,42.19295]]]}},{"type":"Feature","properties":{"id":"way/1123033924","building":"yes"},"geometry":{"type":"Polygon","coordinates":[[[-122.709097,42.193061],[-122.709041,42.193039],[-122.709001,42.193094],[-122.70917,42.193161],[-122.709256,42.193042],[-122.709143,42.192998],[-122.709097,42.193061]]]}},{"type":"Feature","properties":{"id":"way/1123033932","building":"yes"},"geometry":{"type":"Polygon","coordinates":[[[-122.710703,42.193299],[-122.710705,42.193414],[-122.710788,42.193413],[-122.710786,42.193299],[-122.710703,42.193299]]]}},{"type":"Feature","properties":{"id":"way/1123033933","building":"yes"},"geometry":{"type":"Polygon","coordinates":[[[-122.710691,42.192923],[-122.710492,42.192923],[-122.710493,42.192983],[-122.710455,42.192983],[-122.710455,42.193039],[-122.710512,42.193039],[-122.710512,42.193068],[-122.710587,42.193068],[-122.710587,42.193021],[-122.710691,42.19302],[-122.710691,42.192923]]]}},{"type":"Feature","properties":{"id":"way/1123033947","building":"yes"},"geometry":{"type":"Polygon","coordinates":[[[-122.714777,42.192997],[-122.714675,42.192963],[-122.714632,42.193034],[-122.714734,42.193068],[-122.714777,42.192997]]]}},{"type":"Feature","properties":{"id":"way/1123033948","building":"yes"},"geometry":{"type":"Polygon","coordinates":[[[-122.715018,42.193731],[-122.715015,42.193674],[-122.714924,42.193676],[-122.714926,42.193734],[-122.715018,42.193731]]]}},{"type":"Feature","properties":{"id":"way/1123033964","building":"yes"},"geometry":{"type":"Polygon","coordinates":[[[-122.712525,42.193866],[-122.712719,42.193952],[-122.712791,42.193865],[-122.712597,42.193778],[-122.712525,42.193866]]]}},{"type":"Feature","properties":{"id":"way/1123033967","building":"yes"},"geometry":{"type":"Polygon","coordinates":[[[-122.708647,42.193082],[-122.70855,42.193046],[-122.708521,42.193091],[-122.708618,42.193126],[-122.708647,42.193082]]]}},{"type":"Feature","properties":{"id":"way/1123033972","building":"yes"},"geometry":{"type":"Polygon","coordinates":[[[-122.709366,42.193269],[-122.709477,42.193307],[-122.709553,42.193187],[-122.709443,42.193149],[-122.709366,42.193269]]]}},{"type":"Feature","properties":{"id":"way/1123033981","building":"yes"},"geometry":{"type":"Polygon","coordinates":[[[-122.714399,42.193639],[-122.714271,42.193634],[-122.714265,42.193728],[-122.714104,42.193722],[-122.714098,42.193813],[-122.714156,42.193815],[-122.714153,42.193853],[-122.714326,42.193859],[-122.714336,42.19371],[-122.714394,42.193712],[-122.714399,42.193639]]]}},{"type":"Feature","properties":{"id":"way/1123033983","building":"yes"},"geometry":{"type":"Polygon","coordinates":[[[-122.7152,42.193105],[-122.715129,42.193022],[-122.71497,42.193096],[-122.715042,42.19318],[-122.7152,42.193105]]]}},{"type":"Feature","properties":{"id":"way/1123033991","building":"yes"},"geometry":{"type":"Polygon","coordinates":[[[-122.710608,42.192747],[-122.710607,42.19281],[-122.710708,42.192811],[-122.710709,42.192747],[-122.710608,42.192747]]]}},{"type":"Feature","properties":{"id":"way/1123034006","building":"yes"},"geometry":{"type":"Polygon","coordinates":[[[-122.708004,42.19312],[-122.707906,42.19324],[-122.708053,42.193306],[-122.708151,42.193187],[-122.708004,42.19312]]]}},{"type":"Feature","properties":{"id":"way/1123034009","building":"yes"},"geometry":{"type":"Polygon","coordinates":[[[-122.712124,42.193734],[-122.712069,42.193821],[-122.712289,42.193897],[-122.712344,42.193811],[-122.712124,42.193734]]]}},{"type":"Feature","properties":{"id":"way/1123034026","building":"yes"},"geometry":{"type":"Polygon","coordinates":[[[-122.707687,42.192866],[-122.707765,42.192902],[-122.707833,42.19282],[-122.707755,42.192785],[-122.707687,42.192866]]]}},{"type":"Feature","properties":{"id":"way/1123034041","building":"yes"},"geometry":{"type":"Polygon","coordinates":[[[-122.711486,42.193319],[-122.71129,42.193322],[-122.711292,42.19341],[-122.711488,42.193408],[-122.711486,42.193319]]]}},{"type":"Feature","properties":{"id":"way/1123034042","building":"yes"},"geometry":{"type":"Polygon","coordinates":[[[-122.713533,42.193066],[-122.713689,42.193169],[-122.713774,42.193098],[-122.71353,42.192937],[-122.713492,42.19297],[-122.713514,42.192985],[-122.713509,42.192989],[-122.713574,42.193032],[-122.713533,42.193066]]]}},{"type":"Feature","properties":{"id":"way/1123034064","building":"yes"},"geometry":{"type":"Polygon","coordinates":[[[-122.71071,42.193887],[-122.710839,42.193885],[-122.710837,42.193839],[-122.710803,42.19384],[-122.710801,42.193796],[-122.710707,42.193798],[-122.71071,42.193887]]]}},{"type":"Feature","properties":{"id":"way/1123034087","building":"yes"},"geometry":{"type":"Polygon","coordinates":[[[-122.709645,42.192936],[-122.709773,42.192984],[-122.70984,42.192886],[-122.709712,42.192837],[-122.709645,42.192936]]]}},{"type":"Feature","properties":{"id":"way/1123034097","building":"yes"},"geometry":{"type":"Polygon","coordinates":[[[-122.714932,42.193067],[-122.714831,42.193052],[-122.714812,42.193122],[-122.714912,42.193138],[-122.714932,42.193067]]]}},{"type":"Feature","properties":{"id":"way/1123034105","building":"yes"},"geometry":{"type":"Polygon","coordinates":[[[-122.708793,42.193229],[-122.7088,42.193232],[-122.708843,42.19319],[-122.708782,42.193155],[-122.708744,42.193192],[-122.708799,42.193223],[-122.708793,42.193229]]]}},{"type":"Feature","properties":{"id":"way/1123034124","building":"yes"},"geometry":{"type":"Polygon","coordinates":[[[-122.713546,42.193782],[-122.713736,42.193784],[-122.713738,42.193674],[-122.713548,42.193672],[-122.713546,42.193782]]]}},{"type":"Feature","properties":{"id":"way/1123034155","building":"yes"},"geometry":{"type":"Polygon","coordinates":[[[-122.71116,42.19359],[-122.710902,42.193587],[-122.710902,42.193619],[-122.711014,42.19362],[-122.711014,42.193642],[-122.711159,42.193644],[-122.71116,42.19359]]]}},{"type":"Feature","properties":{"id":"way/1123034158","building":"yes"},"geometry":{"type":"Polygon","coordinates":[[[-122.712232,42.193075],[-122.712238,42.193234],[-122.712353,42.193232],[-122.712348,42.193073],[-122.712232,42.193075]]]}},{"type":"Feature","properties":{"id":"way/1123034172","building":"yes"},"geometry":{"type":"Polygon","coordinates":[[[-122.709783,42.193314],[-122.709704,42.19344],[-122.709795,42.193472],[-122.709875,42.193345],[-122.709783,42.193314]]]}},{"type":"Feature","properties":{"id":"way/1123034176","building":"yes"},"geometry":{"type":"Polygon","coordinates":[[[-122.711104,42.193872],[-122.711106,42.193781],[-122.71102,42.19378],[-122.71102,42.193793],[-122.710879,42.193792],[-122.710877,42.193869],[-122.711104,42.193872]]]}},{"type":"Feature","properties":{"id":"way/1123034179","building":"yes"},"geometry":{"type":"Polygon","coordinates":[[[-122.708213,42.192819],[-122.708148,42.192893],[-122.708324,42.192978],[-122.708389,42.192904],[-122.708213,42.192819]]]}},{"type":"Feature","properties":{"id":"way/1123034194","building":"yes"},"geometry":{"type":"Polygon","coordinates":[[[-122.708622,42.193323],[-122.708694,42.193348],[-122.708741,42.193274],[-122.70867,42.193249],[-122.708622,42.193323]]]}},{"type":"Feature","properties":{"id":"way/1123034202","building":"yes"},"geometry":{"type":"Polygon","coordinates":[[[-122.709264,42.193083],[-122.709199,42.193173],[-122.709296,42.193212],[-122.709361,42.193122],[-122.709264,42.193083]]]}},{"type":"Feature","properties":{"id":"way/1123034242","building":"yes"},"geometry":{"type":"Polygon","coordinates":[[[-122.710511,42.193451],[-122.710623,42.193453],[-122.710624,42.193415],[-122.710589,42.193415],[-122.710591,42.193375],[-122.710548,42.193374],[-122.710549,42.193324],[-122.710437,42.193323],[-122.710434,42.193422],[-122.710511,42.193423],[-122.710511,42.193451]]]}},{"type":"Feature","properties":{"id":"way/1123034248","building":"yes"},"geometry":{"type":"Polygon","coordinates":[[[-122.711067,42.19333],[-122.711062,42.193475],[-122.711173,42.193477],[-122.711178,42.193332],[-122.711067,42.19333]]]}},{"type":"Feature","properties":{"id":"way/1123034257","building":"yes"},"geometry":{"type":"Polygon","coordinates":[[[-122.712187,42.193541],[-122.7121,42.193618],[-122.712217,42.19369],[-122.712222,42.193686],[-122.712281,42.193722],[-122.712363,42.193649],[-122.712187,42.193541]]]}},{"type":"Feature","properties":{"id":"way/1123034260","building":"yes"},"geometry":{"type":"Polygon","coordinates":[[[-122.712812,42.193308],[-122.712607,42.193306],[-122.712605,42.193404],[-122.712865,42.193407],[-122.712866,42.193366],[-122.712811,42.193366],[-122.712812,42.193308]]]}},{"type":"Feature","properties":{"id":"way/1123034266","building":"yes"},"geometry":{"type":"Polygon","coordinates":[[[-122.709809,42.193705],[-122.709832,42.193672],[-122.709747,42.19364],[-122.709703,42.193703],[-122.70982,42.193747],[-122.709841,42.193717],[-122.709809,42.193705]]]}},{"type":"Feature","properties":{"id":"way/1123034269","building":"yes"},"geometry":{"type":"Polygon","coordinates":[[[-122.709896,42.193509],[-122.709929,42.193522],[-122.709951,42.193491],[-122.710077,42.193539],[-122.710136,42.193454],[-122.709945,42.193381],[-122.709922,42.193414],[-122.709954,42.193426],[-122.709896,42.193509]]]}},{"type":"Feature","properties":{"id":"way/1123034293","building":"yes"},"geometry":{"type":"Polygon","coordinates":[[[-122.711781,42.193846],[-122.71192,42.193844],[-122.711918,42.193721],[-122.7118,42.193722],[-122.711801,42.193782],[-122.71178,42.193782],[-122.711781,42.193846]]]}},{"type":"Feature","properties":{"id":"way/1123034294","building":"yes"},"geometry":{"type":"Polygon","coordinates":[[[-122.715143,42.193847],[-122.715145,42.193754],[-122.714971,42.193752],[-122.714971,42.193738],[-122.714928,42.193737],[-122.714927,42.193795],[-122.71498,42.193795],[-122.714979,42.193845],[-122.715143,42.193847]]]}},{"type":"Feature","properties":{"id":"way/1123034311","building":"yes"},"geometry":{"type":"Polygon","coordinates":[[[-122.71261,42.193123],[-122.712767,42.193126],[-122.712769,42.193069],[-122.71283,42.19307],[-122.712832,42.193019],[-122.712746,42.193018],[-122.712745,42.193045],[-122.712613,42.193043],[-122.71261,42.193123]]]}},{"type":"Feature","properties":{"id":"way/1123034332","building":"yes"},"geometry":{"type":"Polygon","coordinates":[[[-122.707538,42.192785],[-122.707376,42.192972],[-122.707469,42.193016],[-122.707484,42.192999],[-122.707522,42.193017],[-122.707669,42.192847],[-122.707538,42.192785]]]}},{"type":"Feature","properties":{"id":"way/1123034342","building":"yes"},"geometry":{"type":"Polygon","coordinates":[[[-122.709489,42.192861],[-122.709558,42.192893],[-122.709576,42.192872],[-122.709605,42.192886],[-122.709693,42.192783],[-122.709594,42.192737],[-122.709489,42.192861]]]}},{"type":"Feature","properties":{"id":"way/1123034346","building":"yes"},"geometry":{"type":"Polygon","coordinates":[[[-122.713539,42.193738],[-122.713539,42.193699],[-122.713397,42.193645],[-122.71337,42.193683],[-122.713476,42.193727],[-122.713479,42.193739],[-122.713539,42.193738]]]}},{"type":"Feature","properties":{"id":"way/1123034351","building":"yes"},"geometry":{"type":"Polygon","coordinates":[[[-122.711792,42.193698],[-122.711918,42.193699],[-122.711921,42.193573],[-122.711786,42.193571],[-122.711785,42.193631],[-122.711793,42.193631],[-122.711792,42.193698]]]}},{"type":"Feature","properties":{"id":"way/1123034383","building":"yes"},"geometry":{"type":"Polygon","coordinates":[[[-122.710109,42.193691],[-122.709911,42.193689],[-122.70991,42.193735],[-122.709954,42.193736],[-122.709953,42.193778],[-122.710107,42.19378],[-122.710109,42.193691]]]}},{"type":"Feature","properties":{"id":"way/1123034407","building":"yes"},"geometry":{"type":"Polygon","coordinates":[[[-122.709197,42.193676],[-122.709096,42.193624],[-122.708973,42.193756],[-122.709075,42.193808],[-122.709197,42.193676]]]}},{"type":"Feature","properties":{"id":"way/1123034411","building":"yes"},"geometry":{"type":"Polygon","coordinates":[[[-122.711546,42.193901],[-122.711549,42.193774],[-122.711446,42.193773],[-122.711443,42.1939],[-122.711546,42.193901]]]}},{"type":"Feature","properties":{"id":"way/1123034413","building":"yes"},"geometry":{"type":"Polygon","coordinates":[[[-122.709927,42.19356],[-122.70984,42.193531],[-122.7098,42.193598],[-122.709888,42.193627],[-122.709927,42.19356]]]}},{"type":"Feature","properties":{"id":"way/1123034424","building":"yes"},"geometry":{"type":"Polygon","coordinates":[[[-122.709585,42.193374],[-122.709673,42.193414],[-122.709761,42.193308],[-122.709657,42.193261],[-122.709607,42.193321],[-122.709623,42.193328],[-122.709585,42.193374]]]}},{"type":"Feature","properties":{"id":"way/1123034428","building":"yes"},"geometry":{"type":"Polygon","coordinates":[[[-122.711661,42.193768],[-122.711603,42.193767],[-122.711599,42.193941],[-122.711713,42.193942],[-122.711716,42.193809],[-122.71166,42.193808],[-122.711661,42.193768]]]}},{"type":"Feature","properties":{"id":"way/1123034448","building":"yes"},"geometry":{"type":"Polygon","coordinates":[[[-122.711519,42.192748],[-122.711517,42.192868],[-122.711604,42.192868],[-122.711606,42.192748],[-122.711519,42.192748]]]}},{"type":"Feature","properties":{"id":"way/1123034453","building":"yes"},"geometry":{"type":"Polygon","coordinates":[[[-122.712066,42.192974],[-122.712256,42.192969],[-122.712252,42.19288],[-122.712062,42.192885],[-122.712066,42.192974]]]}},{"type":"Feature","properties":{"id":"way/1123034455","building":"yes"},"geometry":{"type":"Polygon","coordinates":[[[-122.709672,42.193602],[-122.709632,42.193652],[-122.709699,42.193682],[-122.70974,42.193632],[-122.709672,42.193602]]]}},{"type":"Feature","properties":{"id":"way/1123034462","building":"yes"},"geometry":{"type":"Polygon","coordinates":[[[-122.71305,42.193743],[-122.713099,42.193691],[-122.712957,42.193618],[-122.712852,42.193731],[-122.713,42.193806],[-122.713055,42.193746],[-122.71305,42.193743]]]}},{"type":"Feature","properties":{"id":"way/1123034471","building":"yes"},"geometry":{"type":"Polygon","coordinates":[[[-122.70878,42.193683],[-122.708881,42.193727],[-122.709048,42.193518],[-122.708946,42.193474],[-122.70878,42.193683]]]}},{"type":"Feature","properties":{"id":"way/1123034486","building":"yes"},"geometry":{"type":"Polygon","coordinates":[[[-122.708563,42.193572],[-122.708654,42.193617],[-122.708689,42.193578],[-122.708712,42.193589],[-122.708791,42.193501],[-122.708676,42.193445],[-122.708563,42.193572]]]}},{"type":"Feature","properties":{"id":"way/1123034491","building":"yes"},"geometry":{"type":"Polygon","coordinates":[[[-122.707398,42.19289],[-122.707387,42.192884],[-122.707424,42.192844],[-122.707345,42.192802],[-122.707256,42.192897],[-122.707347,42.192944],[-122.707398,42.19289]]]}},{"type":"Feature","properties":{"id":"way/1123034493","building":"yes"},"geometry":{"type":"Polygon","coordinates":[[[-122.710017,42.192991],[-122.709935,42.193086],[-122.7101,42.193164],[-122.710133,42.193125],[-122.710109,42.193114],[-122.710135,42.193084],[-122.7101,42.193068],[-122.710145,42.193016],[-122.710075,42.192983],[-122.710053,42.193008],[-122.710017,42.192991]]]}},{"type":"Feature","properties":{"id":"way/1123034497","building":"yes"},"geometry":{"type":"Polygon","coordinates":[[[-122.710388,42.193737],[-122.710607,42.193741],[-122.71061,42.193646],[-122.710391,42.193642],[-122.710388,42.193737]]]}},{"type":"Feature","properties":{"id":"way/1123034510","building":"yes","name":"Ayurveda"},"geometry":{"type":"Polygon","coordinates":[[[-122.707622,42.193733],[-122.707691,42.193761],[-122.707682,42.193773],[-122.707804,42.193822],[-122.707902,42.193688],[-122.707793,42.193644],[-122.70781,42.19362],[-122.70773,42.193588],[-122.707622,42.193733]]]}},{"type":"Feature","properties":{"id":"way/1123034511","building":"yes"},"geometry":{"type":"Polygon","coordinates":[[[-122.709345,42.192796],[-122.709454,42.192836],[-122.709546,42.192698],[-122.709438,42.192658],[-122.709345,42.192796]]]}},{"type":"Feature","properties":{"id":"way/1123034513","building":"yes"},"geometry":{"type":"Polygon","coordinates":[[[-122.707642,42.192913],[-122.707528,42.193046],[-122.707629,42.193093],[-122.707743,42.192961],[-122.707642,42.192913]]]}},{"type":"Feature","properties":{"id":"way/1123034516","building":"yes"},"geometry":{"type":"Polygon","coordinates":[[[-122.714445,42.193736],[-122.714448,42.193831],[-122.714588,42.193828],[-122.714585,42.193733],[-122.714445,42.193736]]]}},{"type":"Feature","properties":{"id":"way/1123034518","building":"yes"},"geometry":{"type":"Polygon","coordinates":[[[-122.711412,42.193953],[-122.71146,42.193954],[-122.711462,42.193906],[-122.711414,42.193905],[-122.711412,42.193953]]]}},{"type":"Feature","properties":{"id":"way/1123034574","building":"yes"},"geometry":{"type":"Polygon","coordinates":[[[-122.711256,42.193708],[-122.711254,42.193853],[-122.711359,42.193854],[-122.711362,42.193709],[-122.711256,42.193708]]]}},{"type":"Feature","properties":{"id":"way/1123034584","building":"yes"},"geometry":{"type":"Polygon","coordinates":[[[-122.708417,42.193101],[-122.70834,42.193068],[-122.708317,42.193096],[-122.708395,42.19313],[-122.708417,42.193101]]]}},{"type":"Feature","properties":{"id":"way/1123034613","building":"yes"},"geometry":{"type":"Polygon","coordinates":[[[-122.710424,42.192747],[-122.710422,42.192826],[-122.710446,42.192827],[-122.710446,42.192861],[-122.71058,42.192862],[-122.710582,42.192749],[-122.710424,42.192747]]]}},{"type":"Feature","properties":{"id":"way/1123034629","building":"yes"},"geometry":{"type":"Polygon","coordinates":[[[-122.71549,42.193594],[-122.715389,42.193606],[-122.715402,42.193669],[-122.715326,42.193677],[-122.715329,42.193691],[-122.715266,42.193698],[-122.715285,42.193787],[-122.715477,42.193765],[-122.715465,42.193709],[-122.715513,42.193704],[-122.71549,42.193594]]]}},{"type":"Feature","properties":{"id":"way/1123034649","building":"yes"},"geometry":{"type":"Polygon","coordinates":[[[-122.713796,42.193997],[-122.713662,42.193938],[-122.713672,42.193926],[-122.713575,42.193883],[-122.713478,42.194004],[-122.713709,42.194106],[-122.713796,42.193997]]]}},{"type":"Feature","properties":{"id":"way/1123034650","building":"yes"},"geometry":{"type":"Polygon","coordinates":[[[-122.708797,42.192838],[-122.708691,42.192789],[-122.70859,42.192908],[-122.708695,42.192957],[-122.708797,42.192838]]]}},{"type":"Feature","properties":{"id":"way/1123034655","building":"yes"},"geometry":{"type":"Polygon","coordinates":[[[-122.714598,42.19304],[-122.714404,42.192985],[-122.714356,42.193077],[-122.71455,42.193132],[-122.714598,42.19304]]]}},{"type":"Feature","properties":{"id":"way/1123034690","building":"yes"},"geometry":{"type":"Polygon","coordinates":[[[-122.707163,42.192611],[-122.707012,42.192799],[-122.70708,42.192829],[-122.707182,42.192703],[-122.70723,42.192724],[-122.707125,42.192855],[-122.7072,42.192888],[-122.707347,42.192705],[-122.70728,42.192675],[-122.707309,42.192639],[-122.707266,42.19262],[-122.707244,42.192647],[-122.707163,42.192611]]]}},{"type":"Feature","properties":{"id":"way/1123034694","building":"yes"},"geometry":{"type":"Polygon","coordinates":[[[-122.710587,42.193896],[-122.710588,42.193806],[-122.710421,42.193805],[-122.710421,42.193895],[-122.710587,42.193896]]]}},{"type":"Feature","properties":{"id":"way/1123034703","building":"yes"},"geometry":{"type":"Polygon","coordinates":[[[-122.707662,42.193946],[-122.707544,42.193946],[-122.707544,42.193964],[-122.707493,42.193964],[-122.707492,42.194083],[-122.707661,42.194084],[-122.707662,42.193946]]]}},{"type":"Feature","properties":{"id":"way/1123034712","building":"yes"},"geometry":{"type":"Polygon","coordinates":[[[-122.71066,42.193555],[-122.710658,42.193475],[-122.710436,42.193478],[-122.710438,42.193558],[-122.71066,42.193555]]]}},{"type":"Feature","properties":{"id":"way/1123034713","building":"yes"},"geometry":{"type":"Polygon","coordinates":[[[-122.711736,42.193516],[-122.711623,42.193425],[-122.71152,42.193496],[-122.711633,42.193586],[-122.711736,42.193516]]]}},{"type":"Feature","properties":{"id":"way/1123034728","building":"yes"},"geometry":{"type":"Polygon","coordinates":[[[-122.713148,42.193773],[-122.713406,42.193896],[-122.713449,42.193846],[-122.713192,42.193723],[-122.713148,42.193773]]]}},{"type":"Feature","properties":{"id":"way/1123034738","building":"yes"},"geometry":{"type":"Polygon","coordinates":[[[-122.708315,42.193089],[-122.708244,42.193042],[-122.708216,42.193065],[-122.708287,42.193112],[-122.708315,42.193089]]]}},{"type":"Feature","properties":{"id":"way/1123034767","building":"yes"},"geometry":{"type":"Polygon","coordinates":[[[-122.712783,42.193162],[-122.712615,42.193163],[-122.712616,42.193262],[-122.712784,42.193261],[-122.712783,42.193162]]]}},{"type":"Feature","properties":{"id":"way/1123034775","building":"yes"},"geometry":{"type":"Polygon","coordinates":[[[-122.710615,42.193824],[-122.710614,42.19386],[-122.710612,42.19386],[-122.710611,42.193889],[-122.710675,42.19389],[-122.710677,42.193825],[-122.710615,42.193824]]]}},{"type":"Feature","properties":{"id":"way/1123034790","building":"yes"},"geometry":{"type":"Polygon","coordinates":[[[-122.712604,42.193965],[-122.712401,42.193886],[-122.712345,42.193964],[-122.71241,42.19399],[-122.712395,42.194011],[-122.712534,42.194065],[-122.712604,42.193965]]]}},{"type":"Feature","properties":{"id":"way/1170437273","access":"customers","amenity":"parking","covered":"no","fee":"yes","parking":"surface"},"geometry":{"type":"Polygon","coordinates":[[[-122.716623,42.199558],[-122.716227,42.199823],[-122.716066,42.199765],[-122.716209,42.19956],[-122.716301,42.199418],[-122.716461,42.199476],[-122.716518,42.199451],[-122.716623,42.199558]]]}},{"type":"Feature","properties":{"id":"way/1181490882","highway":"residential","lanes":"2","name":"Fork Street","surface":"asphalt","tiger:cfcc":"A41","tiger:name_base":"Fork","tiger:name_type":"St","tiger:reviewed":"no"},"geometry":{"type":"LineString","coordinates":[[-122.714607,42.194742],[-122.714615,42.195675],[-122.714638,42.195781]]}},{"type":"Feature","properties":{"id":"way/1181490883","highway":"residential","name":"Glenview Drive","surface":"paved"},"geometry":{"type":"LineString","coordinates":[[-122.71273,42.193516],[-122.712347,42.19351]]}},{"type":"Feature","properties":{"id":"way/1214914300","alt_name":"Rouge Valley Highway #63","cycleway:left":"lane","cycleway:right":"lane","highway":"primary","lanes":"3","lanes:backward":"1","lanes:both_ways":"1","lanes:forward":"1","maxspeed":"25 mph","name":"North Main Street","old_name":"Pacific Highway","old_ref":"US 99","operator":"Oregon Department of Transportation","ref":"OR 99","surface":"asphalt"},"geometry":{"type":"LineString","coordinates":[[-122.719448,42.202949],[-122.719352,42.202779],[-122.718835,42.201941],[-122.718591,42.201532],[-122.718558,42.201476],[-122.71845,42.20133],[-122.718362,42.201227],[-122.718153,42.200985],[-122.718107,42.200931],[-122.717891,42.200679],[-122.717635,42.20038]]}},{"type":"Feature","properties":{"id":"way/1250948402","alt_name":"Rouge Valley Highway #63","highway":"primary","lanes":"2","maxspeed":"20 mph","name":"Lithia Way","old_ref":"US 99","oneway":"yes","operator":"Oregon Department of Transportation","ref":"OR 99","source:maxspeed":"sign","surface":"asphalt"},"geometry":{"type":"LineString","coordinates":[[-122.716377,42.199043],[-122.716467,42.199106],[-122.716531,42.199154],[-122.716615,42.199213],[-122.716718,42.199283]]}},{"type":"Feature","properties":{"id":"way/1250948403","alt_name":"Rouge Valley Highway #63","highway":"primary","lanes":"2","maxspeed":"20 mph","name":"North Main Street","old_ref":"US 99","oneway":"yes","operator":"Oregon Department of Transportation","ref":"OR 99","surface":"asphalt"},"geometry":{"type":"LineString","coordinates":[[-122.716365,42.198827],[-122.716177,42.198606],[-122.715884,42.19823]]}},{"type":"Feature","properties":{"id":"way/1250948404","alt_name":"Rouge Valley Highway #63","highway":"primary","lanes":"4","maxspeed":"25 mph","name":"North Main Street","old_name":"Pacific Highway","old_ref":"US 99","operator":"Oregon Department of Transportation","ref":"OR 99","surface":"asphalt"},"geometry":{"type":"LineString","coordinates":[[-122.716775,42.199352],[-122.716718,42.199283]]}},{"type":"Feature","properties":{"id":"way/1251326360","building":"yes","amenity":"bicycle_parking"},"geometry":{"type":"Polygon","coordinates":[[[-122.711634,42.198521],[-122.711624,42.198539],[-122.71159,42.198529],[-122.7116,42.198511],[-122.711634,42.198521]]]}},{"type":"Feature","properties":{"id":"way/1270951936","building":"yes","name":"Nama","amenity":"restaurant"},"geometry":{"type":"Polygon","coordinates":[[[-122.713113,42.197018],[-122.712992,42.19697],[-122.713047,42.196904],[-122.713168,42.196961],[-122.713113,42.197018]]]}},{"type":"Feature","properties":{"id":"way/1270951937","building":"yes","name":"MÄS","amenity":"restaurant"},"geometry":{"type":"Polygon","coordinates":[[[-122.713168,42.196961],[-122.713047,42.196904],[-122.713108,42.196832],[-122.713233,42.196894],[-122.713168,42.196961]]]}},{"type":"Feature","properties":{"id":"way/1374950746","alt_name":"Rouge Valley Highway #63","highway":"primary","lanes":"3","maxspeed":"20 mph","name":"East Main Street","old_ref":"US 99","oneway":"yes","operator":"Oregon Department of Transportation","ref":"OR 99","surface":"asphalt"},"geometry":{"type":"LineString","coordinates":[[-122.714565,42.197079],[-122.714459,42.197009],[-122.714311,42.196906],[-122.714134,42.196818],[-122.714004,42.19675],[-122.713934,42.196716],[-122.713868,42.19668],[-122.713006,42.196226],[-122.712846,42.196141],[-122.712796,42.196115]]}},{"type":"Feature","properties":{"id":"way/1374950747","alt_name":"Rouge Valley Highway #63","highway":"primary","lanes":"3","maxspeed":"20 mph","name":"East Main Street","old_ref":"US 99","oneway":"yes","operator":"Oregon Department of Transportation","ref":"OR 99","surface":"asphalt"},"geometry":{"type":"LineString","coordinates":[[-122.712796,42.196115],[-122.712554,42.195985],[-122.712475,42.195942]]}},{"type":"Feature","properties":{"id":"way/1374950749","cycleway:right":"lane","highway":"primary","lanes":"2","maxspeed":"20 mph","name":"Siskiyou Boulevard","old_ref":"US 99","oneway":"yes","operator":"City of Ashland","ref":"OR 99","source:maxspeed":"sign","surface":"asphalt"},"geometry":{"type":"LineString","coordinates":[[-122.709824,42.194435],[-122.709657,42.194319],[-122.709594,42.194281],[-122.709516,42.194233]]}},{"type":"Feature","properties":{"id":"way/1445914975","amenity":"parking","parking":"surface","surface":"asphalt"},"geometry":{"type":"Polygon","coordinates":[[[-122.716844,42.198428],[-122.716746,42.198469],[-122.716658,42.198506],[-122.716779,42.198668],[-122.716781,42.198723],[-122.716782,42.198746],[-122.716803,42.198783],[-122.716985,42.198707],[-122.716957,42.198665],[-122.717007,42.198642],[-122.716844,42.198428]]]}},{"type":"Feature","properties":{"id":"way/1473803623","highway":"unclassified","name":"Water Street"},"geometry":{"type":"LineString","coordinates":[[-122.715442,42.198175],[-122.715559,42.198],[-122.715581,42.197956],[-122.715591,42.197885]]}},{"type":"Feature","properties":{"id":"way/1473803624","alt_name":"Rouge Valley Highway #63","highway":"primary","lanes":"2","maxspeed":"20 mph","name":"East Main Street","old_ref":"US 99","oneway":"yes","operator":"Oregon Department of Transportation","ref":"OR 99","surface":"asphalt"},"geometry":{"type":"LineString","coordinates":[[-122.715526,42.19782],[-122.715423,42.197726],[-122.715195,42.197525],[-122.714978,42.197363],[-122.714865,42.197278],[-122.714658,42.197138],[-122.714565,42.197079]]}},{"type":"Feature","properties":{"id":"way/1473803627","highway":"unclassified","name":"North Main Street","oneway":"yes"},"geometry":{"type":"LineString","coordinates":[[-122.715587,42.1978],[-122.715585,42.197745],[-122.715565,42.197451],[-122.715562,42.197403],[-122.715524,42.197086],[-122.715518,42.19699],[-122.715453,42.196919]]}},{"type":"Feature","properties":{"id":"way/1524985518","building":"yes","name":"Taqueria Picaro","amenity":"restaurant"},"geometry":{"type":"Polygon","coordinates":[[[-122.713709,42.196857],[-122.713509,42.196791],[-122.713403,42.196902],[-122.713618,42.197019],[-122.713709,42.196857]]]}},{"type":"Feature","properties":{"id":"relation/12871376","area":"yes","highway":"pedestrian","type":"multipolygon"},"geometry":{"type":"LineString","coordinates":[[-122.71477,42.196414],[-122.714766,42.196378],[-122.714788,42.196376],[-122.714799,42.196367],[-122.714808,42.196357],[-122.714764,42.196361],[-122.714761,42.196351],[-122.714818,42.196347],[-122.71482,42.196345],[-122.714851,42.196341],[-122.714851,42.19633],[-122.714862,42.196278],[-122.714831,42.19627],[-122.714803,42.196256],[-122.714783,42.196245],[-122.714757,42.196228],[-122.714734,42.196207],[-122.714718,42.196192],[-122.714722,42.196191],[-122.714711,42.196173],[-122.714661,42.196188],[-122.714655,42.196179],[-122.714648,42.196165],[-122.71464,42.196146],[-122.714635,42.196131],[-122.714633,42.196122],[-122.714631,42.196111],[-122.714629,42.196098],[-122.714641,42.196087],[-122.714651,42.196079],[-122.714663,42.196067],[-122.714675,42.19605],[-122.71469,42.196054],[-122.714692,42.196042],[-122.714696,42.196027],[-122.7147,42.196013],[-122.714719,42.195976],[-122.714738,42.195951],[-122.714769,42.195923],[-122.714798,42.195902],[-122.714835,42.195883],[-122.714864,42.195869],[-122.714891,42.195853],[-122.714886,42.19579],[-122.714904,42.195789],[-122.714904,42.195786],[-122.714985,42.195783],[-122.714985,42.195788],[-122.715023,42.195787],[-122.715027,42.195848],[-122.715071,42.195853],[-122.715108,42.195862],[-122.715147,42.195877],[-122.715187,42.1959],[-122.715214,42.195916],[-122.715232,42.195931],[-122.715254,42.195949],[-122.715271,42.195971],[-122.715307,42.195958],[-122.715341,42.195946],[-122.715314,42.195916],[-122.715279,42.195882],[-122.715216,42.195842],[-122.715148,42.195814],[-122.715102,42.195797],[-122.715072,42.195777],[-122.715046,42.195757],[-122.715011,42.195744],[-122.714981,42.19574],[-122.714882,42.195741],[-122.714875,42.195752],[-122.71486,42.195773],[-122.714806,42.19582],[-122.714751,42.195873],[-122.71472,42.195915],[-122.7147,42.195965],[-122.714683,42.196005],[-122.714666,42.196029],[-122.714632,42.196064],[-122.714543,42.196144],[-122.714532,42.196138],[-122.714522,42.196149],[-122.714496,42.196149],[-122.714453,42.196196],[-122.714418,42.196232],[-122.714417,42.196237],[-122.714421,42.196247],[-122.714422,42.196252],[-122.714419,42.196256],[-122.714402,42.196275],[-122.714297,42.19639],[-122.714473,42.196479],[-122.714494,42.196476],[-122.714564,42.196509],[-122.71458,42.196509],[-122.71458,42.196512],[-122.714585,42.196512],[-122.714587,42.196534],[-122.714625,42.196533],[-122.714625,42.196535],[-122.71463,42.196535],[-122.71463,42.196539],[-122.714624,42.196539],[-122.714626,42.196552],[-122.71465,42.196551],[-122.71465,42.196554],[-122.714661,42.196554],[-122.714662,42.196572],[-122.714616,42.196574],[-122.714613,42.196575],[-122.714605,42.196588],[-122.714609,42.196605],[-122.714633,42.196603],[-122.714646,42.196596],[-122.714655,42.196584],[-122.714686,42.196582],[-122.714693,42.196631],[-122.714716,42.196653],[-122.714752,42.196663],[-122.714744,42.19668],[-122.71481,42.196697],[-122.714819,42.196684],[-122.714878,42.196717],[-122.714869,42.196734],[-122.714755,42.196957],[-122.714769,42.196961],[-122.714783,42.196964],[-122.714897,42.196743],[-122.714901,42.196734],[-122.714911,42.196715],[-122.714796,42.196649],[-122.714786,42.196658],[-122.714723,42.196622],[-122.714718,42.196578],[-122.714731,42.196577],[-122.714718,42.196488],[-122.714728,42.196477],[-122.714729,42.196467],[-122.714721,42.196467],[-122.714722,42.196463],[-122.714744,42.196462],[-122.714743,42.196448],[-122.71476,42.196447],[-122.714771,42.196436],[-122.714764,42.196436],[-122.714763,42.196429],[-122.714778,42.196429],[-122.71478,42.196426],[-122.714774,42.196427],[-122.714774,42.196422],[-122.714769,42.196422],[-122.714768,42.196414],[-122.71477,42.196414]]}},{"type":"Feature","properties":{"id":"relation/12871386","building":"yes","name":"Allen Elizabethan Theatre","amenity":"theatre"},"geometry":{"type":"Polygon","coordinates":[[[-122.714995,42.196257],[-122.714903,42.196249],[-122.714894,42.196252],[-122.714885,42.196253],[-122.714876,42.196252],[-122.714867,42.19625],[-122.714819,42.196222],[-122.714833,42.196207],[-122.714802,42.19615],[-122.714805,42.196087],[-122.714835,42.196024],[-122.714889,42.195972],[-122.7149,42.195965],[-122.71489,42.195951],[-122.714923,42.195935],[-122.714938,42.195949],[-122.714962,42.195935],[-122.715044,42.195918],[-122.715128,42.195926],[-122.715142,42.195914],[-122.7152,42.195946],[-122.715199,42.195966],[-122.715234,42.196033],[-122.715255,42.196034],[-122.715259,42.196064],[-122.715319,42.19609],[-122.715313,42.196097],[-122.715376,42.196132],[-122.715354,42.196156],[-122.715367,42.196235],[-122.715313,42.196292],[-122.715311,42.196292],[-122.715306,42.196297],[-122.715295,42.196307],[-122.715188,42.196318],[-122.715176,42.196329],[-122.715121,42.196297],[-122.715122,42.196296],[-122.715094,42.196279],[-122.715091,42.196281],[-122.715098,42.196285],[-122.715086,42.196295],[-122.715077,42.19629],[-122.715067,42.196285],[-122.715046,42.19627],[-122.715003,42.196271],[-122.714995,42.196257]]]}},{"type":"Feature","properties":{"id":"relation/12871397","area":"yes","highway":"pedestrian","type":"multipolygon"},"geometry":{"type":"LineString","coordinates":[[-122.718529,42.193577],[-122.718546,42.193549],[-122.718566,42.193516],[-122.718619,42.193519],[-122.718635,42.193528],[-122.718655,42.193541],[-122.718667,42.193568],[-122.718657,42.19359],[-122.71863,42.193605],[-122.718577,42.193605],[-122.71857,42.193601],[-122.718529,42.193577]]}}]}
